transmission,model,Year of Manufacture,City,Fuel Type,bt,Ownership,Kms Driven,Engine Type
Manual,Maruti Celerio,2015.0,Bangalore,Petrol,Hatchback,Third Owner,120000.0,K10B Engine
Manual,Ford Ecosport,2018.0,Bangalore,Petrol,SUV,Second Owner,32706.0,Ti-VCT Petrol Engine
Manual,Tata Tiago,2018.0,Bangalore,Petrol,Hatchback,First Owner,11949.0,Revotron Engine
Manual,Hyundai Xcent,2014.0,Bangalore,Petrol,Sedan,First Owner,17794.0,Kappa VTVT Petrol Engine
Manual,Maruti SX4 S Cross,2015.0,Bangalore,Diesel,SUV,First Owner,60000.0,DDiS 200 Diesel Engine
Manual,Jeep Compass,2020.0,Bangalore,Diesel,SUV,First Owner,20000.0,2.0-Litre 4-Cyl Multijet II Engine
Manual,Datsun GO,2017.0,Bangalore,Petrol,Hatchback,First Owner,37772.0,Petrol Engine
Automatic,Hyundai Venue,2021.0,Bangalore,Petrol,SUV,First Owner,30000.0,
Automatic,Maruti Ciaz,2018.0,Bangalore,Petrol,Sedan,First Owner,37000.0,k15B VVT Engine
Manual,Tata Tiago,2017.0,Bangalore,Petrol,Hatchback,First Owner,11949.0,Revotron Engine
Manual,Maruti Baleno,2018.0,Bangalore,Petrol,Hatchback,First Owner,50000.0,VVT Petrol Engine
Automatic,Hyundai Grand i10,2019.0,Bangalore,Petrol,Hatchback,First Owner,24887.0,Kappa VTVT Petrol Engine
Automatic,Honda Jazz,2018.0,Bangalore,Petrol,Hatchback,First Owner,23000.0,i-VTEC Petrol Engine
Automatic,Tata Tiago,2018.0,Bangalore,Petrol,Hatchback,First Owner,48928.0,Revotron Engine
Manual,Mahindra XUV500,2014.0,Bangalore,Diesel,SUV,Third Owner,108862.0,mHawk Diesel Engine
Manual,Jeep Compass,2018.0,Bangalore,Diesel,SUV,First Owner,80000.0,2.0-Litre 4-Cyl Multijet II Engine
Automatic,Mercedes-Benz GLA,2022.0,Bangalore,Diesel,SUV,First Owner,16000.0,
Manual,Hyundai i20,2014.0,Bangalore,Diesel,Hatchback,Second Owner,65376.0,U2 CRDI Diesel Engine
Manual,Tata Nexon,2022.0,Bangalore,Petrol,SUV,First Owner,10000.0,1.2l Turbocharged Revotron Engine
Manual,Honda City,2016.0,Bangalore,Petrol,Sedan,Second Owner,67000.0,i VTEC Engine
Automatic,BMW 5 Series,2011.0,Bangalore,Diesel,Sedan,Third Owner,100000.0,In-Line Engine
Manual,Maruti Swift,2016.0,Bangalore,Petrol,Hatchback,First Owner,18083.0,K Series Dual jet
Manual,Renault Duster,2020.0,Bangalore,Petrol,SUV,First Owner,30000.0,1.5L Petrol
Manual,Tata Tiago,2016.0,Bangalore,Petrol,Hatchback,Second Owner,57634.0,Revotron Engine
Automatic,Mercedes-Benz S-Class,2016.0,Bangalore,Petrol,Sedan,Second Owner,50000.0,V-Type Petrol Engine
Manual,Honda City,2015.0,Bangalore,Petrol,Sedan,First Owner,110000.0,i VTEC Engine
Automatic,Hyundai Santro,2018.0,Bangalore,Petrol,Hatchback,First Owner,23447.0,1.1 litre Petrol Engine
Manual,Hyundai Santro Xing,2009.0,Bangalore,LPG,Hatchback,Second Owner,30000.0,Bifuel Engine
Automatic,Mercedes-Benz E-Class,2017.0,Bangalore,Petrol,Sedan,First Owner,33000.0,In-Line Petrol Engine
Manual,Mahindra XUV500,2014.0,Bangalore,Diesel,SUV,Second Owner,87667.0,mHawk Diesel Engine
Automatic,Audi A4,2016.0,Bangalore,Diesel,Sedan,Second Owner,40000.0,TDI Diesel Engine
Manual,Mahindra XUV500,2014.0,Bangalore,Diesel,SUV,Second Owner,79012.0,mHawk Diesel Engine
Manual,Jeep Compass,2021.0,Bangalore,Diesel,SUV,First Owner,31344.0,2.0L Multijet Diesel
Manual,Hyundai Xcent,2018.0,Bangalore,Petrol,Sedan,First Owner,50000.0,1.2L Kappa Dual VTVT Petrol
Manual,Maruti Wagon R,2015.0,Bangalore,Petrol,Hatchback,First Owner,12434.0,K10B Petrol Engine
Manual,Maruti Ertiga,2019.0,Bangalore,Petrol,MUV,Second Owner,60000.0,K15 Smart Hybrid
Automatic,Mercedes-Benz C-Class,2019.0,Bangalore,Diesel,Sedan,First Owner,12000.0,In-Line Engine
Manual,Maruti Wagon R,2015.0,Bangalore,Petrol,Hatchback,Second Owner,40987.0,K10B Petrol Engine
Automatic,BMW 5 Series,2020.0,Bangalore,Petrol,Sedan,First Owner,18157.0,TwinPower Turbo Inline 4 Cylinder Engine
Manual,Toyota Fortuner,2011.0,Bangalore,Diesel,SUV,Third Owner,120000.0,4 Cylinders In-line
Automatic,Renault Duster,2020.0,Bangalore,Diesel,SUV,Second Owner,40000.0,
Manual,Hyundai i20,2016.0,Bangalore,Petrol,Hatchback,First Owner,89667.0,Kappa VTVT Petrol Engine
Manual,Hyundai i20,2017.0,Bangalore,Diesel,Hatchback,First Owner,120000.0,U2 CRDI Diesel Engine
Manual,Maruti Baleno,2017.0,Bangalore,Petrol,Hatchback,First Owner,56997.0,VVT Petrol Engine
Manual,Hyundai Elantra,2013.0,Bangalore,Petrol,Sedan,First Owner,120000.0,Dual VTVT Petrol Engine
Automatic,Audi A6,2015.0,Bangalore,Diesel,Sedan,First Owner,59000.0,In Line Diesel Engine
Manual,Maruti Alto 800,2021.0,Bangalore,Petrol,Hatchback,First Owner,18835.0,F8D Petrol Engine
Manual,Mahindra Scorpio,2010.0,Bangalore,Diesel,SUV,Second Owner,120000.0,mHawk CRDe Engine
Automatic,Mini 3 DOOR,2016.0,Bangalore,Petrol,Hatchback,First Owner,40000.0,Petrol Engine
Manual,Tata Tiago,2019.0,Bangalore,Petrol,Hatchback,First Owner,60932.0,Revotron Engine
Automatic,Kia Seltos,2020.0,Bangalore,Petrol,SUV,Second Owner,33539.0,Smartstream G1.4
Manual,Tata Tiago,2018.0,Bangalore,Petrol,Hatchback,Second Owner,66837.0,Revotron Engine
Automatic,Mercedes-Benz E-Class,2022.0,Bangalore,Diesel,Sedan,First Owner,400.0,3.0 L in-line 6 cylinder engine
Manual,Maruti Alto,2008.0,Bangalore,Petrol,Hatchback,Second Owner,60000.0,In-Line Engine
Manual,Hyundai i20,2019.0,Bangalore,Petrol,Hatchback,First Owner,44285.0,Kappa VTVT Petrol Engine
Automatic,Mercedes-Benz GL-Class,2014.0,Bangalore,Diesel,SUV,Second Owner,100000.0,V-Type Diesel Engine
Automatic,Tata New Safari,2021.0,Bangalore,Diesel,SUV,First Owner,25000.0,Kryotec 2.0 L Turbocharged Engine
Manual,Hyundai Grand i10,2018.0,Bangalore,Petrol,Hatchback,First Owner,36735.0,Kappa VTVT Petrol Engine
Automatic,Audi Q7,2015.0,Bangalore,Diesel,SUV,First Owner,79000.0,V-Type Diesel Engine
Manual,Mahindra Scorpio,2010.0,Bangalore,Diesel,SUV,Second Owner,120000.0,mHawk CRDe Engine
Automatic,Renault KWID,2022.0,Bangalore,Petrol,Hatchback,First Owner,10000.0,Petrol Engine
Manual,Tata Nexon,2018.0,Bangalore,Diesel,SUV,First Owner,53645.0,"Revotorq, 1.5L Turbocharged engine"
Manual,Hyundai Getz,2006.0,Bangalore,Petrol,Hatchback,Second Owner,100000.0,In-Line Engine
Automatic,Maruti Celerio,2014.0,Bangalore,Petrol,Hatchback,First Owner,53982.0,K10C
Manual,Skoda Rapid,2014.0,Bangalore,Diesel,Sedan,First Owner,110000.0,Diesel Engine
Manual,Ford Ecosport,2019.0,Bangalore,Petrol,SUV,Second Owner,37741.0,Ti-VCT Petrol Engine
Manual,Maruti Alto 800,2021.0,Bangalore,Petrol,Hatchback,First Owner,17367.0,F8D Petrol Engine
Manual,Hyundai Creta,2017.0,Bangalore,Diesel,SUV,First Owner,94000.0,U2 CRDI VGT Engine
Automatic,Tata Harrier,2021.0,Bangalore,Diesel,SUV,First Owner,33700.0,Kryotec 2.0 L Turbocharged Engine
Manual,Maruti Swift,2014.0,Bangalore,Petrol,Hatchback,Third Owner,54601.0,K Series Dual jet
Manual,Maruti Swift,2018.0,Bangalore,Diesel,Hatchback,First Owner,110000.0,DDiS 190 Engine
Manual,Maruti Celerio,2017.0,Bangalore,Petrol,Hatchback,Second Owner,64000.0,K10B Engine
Automatic,BMW 3 Series GT,2016.0,Bangalore,Diesel,Sedan,First Owner,40525.0,TwinPower Turbo 4-Cylinder Diesel Engine
Manual,Maruti Ciaz,2015.0,Bangalore,Diesel,Sedan,First Owner,100000.0,DDIS 200 Engine
Automatic,Honda Jazz,2016.0,Bangalore,Petrol,Hatchback,Second Owner,44154.0,i-VTEC Petrol Engine
Manual,Renault Lodgy,2016.0,Bangalore,Diesel,MUV,First Owner,70000.0,dCI Engine
Automatic,Skoda Octavia,2018.0,Bangalore,Petrol,Sedan,First Owner,79000.0,1.8TSI Petrol Engine
Manual,Tata Tiago,2017.0,Bangalore,Petrol,Hatchback,Second Owner,68039.0,Revotron Engine
Manual,Maruti Ritz,2014.0,Bangalore,Petrol,Hatchback,Second Owner,60000.0,K Series Petrol Engine
Manual,Maruti Ritz,2014.0,Bangalore,Petrol,Hatchback,Second Owner,60000.0,K Series Petrol Engine
Manual,Hyundai i20,2021.0,Bangalore,Petrol,Hatchback,First Owner,10000.0,1.0 l Turbo GDi petrol
Manual,Honda City,2013.0,Bangalore,Petrol,Sedan,First Owner,49873.0,SOHC i-VTEC
Automatic,Volkswagen Polo,2013.0,Bangalore,Petrol,Hatchback,Third Owner,90000.0,TSi Petrol Engine 
Manual,Skoda Rapid,2017.0,Bangalore,Diesel,Sedan,Second Owner,48960.0,Diesel Engine
Manual,Hyundai Grand i10,2014.0,Bangalore,Diesel,Hatchback,Second Owner,70000.0,U2 CRDi  Diesel Engine
Manual,Hyundai i20,2013.0,Bangalore,Petrol,Hatchback,Second Owner,68000.0,Kappa VTVT Petrol Engine
Manual,Mahindra KUV 100,2016.0,Bangalore,Diesel,SUV,First Owner,23017.0,mFALCON D75 Engine
Manual,Hyundai i20,2013.0,Bangalore,Diesel,Hatchback,Second Owner,83000.0,U2 CRDI Diesel Engine
Automatic,BMW X3,2016.0,Bangalore,Diesel,SUV,Second Owner,92000.0,2.0l 4Cylinder twin turbo
Manual,Maruti Wagon R,2018.0,Bangalore,Petrol,Hatchback,First Owner,62139.0,K10B Petrol Engine
Manual,Hyundai i10,2013.0,Bangalore,LPG,Hatchback,First Owner,74000.0,IRDE2 Engine
Automatic,Renault KWID,2016.0,Bangalore,Petrol,Hatchback,Second Owner,26500.0,Petrol Engine
Automatic,Volvo S60,2017.0,Bangalore,Diesel,Sedan,First Owner,81716.0,Turbo Diesel Engine
Automatic,Mercedes-Benz E-Class,2018.0,Bangalore,Diesel,Sedan,Second Owner,24000.0,V6 Diesel Engine
Automatic,Mahindra XUV300,2022.0,Bangalore,Petrol,SUV,First Owner,10000.0,1.2L Turbo Petrol
Automatic,MG Hector Plus,2021.0,Bangalore,Petrol,SUV,First Owner,18000.0,1.5L Turbocharged Intercooled
Manual,Honda Brio,2013.0,Bangalore,Petrol,Hatchback,First Owner,38197.0,i-VTEC Engine
Automatic,Maruti Baleno,2017.0,Bangalore,Petrol,Hatchback,Second Owner,23000.0,1.2L VVT Engine
Manual,Maruti Alto K10,2013.0,Bangalore,Petrol,Hatchback,First Owner,50000.0,K Series Petrol Engine
Automatic,Renault Kiger,2022.0,Bangalore,Petrol,SUV,First Owner,10000.0,1.0L energy
Manual,Hyundai Grand i10,2019.0,Bangalore,Petrol,Hatchback,First Owner,19000.0,Kappa VTVT Petrol Engine
Automatic,Kia Seltos,2020.0,Bangalore,Petrol,SUV,First Owner,14000.0,Smartstream G1.4
Manual,Hyundai EON,2014.0,Bangalore,Petrol,Hatchback,First Owner,29268.0,Petrol Engine
Automatic,Volkswagen Vento,2019.0,Bangalore,Petrol,Sedan,First Owner,20000.0,TSI Petrol Engine
Manual,Toyota Yaris,2018.0,Bangalore,Petrol,Sedan,First Owner,30000.0,1.5 Dual VVT-i Engine
Automatic,Honda Jazz,2018.0,Bangalore,Petrol,Hatchback,First Owner,64374.0,i-VTEC Petrol Engine
Manual,MG Hector,2021.0,Bangalore,Diesel,SUV,First Owner,30000.0,
Automatic,Hyundai Alcazar,2022.0,Bangalore,Petrol,SUV,First Owner,7100.0,2.0 l petrol MPi engine
Manual,Hyundai i10,2010.0,Bangalore,Petrol,Hatchback,First Owner,43679.0,IRDE2 Engine
Automatic,Hyundai Creta,2018.0,Bangalore,Petrol,SUV,First Owner,40000.0,VTVT Petrol Engine
Manual,Hyundai i20,2012.0,Bangalore,Diesel,Hatchback,First Owner,40562.0,U2 CRDi Diesel Engine 
Automatic,Hyundai Creta,2021.0,Bangalore,Petrol,SUV,Second Owner,26500.0,1.4 L Turbo GDi Petrol
Automatic,Hyundai Venue,2019.0,Bangalore,Petrol,SUV,First Owner,20000.0,
Automatic,Mahindra XUV500,2016.0,Bangalore,Diesel,SUV,First Owner,58600.0,mHawk Diesel Engine
Automatic,Hyundai Venue,2019.0,Bangalore,Petrol,SUV,First Owner,20000.0,
Automatic,Volkswagen T-Roc,2020.0,Bangalore,Petrol,SUV,First Owner,42050.0,1.5 L TSI EVO with ACT
Automatic,Maruti Celerio,2015.0,Bangalore,Petrol,Hatchback,First Owner,65017.0,K10B Engine
Automatic,BMW 3 Series,2008.0,Bangalore,Diesel,Sedan,Second Owner,80000.0,In-Line Engine
Automatic,Jeep Compass,2021.0,Bangalore,Petrol,SUV,First Owner,30000.0,1.4L MultiAir Petrol
Automatic,Kia Seltos,2020.0,Bangalore,Petrol,SUV,First Owner,20000.0,Smartstream G1.4
Automatic,Skoda Superb,2014.0,Bangalore,Diesel,Sedan,First Owner,36349.0,Turbocharged Diesel Engin
Manual,Hyundai i10,2009.0,Bangalore,Petrol,Hatchback,Third Owner,80000.0,DOHC Engine
Manual,Renault Duster,2014.0,Bangalore,Petrol,SUV,Second Owner,83394.0,K4M Petrol Engine
Automatic,Audi Q5,2016.0,Bangalore,Diesel,SUV,Second Owner,30000.0,TDI Quattro Engine 
Manual,Hyundai i10,2009.0,Bangalore,Petrol,Hatchback,Third Owner,80000.0,DOHC Engine
Manual,Maruti Alto K10,2017.0,Bangalore,Petrol,Hatchback,First Owner,52204.0,K10C
Manual,Hyundai i20,2012.0,Bangalore,Petrol,Hatchback,Third Owner,110000.0,In-Line Engine
Automatic,Ford Endeavour,2017.0,Bangalore,Diesel,SUV,First Owner,89000.0,Diesel Engine
Manual,Maruti Alto 800,2014.0,Bangalore,Petrol,Hatchback,Second Owner,29813.0,F8D Petrol Engine
Manual,Ford Figo,2018.0,Bangalore,Petrol,Hatchback,First Owner,30000.0,Ti-VCT Petrol Engine
Automatic,Maruti Ignis,2020.0,Bangalore,Petrol,Hatchback,First Owner,13345.0,1.2-Litre VVT Petrol Engine
Automatic,Hyundai Alcazar,2022.0,Bangalore,Diesel,SUV,First Owner,17100.0,1.5 l diesel CRDi engine
Manual,Hyundai Grand i10,2014.0,Bangalore,Petrol,Hatchback,First Owner,75000.0,Kappa VTVT Petrol Engine
Manual,Hyundai i10,2011.0,Bangalore,Petrol,Hatchback,Second Owner,75523.0,DOHC Kappa2 Engine
Manual,Mahindra XUV500,2015.0,Bangalore,Diesel,SUV,First Owner,47000.0,mHawk Diesel Engine
Manual,Tata Harrier,2022.0,Bangalore,Diesel,SUV,First Owner,36500.0,Kryotec 2.0 L Turbocharged Engine
Manual,Renault Triber,2020.0,Bangalore,Petrol,MUV,First Owner,28253.0,
Manual,Hyundai Creta,2016.0,Bangalore,Diesel,SUV,First Owner,50000.0,U2 CRDI VGT Engine
Manual,Hyundai i10,2010.0,Bangalore,Petrol,Hatchback,Second Owner,90000.0,Kappa Petrol Engine
Automatic,BMW X5,2016.0,Bangalore,Diesel,SUV,Second Owner,70000.0,Diesel Engine
Manual,Hyundai i20,2016.0,Bangalore,Petrol,Hatchback,First Owner,52571.0,Kappa VTVT Petrol Engine
Automatic,BMW 3 Series,2010.0,Bangalore,Diesel,Sedan,Second Owner,70000.0,In-Line Engine
Manual,Honda City,2015.0,Bangalore,Petrol,Sedan,First Owner,61993.0,i VTEC Engine
Automatic,Hyundai Tucson,2017.0,Bangalore,Diesel,SUV,First Owner,57000.0,e- VGT R 2.0 Diesel
Manual,Toyota Fortuner,2021.0,Bangalore,Diesel,SUV,Second Owner,80000.0,1-GD FTV Engine
Manual,Hyundai i20,2013.0,Bangalore,Petrol,Hatchback,First Owner,36359.0,Kappa VTVT Petrol Engine
Manual,Tata Harrier,2019.0,Bangalore,Diesel,SUV,Second Owner,70000.0,Kryotec 2.0LTurbocharged Engine
Automatic,MG Hector,2022.0,Bangalore,Petrol,SUV,First Owner,7500.0,1.5 L Turbocharged Intercooled
Automatic,Hyundai Verna,2017.0,Bangalore,Petrol,Sedan,First Owner,30301.0,VTVT Petrol Engine
Manual,Hyundai i10,2010.0,Bangalore,Petrol,Hatchback,First Owner,66000.0,DOHC Engine
Manual,Hyundai i20,2017.0,Bangalore,Petrol,Hatchback,First Owner,56010.0,Kappa VTVT Petrol Engine
Automatic,Mercedes-Benz GLC,2017.0,Bangalore,Diesel,SUV,First Owner,47000.0,Diesel Engine
Manual,Nissan Terrano,2014.0,Bangalore,Diesel,SUV,Second Owner,60000.0,K9K Diesel Engine
Manual,Maruti Swift,2014.0,Bangalore,Diesel,Hatchback,First Owner,83829.0,DDiS Diesel Engine
Automatic,Renault KWID,2020.0,Bangalore,Petrol,Hatchback,First Owner,10000.0,Petrol Engine
Automatic,Renault Duster,2016.0,Bangalore,Diesel,SUV,Second Owner,35000.0,dCi THP Diesel Engine
Automatic,Honda City,2019.0,Bangalore,Petrol,Sedan,Second Owner,51116.0,i VTEC Engine
Manual,Skoda Rapid,2016.0,Bangalore,Diesel,Sedan,Third Owner,80000.0,Diesel Engine
Automatic,Volkswagen Polo,2017.0,Bangalore,Petrol,Hatchback,Second Owner,40000.0,TSI Petrol Engine
Automatic,Honda CR-V,2012.0,Bangalore,Petrol,SUV,Second Owner,85565.0,i-VTEC Engine
Manual,Ford Ecosport,2018.0,Bangalore,Petrol,SUV,First Owner,36916.0,Ti-VCT Petrol Engine
Manual,Volkswagen Polo,2015.0,Bangalore,Diesel,Hatchback,First Owner,90000.0,TDI Diesel Engine
Manual,Maruti Swift,2012.0,Bangalore,Petrol,Hatchback,First Owner,112795.0,K Series Dual jet
Automatic,Mercedes-Benz A-Class Limousine,2021.0,Bangalore,Petrol,Sedan,First Owner,11000.0,L4 200
Manual,Toyota Innova,2014.0,Bangalore,Petrol,MUV,Second Owner,120000.0,1 TR-FE Petrol Engine
Manual,Honda Brio,2016.0,Bangalore,Petrol,Hatchback,Second Owner,36685.0,i-VTEC Engine
Automatic,Hyundai Santa Fe,2012.0,Bangalore,Diesel,SUV,Second Owner,120000.0,CRDi Diesel Engine
Automatic,BMW 6 Series,2022.0,Bangalore,Petrol,Sedan,First Owner,4000.0,TwinPower Turbo inline 4-cylinder engine
Automatic,Maruti Baleno,2019.0,Bangalore,Petrol,Hatchback,Second Owner,32184.0,VVT Petrol Engine
Manual,Maruti Baleno RS,2018.0,Bangalore,Petrol,Hatchback,First Owner,32279.0,Boosterjet Petrol Engine
Manual,Hyundai i20,2015.0,Bangalore,Petrol,Hatchback,First Owner,59698.0,Kappa VTVT Petrol Engine
Manual,Renault Captur,2018.0,Bangalore,Diesel,SUV,First Owner,46071.0,K9K dCi Diesel Engine
Manual,Maruti Vitara Brezza,2017.0,Bangalore,Diesel,SUV,First Owner,90000.0,DDiS 200 Diesel Engine
Manual,Hyundai Venue,2019.0,Bangalore,Petrol,SUV,First Owner,9554.0,
Automatic,Jeep Compass,2022.0,Bangalore,Petrol,SUV,First Owner,14000.0,1.4L MultiAir Petrol
Manual,Renault Duster,2013.0,Bangalore,Diesel,SUV,Second Owner,74499.0,dCi Diesel Engine 
Automatic,Ford Ecosport,2017.0,Bangalore,Petrol,SUV,Second Owner,56211.0,Ti-VCT Petrol Engine
Manual,Honda Jazz,2019.0,Bangalore,Petrol,Hatchback,First Owner,9001.0,i-VTEC Petrol Engine
Automatic,Mahindra XUV500,2017.0,Bangalore,Diesel,SUV,Second Owner,65457.0,mHawk Diesel Engine
Manual,Honda Jazz,2017.0,Bangalore,Petrol,Hatchback,First Owner,23682.0,i-VTEC Petrol Engine
Manual,Hyundai Verna,2020.0,Bangalore,Diesel,Sedan,First Owner,50000.0,U2 VGT Diesel Engine
Manual,Maruti Swift,2015.0,Bangalore,Diesel,Hatchback,Second Owner,134557.0,DDiS Diesel Engine
Manual,Maruti Swift Dzire,2013.0,Bangalore,Petrol,Sedan,Second Owner,96567.0,
Manual,Maruti Celerio,2015.0,Bangalore,Petrol,Hatchback,Third Owner,120000.0,K10B Engine
Manual,Maruti Ertiga,2014.0,Bangalore,Diesel,MUV,Second Owner,83007.0,DDiS Diesel Engine
Manual,Honda Jazz,2018.0,Bangalore,Petrol,Hatchback,First Owner,34000.0,i-VTEC Petrol Engine
Automatic,Hyundai Grand i10,2014.0,Bangalore,Petrol,Hatchback,First Owner,81634.0,Kappa VTVT Petrol Engine
Automatic,Honda City,2017.0,Bangalore,Petrol,Sedan,Second Owner,57284.0,i VTEC Engine
Automatic,Ford Ecosport,2016.0,Bangalore,Petrol,SUV,Second Owner,70000.0,Ti-VCT Petrol Engine
Manual,Honda Brio,2013.0,Bangalore,Petrol,Hatchback,Second Owner,70000.0,i-VTEC Engine
Automatic,Toyota Yaris,2018.0,Bangalore,Petrol,Sedan,Second Owner,46429.0,1.5 Dual VVT-i Engine
Manual,Maruti Baleno,2017.0,Bangalore,Petrol,Hatchback,First Owner,17624.0,VVT Petrol Engine
Manual,Volkswagen Vento,2012.0,Bangalore,Diesel,Sedan,Second Owner,100000.0,Common Rail Diesel Engine
Manual,Honda City,2019.0,Bangalore,Petrol,Sedan,First Owner,30000.0,i VTEC Engine
Manual,Ford Ecosport,2018.0,Bangalore,Petrol,SUV,Second Owner,49690.0,Ti-VCT Petrol Engine
Manual,Mahindra XUV500,2016.0,Bangalore,Diesel,SUV,First Owner,110000.0,mHawk Diesel Engine
Manual,Fiat Linea,2009.0,Bangalore,Petrol,Sedan,First Owner,50000.0,Front Wheel Drive
Manual,Fiat Linea,2009.0,Bangalore,Petrol,Sedan,First Owner,50000.0,Front Wheel Drive
Automatic,Ford Ecosport,2018.0,Bangalore,Petrol,SUV,First Owner,55702.0,Ti-VCT Petrol Engine
Manual,Hyundai i20 Active,2016.0,Bangalore,Diesel,Hatchback,First Owner,45046.0,U2 CRDI Diesel Engine
Manual,Maruti Ritz,2014.0,Bangalore,Petrol,Hatchback,Second Owner,53000.0,K Series Petrol Engine
Manual,Maruti Baleno,2016.0,Bangalore,Diesel,Hatchback,First Owner,94695.0,DDiS Diesel Engine
Manual,Maruti Baleno,2019.0,Bangalore,Petrol,Hatchback,First Owner,22162.0,VVT Petrol Engine
Manual,Hyundai Santro Xing,2010.0,Bangalore,Petrol,Hatchback,Second Owner,70000.0,Petrol Engine 
Manual,Honda City,2017.0,Bangalore,Diesel,Sedan,First Owner,115331.0,i DTEC Diesel Engine 
Automatic,Mercedes-Benz E-Class,2013.0,Bangalore,Diesel,Sedan,Second Owner,70000.0,In-Line Engine
Manual,Maruti Swift,2016.0,Bangalore,Petrol,Hatchback,Second Owner,42233.0,K Series Dual jet
Manual,Hyundai Grand i10,2019.0,Bangalore,Petrol,Hatchback,First Owner,20941.0,Kappa VTVT Petrol Engine
Manual,Maruti Vitara Brezza,2018.0,Bangalore,Diesel,SUV,Second Owner,50000.0,DDiS 200 Diesel Engine
Manual,Honda WR-V,2018.0,Bangalore,Petrol,SUV,First Owner,46602.0,i-VTEC Petrol Engine
Automatic,Mahindra Ssangyong Rexton,2014.0,Bangalore,Diesel,SUV,Second Owner,50000.0,RX270 XVT Diesel Engine 
Manual,Maruti Swift,2014.0,Bangalore,Diesel,Hatchback,Second Owner,104000.0,DDiS Diesel Engine
Manual,Ford Ecosport,2018.0,Bangalore,Diesel,SUV,First Owner,90000.0,TDCi Diesel Engine
Manual,Maruti Baleno,2017.0,Bangalore,Petrol,Hatchback,First Owner,50035.0,VVT Petrol Engine
Manual,Tata Nexon,2021.0,Bangalore,Petrol,SUV,First Owner,80000.0,1.2l Turbocharged Revotron Engine
Manual,Hyundai i20,2015.0,Bangalore,Petrol,Hatchback,Second Owner,90000.0,Kappa VTVT Petrol Engine
Automatic,Mercedes-Benz E-Class,2011.0,Bangalore,Diesel,Sedan,Fourth Owner,90000.0,4-in-line
Manual,Toyota Corolla Altis,2011.0,Bangalore,Diesel,Sedan,First Owner,120000.0,SOHC D-4D Diesel Engine
Manual,Maruti Swift Dzire,2015.0,Bangalore,Petrol,Sedan,First Owner,25170.0,
Manual,Maruti Ciaz,2021.0,Bangalore,Petrol,Sedan,First Owner,25022.0,K15 Smart Hybrid Petrol Engine
Manual,Maruti Swift,2012.0,Bangalore,Diesel,Hatchback,Second Owner,100000.0,DDiS Diesel Engine
Manual,Maruti Ciaz,2020.0,Bangalore,Petrol,Sedan,First Owner,26367.0,K15 Smart Hybrid Petrol Engine
Automatic,Hyundai Elantra,2015.0,Bangalore,Petrol,Sedan,Second Owner,76567.0,Dual VTVT Petrol Engine
Manual,Toyota Innova,2013.0,Bangalore,Diesel,MUV,Second Owner,120000.0,2KD-FTV Diesel Engine
Automatic,Hyundai Grand i10,2015.0,Bangalore,Petrol,Hatchback,Second Owner,36459.0,Kappa VTVT Petrol Engine
Manual,Maruti SX4 S Cross,2016.0,Bangalore,Diesel,SUV,First Owner,93725.0,DDiS 200 Diesel Engine
Automatic,Maruti Ciaz,2016.0,Bangalore,Petrol,Sedan,Second Owner,115599.0,k14B VVT Engine
Manual,Maruti Swift Dzire,2015.0,Bangalore,Petrol,Sedan,First Owner,43469.0,
Manual,Ford Ikon,2005.0,Bangalore,Petrol,Sedan,Fourth Owner,70000.0,In-Line Engine
Automatic,BMW X5,2019.0,Bangalore,Diesel,SUV,Second Owner,77000.0,TwinPower Turbo 6-cylinder engine
Manual,Maruti Vitara Brezza,2018.0,Bangalore,Diesel,SUV,First Owner,100000.0,DDiS 200 Diesel Engine
Manual,Mitsubishi Cedia,2008.0,Bangalore,Petrol,Sedan,First Owner,72000.0,In-Line Engine
Automatic,Jaguar XF,2013.0,Bangalore,Diesel,Sedan,First Owner,77000.0,Diesel Engine 
Automatic,Audi Q7,2013.0,Bangalore,Diesel,SUV,First Owner,87101.0,V-Type Diesel Engine
Manual,Volkswagen Polo,2021.0,Bangalore,Petrol,Hatchback,Second Owner,40771.0,1.0L TSI Petrol
Manual,Honda Jazz,2018.0,Bangalore,Petrol,Hatchback,First Owner,28000.0,i-VTEC Petrol Engine
Manual,Maruti Wagon R,2008.0,Bangalore,Petrol,Hatchback,Third Owner,40000.0,FC Petrol Engine
Automatic,Hyundai Venue,2020.0,Bangalore,Petrol,SUV,First Owner,26000.0,Kappa 1.0 L Turbo GDi Petrol
Manual,Maruti Wagon R,2012.0,Bangalore,Petrol,Hatchback,First Owner,76032.0,K Series Petrol Engine
Manual,Maruti Ciaz,2018.0,Bangalore,Petrol,Sedan,First Owner,113780.0,k15B VVT Engine
Automatic,Audi A3,2019.0,Bangalore,Diesel,Sedan,First Owner,24000.0,TDI Diesel Engine
Manual,Hyundai Venue,2020.0,Bangalore,Diesel,SUV,Second Owner,65812.0,U2 CRDi Diesel
Automatic,Skoda Kushaq,2022.0,Bangalore,Petrol,SUV,First Owner,10000.0,1.0 TSI Petrol Engine
Manual,Maruti Baleno,2016.0,Bangalore,Petrol,Hatchback,First Owner,39959.0,VVT Petrol Engine
Automatic,Hyundai Alcazar,2022.0,Bangalore,Petrol,SUV,First Owner,10000.0,2.0 l petrol MPi engine
Manual,Maruti Alto K10,2016.0,Bangalore,Petrol,Hatchback,Third Owner,65484.0,K10C
Manual,Maruti Baleno,2017.0,Bangalore,Petrol,Hatchback,First Owner,49174.0,VVT Petrol Engine
Manual,Volkswagen Taigun,2022.0,Bangalore,Petrol,SUV,First Owner,20000.0,1.0L TSI
Manual,Hyundai i10,2009.0,Bangalore,Petrol,Hatchback,First Owner,50000.0,Petrol Engine
Automatic,Maruti Swift Dzire,2018.0,Bangalore,Petrol,Sedan,Second Owner,40000.0,K Series VVT Engine
Automatic,Hyundai Alcazar,2022.0,Bangalore,Petrol,SUV,First Owner,30000.0,2.0 l petrol MPi engine
Automatic,BMW 3 Series,2007.0,Bangalore,Petrol,Coupe,Third Owner,50000.0,In-Line Engine
Manual,Maruti Swift,2020.0,Bangalore,Petrol,Hatchback,First Owner,80000.0,VTVT Engine
Manual,MG Astor,2022.0,Bangalore,Petrol,SUV,First Owner,20000.0,VTi-TECH
Manual,Hyundai Accent,2010.0,Bangalore,CNG,Sedan,First Owner,70000.0,Bifuel Engine
Automatic,Audi A4,2014.0,Bangalore,Diesel,Sedan,First Owner,90000.0,TDI Diesel Engine
Manual,Renault KWID,2020.0,Bangalore,Petrol,Hatchback,First Owner,40000.0,Petrol Engine
Manual,Honda Jazz,2016.0,Bangalore,Petrol,Hatchback,First Owner,63797.0,i-VTEC Petrol Engine
Manual,Hyundai Grand i10,2018.0,Bangalore,Petrol,Hatchback,Second Owner,60216.0,Kappa VTVT Petrol Engine
Automatic,Maruti Alto K10,2015.0,Bangalore,Petrol,Hatchback,Second Owner,10000.0,K Series Petrol Engine
Manual,Maruti Baleno,2016.0,Bangalore,Petrol,Hatchback,First Owner,38153.0,VVT Petrol Engine
Manual,Maruti Swift,2015.0,Bangalore,Petrol,Hatchback,First Owner,76485.0,K Series Dual jet
Manual,Maruti Wagon R,2015.0,Bangalore,Petrol,Hatchback,Second Owner,40000.0,K10B Petrol Engine
Manual,Maruti Baleno,2016.0,Bangalore,Petrol,Hatchback,First Owner,40623.0,VVT Petrol Engine
Automatic,Mercedes-Benz C-Class,2018.0,Bangalore,Diesel,Sedan,Second Owner,18000.0,In-Line Engine
Manual,Maruti Swift,2014.0,Bangalore,Petrol,Hatchback,First Owner,88051.0,K Series Dual jet
Manual,Maruti Swift,2022.0,Bangalore,Petrol,Hatchback,First Owner,16522.0,K Series Dual jet
Manual,Jeep Compass,2019.0,Bangalore,Diesel,SUV,Second Owner,70000.0,2.0-Litre 4-Cyl Multijet II Engine
Manual,Maruti Wagon R,2008.0,Bangalore,Petrol,Hatchback,Third Owner,80000.0,FC Petrol Engine
Manual,Hyundai Venue,2019.0,Bangalore,Diesel,SUV,First Owner,50000.0,
Manual,Tata Nexon,2023.0,Bangalore,Petrol,SUV,First Owner,10000.0,1.2l Turbocharged Revotron Engine
Manual,Hyundai EON,2013.0,Bangalore,Petrol,Hatchback,Second Owner,57000.0,Petrol Engine
Manual,Mahindra XUV500,2016.0,Bangalore,Diesel,SUV,First Owner,110000.0,mHawk Diesel Engine
Manual,Maruti Baleno,2019.0,Bangalore,Petrol,Hatchback,First Owner,10000.0,VVT Petrol Engine
Manual,Maruti Swift,2012.0,Bangalore,Petrol,Hatchback,Second Owner,50000.0,K Series Petrol Engine
Manual,Mahindra XUV300,2019.0,Bangalore,Diesel,SUV,First Owner,120000.0,1.5 Diesel Engine
Manual,Hyundai Grand i10,2014.0,Bangalore,Petrol,Hatchback,First Owner,35469.0, Kappa VTVT Petrol Engine
Manual,Honda Jazz,2017.0,Bangalore,Petrol,Hatchback,Second Owner,40073.0,i-VTEC Petrol Engine
Manual,Hyundai Grand i10,2017.0,Bangalore,Petrol,Hatchback,Second Owner,65730.0,Kappa VTVT Petrol Engine
Manual,Maruti Baleno,2005.0,Bangalore,Petrol,Sedan,Second Owner,120000.0,In-Line Engine
Manual,Maruti Baleno,2016.0,Bangalore,Petrol,Hatchback,Second Owner,36184.0,VVT Petrol Engine
Manual,Maruti Baleno,2016.0,Bangalore,Petrol,Hatchback,First Owner,69310.0,VVT Petrol Engine
Automatic,Honda City,2015.0,Bangalore,Petrol,Sedan,First Owner,55643.0,i VTEC Engine
Automatic,Hyundai Grand i10,2017.0,Bangalore,Petrol,Hatchback,Second Owner,62803.0,Kappa VTVT Petrol Engine
Manual,Volkswagen Polo,2011.0,Bangalore,Diesel,Hatchback,Second Owner,90000.0,In-Line Diesel Engine
Manual,Maruti Swift,2015.0,Bangalore,Petrol,Hatchback,First Owner,68656.0,K Series Dual jet
Manual,Honda Jazz,2016.0,Bangalore,Petrol,Hatchback,Third Owner,77501.0,i-VTEC Petrol Engine
Manual,Maruti Swift Dzire,2016.0,Bangalore,Petrol,Sedan,First Owner,40000.0,K Series VVT Engine
Manual,Maruti Swift Dzire,2016.0,Bangalore,Petrol,Sedan,First Owner,40000.0,K Series VVT Engine
Automatic,Honda City,2014.0,Bangalore,Petrol,Sedan,First Owner,48325.0,i VTEC Engine
Manual,Tata Nexon,2022.0,Bangalore,Petrol,SUV,First Owner,30000.0,1.2l Turbocharged Revotron Engine
Automatic,Mercedes-Benz B Class,2013.0,Bangalore,Diesel,Hatchback,Second Owner,100000.0,Blue Efficiency Petrol En
Manual,Maruti Swift,2015.0,Bangalore,Petrol,Hatchback,First Owner,69000.0,VTVT Engine
Manual,Jeep Compass,2018.0,Bangalore,Diesel,SUV,First Owner,110000.0,2.0-Litre 4-Cyl Multijet II Engine
Manual,Hyundai Verna,2016.0,Bangalore,Petrol,Sedan,Second Owner,50000.0,VTVT Petrol Engine
Automatic,Kia Carnival,2020.0,Bangalore,Diesel,MUV,First Owner,60000.0,2.2L VGT Diesel Engine
Manual,Hyundai i20,2021.0,Bangalore,Petrol,Hatchback,First Owner,20000.0,1.0 l Turbo GDi petrol
Automatic,Maruti Swift,2022.0,Bangalore,Petrol,Hatchback,First Owner,14999.0,K Series Dual jet
Manual,Honda Jazz,2016.0,Bangalore,Petrol,Hatchback,Second Owner,90773.0,i-VTEC Petrol Engine
Manual,Skoda Rapid,2012.0,Bangalore,Diesel,Sedan,First Owner,90000.0,Turbocharged Diesel Engin
Manual,Maruti Swift,2017.0,Bangalore,Petrol,Hatchback,Second Owner,64917.0,K Series VVT Engine
Manual,Honda Jazz,2017.0,Bangalore,Petrol,Hatchback,First Owner,70235.0,i-VTEC Petrol Engine
Manual,Hyundai i20,2021.0,Bangalore,Petrol,Hatchback,First Owner,30000.0,1.0 l Turbo GDi petrol
Manual,Honda Jazz,2016.0,Bangalore,Petrol,Hatchback,First Owner,78782.0,i-VTEC Petrol Engine
Manual,Mahindra XUV500,2014.0,Bangalore,Diesel,SUV,Second Owner,164000.0,mHawk Diesel Engine
Manual,Maruti Ciaz,2016.0,Bangalore,Petrol,Sedan,Second Owner,72136.0,k14B VVT Engine
Manual,Maruti Swift,2015.0,Bangalore,Petrol,Hatchback,Second Owner,52486.0,K Series Dual jet
Automatic,Skoda Laura,2007.0,Bangalore,Diesel,Sedan,First Owner,150000.0,In-Line Engine
Manual,Honda WR-V,2017.0,Bangalore,Petrol,SUV,First Owner,36887.0,i-VTEC Petrol Engine
Manual,Hyundai Venue,2019.0,Bangalore,Petrol,SUV,First Owner,47962.0,
Manual,Nissan Terrano,2014.0,Bangalore,Diesel,SUV,First Owner,135000.0,K9K Diesel Engine
Automatic,Skoda Superb,2018.0,Bangalore,Petrol,Sedan,Second Owner,47398.0,Petrol Engine
Manual,Fiat Linea,2012.0,Bangalore,Petrol,Sedan,Second Owner,50000.0,Front Wheel Drive
Manual,Maruti Swift Dzire,2012.0,Bangalore,Diesel,Sedan,First Owner,100000.0,In-Line Engine
Automatic,BMW X4,2020.0,Bangalore,Diesel,SUV,First Owner,55000.0,TwinPower Turbo 6-cylinder engine
Automatic,BMW X3,2011.0,Bangalore,Diesel,SUV,Second Owner,110000.0,In-Line Engine
Automatic,Volkswagen Polo,2013.0,Bangalore,Petrol,Hatchback,Third Owner,90000.0,TSI Petrol Engine 
Manual,Maruti Baleno,2016.0,Bangalore,Petrol,Hatchback,First Owner,116624.0,VVT Petrol Engine
Manual,Maruti Ciaz,2019.0,Bangalore,Petrol,Sedan,Second Owner,54561.0,k15B VVT Engine
Manual,Toyota Innova,2013.0,Bangalore,Diesel,MUV,Second Owner,120000.0,2KD-FTV Diesel Engine
Manual,Honda Jazz,2016.0,Bangalore,Petrol,Hatchback,First Owner,65072.0,i-VTEC Petrol Engine
Manual,Hyundai Grand i10,2017.0,Bangalore,Petrol,Hatchback,First Owner,133532.0,Kappa VTVT Petrol Engine
Manual,Toyota Innova,2010.0,Bangalore,Diesel,MUV,Third Owner,120000.0,In-Line Engine
Manual,Maruti Swift Dzire,2013.0,Bangalore,Petrol,Sedan,First Owner,39886.0,
Manual,Mahindra XUV500,2019.0,Bangalore,Diesel,SUV,First Owner,80000.0,mHawk Diesel Engine
Manual,Maruti Swift,2015.0,Bangalore,Diesel,Hatchback,Second Owner,56976.0,DDiS Diesel Engine
Manual,Volkswagen Vento,2020.0,Bangalore,Petrol,Sedan,Second Owner,68303.0,TSI Petrol Engine
Automatic,Mini Cooper,2013.0,Bangalore,Petrol,Hatchback,Second Owner,80000.0,Petrol Engine
Automatic,Skoda Rapid,2016.0,Bangalore,Diesel,Sedan,First Owner,54000.0,Diesel Engine
Automatic,Land Rover Discovery Sport,2016.0,Bangalore,Diesel,SUV,First Owner,98500.0,SD4 Diesel Engine
Manual,Volkswagen Polo,2018.0,Bangalore,Petrol,Hatchback,First Owner,72348.0,MPI Petrol Engine
Manual,Hyundai Creta,2015.0,Bangalore,Petrol,SUV,First Owner,70000.0,VTVT Petrol Engine
Manual,Volkswagen Polo,2021.0,Bangalore,Petrol,Hatchback,First Owner,62696.0,1.0L MPI Petrol
Automatic,Toyota Fortuner,2014.0,Bangalore,Diesel,SUV,Third Owner,174000.0,D-4D Diesel Engine
Manual,Hyundai Grand i10,2016.0,Bangalore,Petrol,Hatchback,First Owner,65000.0,Kappa VTVT Petrol Engine
Automatic,Hyundai Grand i10,2017.0,Bangalore,Petrol,Hatchback,First Owner,36000.0,Kappa VTVT Petrol Engine
Manual,Toyota Innova,2011.0,Bangalore,Diesel,MUV,Second Owner,199000.0,In-Line Engine
Automatic,Honda City,2018.0,Bangalore,Petrol,Sedan,First Owner,71905.0,i VTEC Engine
Manual,Maruti Swift,2013.0,Bangalore,Petrol,Hatchback,Second Owner,69748.0,K Series Dual jet
Manual,Maruti Alto,2008.0,Bangalore,Petrol,Hatchback,First Owner,44000.0,In-Line Engine
Manual,Toyota Yaris,2021.0,Bangalore,Petrol,Sedan,Second Owner,17875.0,1.5 Dual VVT-i Engine
Manual,Renault Duster,2020.0,Bangalore,Petrol,SUV,First Owner,95678.0,1.3L Turbo Petrol Engine
Automatic,Renault Kiger,2022.0,Bangalore,Petrol,SUV,First Owner,12003.0,1.0L energy
Manual,Ford Ecosport,2018.0,Bangalore,Diesel,SUV,Second Owner,114427.0,TDCi Diesel Engine
Automatic,Renault Kiger,2022.0,Bangalore,Petrol,SUV,First Owner,20000.0,1.0L energy
Manual,Honda Brio,2012.0,Bangalore,Petrol,Hatchback,First Owner,64655.0,i-VTEC Engine
Manual,Mahindra KUV 100,2018.0,Bangalore,Petrol,SUV,First Owner,46456.0,mFALCON G80 Engine
Automatic,Renault Kiger,2021.0,Bangalore,Petrol,SUV,First Owner,20000.0,1.0L Turbo
Manual,Jeep Compass,2018.0,Bangalore,Diesel,SUV,First Owner,50000.0,2.0-Litre 4-Cyl Multijet II Engine
Manual,Volkswagen Vento,2011.0,Bangalore,Diesel,Sedan,Fourth Owner,90000.0,Common Rail Diesel Engine
Manual,Hyundai Venue,2022.0,Bangalore,Diesel,SUV,First Owner,20000.0,1.5 U2 CRDi
Automatic,Volvo XC40,2021.0,Bangalore,Petrol,SUV,First Owner,27000.0,2.0 litre petrol Engine
Manual,Toyota Innova,2008.0,Bangalore,Diesel,MUV,Third Owner,150000.0,In-Line Engine
Manual,Maruti Baleno,2022.0,Bangalore,Petrol,Hatchback,First Owner,10000.0,1.2 L K Series Engine
Manual,Honda City,2018.0,Bangalore,Petrol,Sedan,First Owner,40000.0,i VTEC Engine
Manual,Ford Ecosport,2020.0,Bangalore,Diesel,SUV,First Owner,40000.0,TDCi Diesel Engine
Automatic,Mercedes-Benz C-Class,2018.0,Bangalore,Diesel,Sedan,Second Owner,20000.0,In-Line Engine
Manual,Ford Ecosport,2017.0,Bangalore,Diesel,SUV,Second Owner,91598.0,TDCi Diesel Engine
Manual,Maruti Celerio,2015.0,Bangalore,Petrol,Hatchback,First Owner,57521.0,K10C
Manual,Renault Duster,2016.0,Bangalore,Diesel,SUV,First Owner,100000.0,dCi THP Diesel Engine
Manual,Hyundai Verna,2021.0,Bangalore,Petrol,Sedan,First Owner,7598.0,1.5 l MPi petrol
Manual,Renault Duster,2017.0,Bangalore,Petrol,SUV,First Owner,38520.0,K4M Petrol Engine
Manual,MG Astor,2022.0,Bangalore,Petrol,SUV,First Owner,20000.0,VTi-TECH
Manual,Renault Duster,2014.0,Bangalore,Diesel,SUV,Second Owner,110455.0,dCi Diesel Engine
Automatic,Hyundai Venue,2020.0,Bangalore,Petrol,SUV,First Owner,26901.0,
Automatic,Hyundai Grand i10,2017.0,Bangalore,Petrol,Hatchback,First Owner,65376.0,Kappa VTVT Petrol Engine
Manual,Mahindra XUV500,2018.0,Bangalore,Diesel,SUV,Third Owner,28177.0,mHawk Diesel Engine
Manual,Kia Sonet,2022.0,Bangalore,Petrol,SUV,First Owner,10000.0,Smartstream G1.0 T - GDi
Automatic,MG Hector,2021.0,Bangalore,Petrol,SUV,First Owner,30000.0,1.5 L Turbocharged Intercooled
Automatic,Hyundai Creta,2018.0,Bangalore,Petrol,SUV,First Owner,27000.0,VTVT Petrol Engine
Automatic,Hyundai i10,2010.0,Bangalore,Petrol,Hatchback,Third Owner,90000.0,In-Line Engine
Manual,Honda City,2022.0,Bangalore,Petrol,Sedan,First Owner,20000.0,i-VTEC
Automatic,Honda City,2016.0,Bangalore,Petrol,Sedan,First Owner,82998.0,i VTEC Engine
Automatic,Audi A4,2010.0,Bangalore,Petrol,Sedan,Third Owner,110000.0,In-Line Engine
Manual,Honda City,2019.0,Bangalore,Petrol,Sedan,First Owner,14500.0,i VTEC Engine
Manual,Mahindra Verito,2016.0,Bangalore,Diesel,Sedan,Third Owner,120000.0,dCi CRDi Diesel Engine
Automatic,Hyundai i10,2010.0,Bangalore,Petrol,Hatchback,Second Owner,68000.0,In-Line Engine
Manual,Hyundai Xcent,2019.0,Bangalore,Petrol,Sedan,First Owner,25887.0,1.2L Kappa Dual VTVT Petrol
Manual,Maruti S-Presso,2020.0,Bangalore,Petrol,Hatchback,First Owner,74094.0,K10C
Automatic,Honda Jazz,2018.0,Bangalore,Petrol,Hatchback,First Owner,40000.0,i-VTEC Petrol Engine
Manual,Maruti Ritz,2014.0,Bangalore,Diesel,Hatchback,First Owner,91045.0,DDiS Diesel Engine
Manual,Mahindra XUV500,2018.0,Bangalore,Diesel,SUV,First Owner,80033.0,mHawk Diesel Engine
Automatic,Mahindra XUV500,2017.0,Bangalore,Diesel,SUV,Second Owner,70000.0,mHawk Diesel Engine
Automatic,Renault Triber,2021.0,Bangalore,Petrol,MUV,First Owner,13957.0,
Automatic,Maruti Baleno,2018.0,Bangalore,Petrol,Hatchback,Second Owner,34140.0,VVT Petrol Engine
Manual,Ford Ecosport,2017.0,Bangalore,Petrol,SUV,First Owner,20056.0,Ti-VCT Petrol Engine
Automatic,Maruti Celerio,2016.0,Bangalore,Petrol,Hatchback,Third Owner,38233.0,K10C
Manual,Volkswagen Jetta,2013.0,Bangalore,Petrol,Sedan,First Owner,100000.0,Turbocharged Intercooled 
Manual,Ford Ecosport,2016.0,Bangalore,Diesel,SUV,Second Owner,50000.0,TDCi Diesel Engine
Manual,Mahindra XUV500,2017.0,Bangalore,Diesel,SUV,Second Owner,70000.0,mHawk Diesel Engine
Manual,Hyundai Grand i10,2016.0,Bangalore,Petrol,Hatchback,First Owner,44000.0,Kappa VTVT Petrol Engine
Manual,Hyundai Getz,2006.0,Bangalore,Petrol,Hatchback,Second Owner,90000.0,In-Line Engine
Automatic,Maruti Ciaz,2016.0,Bangalore,Petrol,Sedan,First Owner,30000.0,k14B VVT Engine
Manual,Hyundai Grand i10,2018.0,Bangalore,Petrol,Hatchback,First Owner,50000.0,Kappa VTVT Petrol Engine
Manual,Maruti Swift,2019.0,Bangalore,Petrol,Hatchback,First Owner,98000.0,VTVT Engine
Automatic,Honda Jazz,2017.0,Bangalore,Petrol,Hatchback,First Owner,47000.0,i-VTEC Petrol Engine
Manual,Hyundai Verna,2019.0,Bangalore,Petrol,Sedan,First Owner,70000.0,VTVT Petrol Engine
Manual,Maruti Alto 800,2020.0,Bangalore,Petrol,Hatchback,First Owner,16998.0,F8D Petrol Engine
Automatic,Hyundai Grand i10,2017.0,Bangalore,Petrol,Hatchback,First Owner,15256.0,Kappa VTVT Petrol Engine
Manual,Hyundai Verna,2019.0,Bangalore,Petrol,Sedan,First Owner,70000.0,VTVT Petrol Engine
Automatic,Datsun RediGO,2020.0,Bangalore,Petrol,Hatchback,First Owner,4495.0,1.0L Petrol Engine
Manual,Renault Triber,2020.0,Bangalore,Petrol,MUV,First Owner,34561.0,
Manual,Maruti Alto K10,2018.0,Bangalore,Petrol,Hatchback,Second Owner,40000.0,K Series Petrol Engine
Manual,Tata Tiago,2016.0,Bangalore,Petrol,Hatchback,First Owner,142135.0,Revotron Engine
Manual,Ford Aspire,2021.0,Bangalore,Petrol,Sedan,First Owner,120000.0,Ti-VCT Petrol Engine
Automatic,Maruti Wagon R,2019.0,Bangalore,Petrol,Hatchback,First Owner,9553.0,K12M Petrol Engine
Manual,Renault KWID,2022.0,Bangalore,Petrol,Hatchback,First Owner,7600.0,1.0 SCe
Manual,Jeep Compass,2017.0,Bangalore,Diesel,SUV,First Owner,120000.0,2.0-Litre 4-Cyl Multijet II Engine
Automatic,Hyundai Grand i10,2017.0,Bangalore,Petrol,Hatchback,First Owner,20000.0,Kappa VTVT Petrol Engine
Automatic,Audi Q7,2013.0,Bangalore,Diesel,SUV,Second Owner,120000.0,V-Type Diesel Engine
Manual,Hyundai i20,2016.0,Bangalore,Petrol,Hatchback,First Owner,45578.0,Kappa VTVT Petrol Engine
Manual,Volkswagen Jetta,2013.0,Bangalore,Petrol,Sedan,First Owner,100000.0,Turbocharged Intercooled 
Automatic,BMW 3 Series,2014.0,Bangalore,Diesel,Sedan,Second Owner,100000.0,TwinPower Turbo 4 Cylinder Engine
Manual,Ford Ecosport,2019.0,Bangalore,Petrol,SUV,First Owner,42000.0,Ti-VCT Petrol Engine
Manual,Hyundai i10,2013.0,Bangalore,Petrol,Hatchback,Second Owner,90000.0,DOHC Kappa2 Engine
Manual,Hyundai Verna,2012.0,Bangalore,Diesel,Sedan,First Owner,70000.0,Diesel Engine
Automatic,Ford Endeavour,2010.0,Bangalore,Diesel,SUV,Third Owner,100000.0,TDCi Diesel Engine
Manual,Maruti Ignis,2017.0,Bangalore,Petrol,Hatchback,First Owner,16306.0,1.2-Litre VVT Petrol Engine
Manual,Maruti Wagon R,2020.0,Bangalore,Petrol,Hatchback,Third Owner,25086.0,K12M Petrol Engine
Manual,Maruti Baleno,2017.0,Bangalore,Petrol,Hatchback,First Owner,54845.0,1.2L VVT Engine
Manual,Ford Freestyle,2020.0,Bangalore,Diesel,Hatchback,First Owner,35642.0,1.5 litre Diesel Engine
Automatic,Maruti Baleno,2016.0,Bangalore,Petrol,Hatchback,First Owner,22173.0,VVT Petrol Engine
Automatic,BMW 5 Series,2018.0,Bangalore,Diesel,Sedan,First Owner,50000.0,TwinPower Turbo Inline 6 Cylinder Engine
Manual,Hyundai Grand i10,2014.0,Bangalore,Petrol,Hatchback,First Owner,67790.0,Kappa VTVT Petrol Engine
Manual,Maruti Alto K10,2019.0,Bangalore,Petrol,Hatchback,First Owner,38000.0,K Series Petrol Engine
Manual,Honda Brio,2012.0,Bangalore,Petrol,Hatchback,Second Owner,49713.0,i-VTEC Engine
Manual,Renault KWID,2021.0,Bangalore,Petrol,Hatchback,First Owner,10002.0,1.0 SCe
Manual,Mahindra XUV500,2017.0,Bangalore,Diesel,SUV,First Owner,46706.0,mHawk Diesel Engine
Manual,Maruti Swift,2014.0,Bangalore,Diesel,Hatchback,Second Owner,90000.0,DDiS Diesel Engine
Automatic,BMW X3,2016.0,Bangalore,Diesel,SUV,First Owner,106000.0,xDrive20d Diesel Engine
Automatic,Volkswagen Polo,2017.0,Bangalore,Petrol,Hatchback,First Owner,55833.0,TSI Petrol Engine
Automatic,Audi Q3,2015.0,Bangalore,Diesel,SUV,Second Owner,46716.0,TDI Quattro Diesel Engine
Manual,Skoda Rapid,2016.0,Bangalore,Diesel,Sedan,First Owner,54000.0,Diesel Engine
Manual,Ford Ecosport,2016.0,Bangalore,Diesel,SUV,Second Owner,68000.0,TDCi Diesel Engine
Manual,Ford Figo,2010.0,Bangalore,Diesel,Hatchback,Third Owner,113348.0,Duratorq Diesel Engine
Automatic,Audi A6,2014.0,Bangalore,Diesel,Sedan,First Owner,134000.0,TDI Diesel Engine 
Automatic,Renault Kiger,2022.0,Bangalore,Petrol,SUV,First Owner,20000.0,1.0L energy
Manual,Maruti Swift,2014.0,Bangalore,Petrol,Hatchback,First Owner,52311.0,K Series Dual jet
Manual,Maruti Swift Dzire,2014.0,Bangalore,Petrol,Sedan,First Owner,59514.0,
Automatic,Renault Kiger,2022.0,Bangalore,Petrol,SUV,First Owner,10000.0,1.0L energy
Manual,Maruti Baleno,2020.0,Bangalore,Petrol,Hatchback,First Owner,36743.0,1.2L VVT Engine
Manual,Maruti Celerio,2015.0,Bangalore,Petrol,Hatchback,First Owner,83046.0,K10C
Automatic,Maruti Celerio,2018.0,Bangalore,Petrol,Hatchback,First Owner,10000.0,K10B Engine
Manual,Honda Jazz,2016.0,Bangalore,Petrol,Hatchback,Second Owner,59420.0,i-VTEC Petrol Engine
Manual,Tata Tigor,2023.0,Bangalore,Petrol,Sedan,First Owner,4545.0,Revotron Engine
Manual,Maruti Swift,2011.0,Bangalore,Petrol,Hatchback,First Owner,70404.0,K Series Dual jet
Manual,Maruti Ciaz,2016.0,Bangalore,Petrol,Sedan,First Owner,39725.0,k14B VVT Engine
Automatic,BMW 3 Series,2022.0,Bangalore,Petrol,Sedan,First Owner,10000.0,TwinPower Turbo 4 Cylinder Petrol Engine
Automatic,Kia Seltos,2022.0,Bangalore,Diesel,SUV,First Owner,10000.0,1.5L CRDi VGT
Manual,Maruti Wagon R,2006.0,Bangalore,Petrol,Hatchback,Second Owner,60000.0,K Series Petrol Engine
Manual,Ford Ecosport,2018.0,Bangalore,Petrol,SUV,Second Owner,50000.0,Ti-VCT Petrol Engine
Manual,MG Hector,2023.0,Bangalore,Petrol,SUV,First Owner,10000.0,1.5 L Turbocharged Intercooled
Manual,Hyundai Elantra,2013.0,Bangalore,Petrol,Sedan,Third Owner,50000.0,Dual VTVT Petrol Engine
Manual,Ford Ecosport,2021.0,Bangalore,Diesel,SUV,First Owner,23272.0,TDCi Diesel Engine
Manual,Ford Ecosport,2020.0,Bangalore,Petrol,SUV,First Owner,8407.0,Ti-VCT Petrol Engine
Automatic,Maruti Swift,2018.0,Bangalore,Petrol,Hatchback,First Owner,50000.0,VTVT Engine
Automatic,Audi A4,2018.0,Bangalore,Diesel,Sedan,First Owner,10000.0,TDI Diesel Engine
Automatic,Hyundai Creta,2021.0,Bangalore,Petrol,SUV,First Owner,14881.0,1.4 L Turbo GDi Petrol
Manual,Hyundai i20,2012.0,Bangalore,Petrol,Hatchback,First Owner,54305.0,Kappa VTVT Petrol Engine
Manual,Hyundai i10,2016.0,Bangalore,Petrol,Hatchback,Second Owner,50000.0,IRDE2 Engine
Automatic,Maruti Ignis,2017.0,Bangalore,Petrol,Hatchback,First Owner,64998.0,1.2-Litre VVT Petrol Engine
Manual,Hyundai i20,2015.0,Bangalore,Petrol,Hatchback,First Owner,75940.0,Kappa VTVT Petrol Engine
Manual,Honda Jazz,2016.0,Bangalore,Petrol,Hatchback,First Owner,25639.0,i-VTEC Petrol Engine
Manual,Mahindra XUV500,2019.0,Bangalore,Diesel,SUV,First Owner,44107.0,mHawk Diesel Engine
Manual,Hyundai Verna,2014.0,Bangalore,Petrol,Sedan,Second Owner,60000.0,VTVT Petrol Engine
Manual,Maruti Celerio,2018.0,Bangalore,Petrol,Hatchback,First Owner,41594.0,K10B Engine
Automatic,Maruti Wagon R,2020.0,Bangalore,Petrol,Hatchback,Second Owner,24786.0,K12M Petrol Engine
Manual,Maruti Alto K10,2017.0,Bangalore,Petrol,Hatchback,First Owner,56000.0,K Series Petrol Engine
Automatic,Honda City,2018.0,Bangalore,Petrol,Sedan,First Owner,90000.0,Water Cooled Inline i-VTEC DOHC with VTC
Manual,Hyundai i20,2019.0,Bangalore,Petrol,Hatchback,Second Owner,31000.0,Kappa VTVT Petrol Engine
Automatic,Jaguar F-Pace,2018.0,Bangalore,Diesel,SUV,Second Owner,30000.0,Diesel Engine
Manual,Hyundai Verna,2017.0,Bangalore,Petrol,Sedan,First Owner,36000.0,VTVT Petrol Engine
Manual,Maruti Swift,2018.0,Bangalore,Petrol,Hatchback,First Owner,19065.0,VTVT Engine
Automatic,Honda Jazz,2019.0,Bangalore,Petrol,Hatchback,First Owner,30538.0,i-VTEC Petrol Engine
Manual,Hyundai i20,2018.0,Bangalore,Petrol,Hatchback,Second Owner,48891.0,Kappa VTVT Petrol Engine
Automatic,Mercedes-Benz A Class,2014.0,Bangalore,Petrol,Hatchback,Second Owner,60000.0,In-Line Petrol Engine
Manual,Maruti Swift,2018.0,Bangalore,Petrol,Hatchback,First Owner,26676.0,VTVT Engine
Manual,Maruti Swift,2015.0,Bangalore,Petrol,Hatchback,First Owner,35647.0,K Series Dual jet
Manual,Toyota Glanza,2020.0,Bangalore,Petrol,Hatchback,First Owner,63825.0,1.2 L Petrol Engine
Manual,Honda City,2018.0,Bangalore,Petrol,Sedan,Second Owner,31346.0,i VTEC Engine
Manual,Hyundai i20,2015.0,Bangalore,Petrol,Hatchback,Second Owner,79349.0,Kappa VTVT Petrol Engine
Manual,Mahindra XUV500,2015.0,Bangalore,Diesel,SUV,First Owner,88203.0,mHawk Diesel Engine
Automatic,Audi Q3,2018.0,Bangalore,Diesel,SUV,First Owner,37370.0,TDI Quattro Diesel Engine
Manual,Maruti Wagon R,2015.0,Bangalore,Petrol,Hatchback,First Owner,52228.0,K10B Petrol Engine
Automatic,Hyundai Creta,2015.0,Bangalore,Diesel,SUV,First Owner,70000.0,U2 CRDI VGT Engine
Manual,Nissan Magnite,2022.0,Bangalore,Petrol,SUV,First Owner,40542.0,HRA0 1.0 TURBO PETROL
Automatic,Renault Duster,2019.0,Bangalore,Petrol,SUV,First Owner,47936.0,H4K Petrol Engine
Manual,Maruti Gypsy,,Bangalore,Petrol,SUV,Third Owner,10000.0,
Automatic,Skoda Superb,2008.0,Bangalore,Diesel,Sedan,Second Owner,70000.0,V-Type Engine
Manual,Honda City,2013.0,Bangalore,Petrol,Sedan,Fifth Owner,110000.0,SOHC i-VTEC
Manual,Maruti Gypsy,,Bangalore,Petrol,SUV,Third Owner,10000.0,
Manual,Hyundai Creta,2016.0,Bangalore,Petrol,SUV,Second Owner,45000.0,VTVT Petrol Engine
Manual,Hyundai Venue,2019.0,Bangalore,Petrol,SUV,First Owner,20469.0,
Manual,Hyundai i20,2011.0,Bangalore,Petrol,Hatchback,First Owner,60000.0,In-Line Engine
Manual,Maruti Swift Dzire,2012.0,Bangalore,Petrol,Sedan,Second Owner,70000.0,K Series VVT Engine
Manual,Skoda Rapid,2014.0,Bangalore,Diesel,Sedan,Fourth Owner,150000.0,Turbocharged Diesel Engin
Manual,Volkswagen Vento,2017.0,Bangalore,Petrol,Sedan,Second Owner,46258.0,MPI Petrol Engine
Manual,Maruti Wagon R,2013.0,Bangalore,Petrol,Hatchback,Third Owner,54242.0,K Series Petrol Engine
Automatic,Honda Jazz,2017.0,Bangalore,Petrol,Hatchback,First Owner,90727.0,i-VTEC Petrol Engine
Manual,Mahindra XUV500,2012.0,Bangalore,Diesel,SUV,First Owner,100000.0,mHawk Diesel Engine
Manual,Maruti Swift Dzire,2017.0,Bangalore,Petrol,Sedan,First Owner,31003.0,K Series VVT Engine
Manual,Hyundai Grand i10,2017.0,Bangalore,Petrol,Hatchback,First Owner,24233.0,Kappa VTVT Petrol Engine
Manual,Volkswagen Polo,2015.0,Bangalore,Petrol,Hatchback,Third Owner,90000.0,MPI Petrol Engine
Manual,Honda Jazz,2017.0,Bangalore,Petrol,Hatchback,First Owner,36983.0,i-VTEC Petrol Engine
Automatic,Mercedes-Benz B Class,2014.0,Bangalore,Diesel,Hatchback,First Owner,68915.0,Blue Efficiency Petrol En
Manual,Maruti Swift,2021.0,Bangalore,Petrol,Hatchback,First Owner,5440.0,K Series Dual jet
Manual,Tata Tiago,2021.0,Bangalore,Petrol,Hatchback,First Owner,8096.0,1.2 L Revotron
Manual,Skoda Rapid,2012.0,Bangalore,Diesel,Sedan,Second Owner,120000.0,Turbocharged Diesel Engin
Manual,Renault Duster,2014.0,Bangalore,Petrol,SUV,Third Owner,60000.0,K4M Petrol Engine
Manual,Tata Safari Storme,2017.0,Bangalore,Diesel,SUV,First Owner,120000.0,VTT VARICOR Diesel Engine
Manual,Renault Lodgy,2015.0,Bangalore,Diesel,MUV,Second Owner,125903.0,dCI Engine
Manual,Hyundai i20,2018.0,Bangalore,Petrol,Hatchback,Second Owner,33040.0,Kappa VTVT Petrol Engine
Manual,Toyota Fortuner,2009.0,Bangalore,Diesel,SUV,Second Owner,110000.0,4 Cylinders In-line
Manual,Hyundai i20,2019.0,Bangalore,Diesel,Hatchback,First Owner,30722.0,U2 CRDI Diesel Engine
Manual,Honda City,2016.0,Bangalore,Diesel,Sedan,First Owner,80000.0,i DTEC Diesel Engine 
Manual,Toyota Fortuner,2009.0,Bangalore,Diesel,SUV,Second Owner,120000.0,4 Cylinders In-line
Automatic,Mercedes-Benz E-Class,2017.0,Bangalore,Diesel,Sedan,Second Owner,33000.0,4-in-line
Manual,Honda City,2014.0,Bangalore,Petrol,Sedan,First Owner,58778.0,i VTEC Engine
Manual,Maruti S-Presso,2019.0,Bangalore,Petrol,Hatchback,First Owner,51395.0,K10C
Automatic,Ford Ecosport,2015.0,Bangalore,Petrol,SUV,Second Owner,100000.0,Ti-VCT Petrol Engine
Manual,Maruti Swift Dzire,2013.0,Bangalore,Petrol,Sedan,Second Owner,65881.0,
Manual,Maruti Swift,2014.0,Bangalore,Petrol,Hatchback,Second Owner,49934.0,K Series Dual jet
Manual,Honda City,2016.0,Bangalore,Diesel,Sedan,Second Owner,91000.0,i DTEC Diesel Engine 
Manual,Maruti Celerio X,2018.0,Bangalore,Petrol,Hatchback,Second Owner,61576.0,K10B Petrol Engine
Manual,Maruti Ciaz,2016.0,Bangalore,Petrol,Sedan,Second Owner,114321.0,k14B VVT Engine
Manual,Maruti S-Presso,2019.0,Bangalore,Petrol,Hatchback,First Owner,53125.0,K10C
Automatic,Renault KWID,2020.0,Bangalore,Petrol,Hatchback,First Owner,36462.0,Petrol Engine
Automatic,Mercedes-Benz M-Class,2014.0,Bangalore,Diesel,SUV,First Owner,97542.0,Diesel Engine
Automatic,Mercedes-Benz GLE,2017.0,Bangalore,Diesel,SUV,First Owner,89000.0,V Type Engine
Manual,Renault Duster,2018.0,Bangalore,Petrol,SUV,Second Owner,13000.0,H4K Petrol Engine
Manual,Hyundai Verna,2018.0,Bangalore,Diesel,Sedan,First Owner,41000.0,U2 VGT Diesel Engine
Automatic,Volkswagen Polo,2017.0,Bangalore,Petrol,Hatchback,First Owner,94471.0,TSI Petrol Engine
Manual,Toyota Innova,2011.0,Bangalore,Diesel,MUV,First Owner,58000.0,In-Line Engine
Manual,Maruti Wagon R,2016.0,Bangalore,Petrol,Hatchback,First Owner,46000.0,K12M Petrol Engine
Manual,MG Astor,2022.0,Bangalore,Petrol,SUV,First Owner,10000.0,VTi-TECH
Automatic,Mercedes-Benz GLC,2020.0,Bangalore,Diesel,SUV,First Owner,36531.0,OM 654 Diesel engine
Manual,Toyota Urban cruiser,2021.0,Bangalore,Petrol,SUV,First Owner,50000.0,k-series1.5l
Manual,Maruti Celerio,2020.0,Bangalore,Petrol,Hatchback,Second Owner,36004.0,K10B Engine
Manual,Honda City,2016.0,Bangalore,Petrol,Sedan,Second Owner,58808.0,i VTEC Engine
Automatic,Mercedes-Benz C-Class,2017.0,Bangalore,Diesel,Sedan,First Owner,10000.0,In-Line Engine
Manual,Hyundai i20,2016.0,Bangalore,Petrol,Hatchback,First Owner,31983.0,Kappa VTVT Petrol Engine
Manual,Maruti Vitara Brezza,2016.0,Bangalore,Diesel,SUV,First Owner,78536.0,DDiS 200 Diesel Engine
Manual,Kia Seltos,2022.0,Bangalore,Diesel,SUV,First Owner,20000.0,1.5 L CRDi VGT
Manual,Maruti Swift Dzire,2013.0,Bangalore,Petrol,Sedan,Second Owner,54134.0,
Automatic,Kia Seltos,2021.0,Bangalore,Petrol,SUV,First Owner,10000.0,Smartstream G1.5
Manual,Hyundai Grand i10,2019.0,Bangalore,Petrol,Hatchback,Second Owner,27227.0,Kappa VTVT Petrol Engine
Automatic,Jeep Compass,2019.0,Bangalore,Petrol,SUV,First Owner,25508.0,1.4-Litre 4-Cyl Multiair Engine
Manual,Hyundai i20,2017.0,Bangalore,Petrol,Hatchback,First Owner,30000.0,Kappa VTVT Petrol Engine
Automatic,Kia Seltos,2019.0,Bangalore,Petrol,SUV,First Owner,20000.0,Smartstream G1.4
Manual,Volkswagen Vento,2012.0,Bangalore,Diesel,Sedan,Second Owner,100000.0,Common Rail Diesel Engine
Automatic,Mahindra Thar,2021.0,Bangalore,Petrol,SUV,First Owner,20000.0,mStallion 150 TGDi Engine
Manual,Hyundai i20,2011.0,Bangalore,Petrol,Hatchback,First Owner,50000.0,In-Line Engine
Automatic,Mercedes-Benz CLA,2018.0,Bangalore,Diesel,Sedan,First Owner,36000.0,In Line Diesel Engine
Manual,Hyundai i20,2019.0,Bangalore,Diesel,Hatchback,First Owner,40000.0,U2 CRDI Diesel Engine
Automatic,Hyundai Venue,2021.0,Bangalore,Petrol,SUV,First Owner,19047.0,
Manual,Tata Nexon,2020.0,Bangalore,Petrol,SUV,First Owner,50000.0,Revotron 1.2L Turbocharged engine
Automatic,Maruti Celerio,2018.0,Bangalore,Petrol,Hatchback,First Owner,64453.0,K10B Engine
Manual,Honda Brio,2018.0,Bangalore,Petrol,Hatchback,First Owner,43387.0,i-VTEC Engine
Automatic,Maruti Baleno,2020.0,Bangalore,Petrol,Hatchback,First Owner,36538.0,1.2L VVT Engine
Manual,Hyundai i20 Active,2017.0,Bangalore,Petrol,Hatchback,Second Owner,36787.0,VTVT Petrol Engine
Manual,Maruti Celerio,2018.0,Bangalore,Petrol,Hatchback,Second Owner,32112.0,K10C
Manual,Hyundai Creta,2022.0,Bangalore,Petrol,SUV,First Owner,30000.0,1.5 L MPi Petrol
Manual,Hyundai Grand i10,2017.0,Bangalore,Petrol,Hatchback,First Owner,53701.0,Kappa VTVT Petrol Engine
Manual,Hyundai Grand i10,2018.0,Bangalore,Petrol,Hatchback,Second Owner,30000.0,Kappa VTVT Petrol Engine
Manual,Maruti Alto 800,2020.0,Bangalore,Petrol,Hatchback,Second Owner,26085.0,F8D Petrol Engine
Manual,Hyundai Grand i10,2016.0,Bangalore,Petrol,Hatchback,Third Owner,46894.0,Kappa VTVT Petrol Engine
Manual,Kia Sonet,2021.0,Bangalore,Petrol,SUV,First Owner,30000.0,Smartstream G1.0 T - GDi
Automatic,Honda CR-V,2017.0,Bangalore,Petrol,SUV,Second Owner,53692.0,i-VTEC Petrol Engine
Automatic,Mahindra XUV500,2018.0,Bangalore,Diesel,SUV,Second Owner,37809.0,mHawk155 Diesel Engine
Automatic,Tata Tiago,2018.0,Bangalore,Petrol,Hatchback,First Owner,33000.0,Revotron Engine
Manual,Maruti Wagon R,2022.0,Bangalore,Petrol,Hatchback,First Owner,30813.0,K12M Petrol Engine
Manual,Hyundai Verna,2013.0,Bangalore,Diesel,Sedan,First Owner,56254.0,U2 VGT Diesel Engine 
Automatic,Mercedes-Benz CLA,2017.0,Bangalore,Diesel,Sedan,First Owner,58000.0,In Line Diesel Engine
Automatic,Maruti Ciaz,2020.0,Bangalore,Petrol,Sedan,Second Owner,15727.0,K15 Smart Hybrid Petrol Engine
Automatic,Mahindra e2o Plus,2017.0,Bangalore,Electric,Hatchback,First Owner,20000.0,210AH Lithium Ion
Automatic,MG Comet EV,2023.0,Bangalore,Electric,Hatchback,First Owner,150.0,
Manual,Hyundai i20,2021.0,Bangalore,Petrol,Hatchback,First Owner,21113.0,1.0 l Turbo GDi petrol
Manual,Hyundai Elantra,2021.0,Bangalore,Diesel,Sedan,First Owner,71775.0,1.5 L U2 diesel
Automatic,Maruti Swift,2018.0,Bangalore,Petrol,Hatchback,First Owner,59882.0,K Series Dual jet
Automatic,Hyundai Grand i10,2014.0,Bangalore,Petrol,Hatchback,Second Owner,24463.0,Kappa VTVT Petrol Engine
Manual,Honda City,2015.0,Bangalore,Petrol,Sedan,First Owner,72352.0,i VTEC Engine
Manual,Ford Ecosport,2017.0,Bangalore,Diesel,SUV,First Owner,90928.0,TDCi Diesel Engine
Manual,Nissan Magnite,2021.0,Bangalore,Petrol,SUV,Second Owner,10000.0,HRA0 1.0 TURBO PETROL
Manual,Ford Figo,2014.0,Bangalore,Petrol,Hatchback,Second Owner,60000.0,Duratec Petrol Engine
Manual,Maruti Omni,,Bangalore,Petrol,Minivans,Fifth Owner,80000.0,In-Line Engine
Manual,Maruti Vitara Brezza,2016.0,Bangalore,Diesel,SUV,First Owner,117530.0,DDiS 200 Diesel Engine
Manual,Maruti Swift,2011.0,Bangalore,Petrol,Hatchback,First Owner,102814.0,K Series Dual jet
Manual,Tata Tiago,2021.0,Bangalore,Petrol,Hatchback,First Owner,20000.0,1.2 L Revotron
Automatic,Maruti Celerio,2017.0,Bangalore,Petrol,Hatchback,First Owner,34801.0,K10B Engine
Manual,Maruti Celerio,2018.0,Bangalore,Petrol,Hatchback,Third Owner,51877.0,K10C
Automatic,Hyundai Verna,2023.0,Bangalore,Petrol,Sedan,First Owner,10000.0,1.5 l MPi petrol
Manual,Maruti Celerio X,2018.0,Bangalore,Petrol,Hatchback,Second Owner,17125.0,K10B Petrol Engine
Manual,Renault Duster,2014.0,Bangalore,Diesel,SUV,First Owner,30000.0,dCi Diesel Engine
Manual,Maruti Baleno,2016.0,Bangalore,Petrol,Hatchback,First Owner,50318.0,VVT Petrol Engine
Manual,Hyundai Verna,2012.0,Bangalore,Petrol,Sedan,First Owner,46123.0,VTVT Petrol Engine
Manual,Hyundai Getz,2006.0,Bangalore,Petrol,Hatchback,Third Owner,120000.0,In-Line Engine
Manual,Hyundai i20,2015.0,Bangalore,Diesel,Hatchback,Second Owner,70000.0,U2 CRDI Diesel Engine
Automatic,Volkswagen Jetta,2014.0,Bangalore,Diesel,Sedan,First Owner,33360.0,Diesel Engine
Automatic,Volkswagen Tiguan,2022.0,Bangalore,Petrol,SUV,First Owner,21800.0,2.0 TSI
Manual,Tata Altroz,2023.0,Bangalore,Petrol,Hatchback,First Owner,10000.0,1.2 l Revotron
Manual,Hyundai Santro Xing,2006.0,Bangalore,Petrol,Hatchback,Third Owner,60000.0,
Automatic,Tata Nexon EV Max,2023.0,Bangalore,Electric,SUV,First Owner,10000.0,
Automatic,Hyundai i20,2021.0,Bangalore,Petrol,Hatchback,First Owner,11045.0,1.2 l Kappa petrol
Automatic,Volkswagen Vento,2018.0,Bangalore,Diesel,Sedan,First Owner,51406.0,TDI Diesel Engine
Manual,Tata Indica V2,2012.0,Bangalore,Diesel,Hatchback,First Owner,70000.0,CR4 Diesel Engine
Manual,Maruti Baleno,2017.0,Bangalore,Petrol,Hatchback,First Owner,26031.0,VVT Petrol Engine
Manual,Maruti Swift,2016.0,Bangalore,Petrol,Hatchback,First Owner,30740.0,K Series Dual jet
Automatic,MG Astor,2022.0,Bangalore,Petrol,SUV,First Owner,20000.0,VTi-TECH
Automatic,Maruti Ignis,2017.0,Bangalore,Petrol,Hatchback,First Owner,65909.0,1.2-Litre VVT Petrol Engine
Manual,Hyundai i20,2013.0,Bangalore,Petrol,Hatchback,First Owner,140590.0,Kappa VTVT Petrol Engine
Automatic,Toyota Innova Crysta,2019.0,Bangalore,Petrol,MUV,Second Owner,32953.0,2-TR-FE Dual VVT-i Engine
Automatic,Maruti Swift Dzire,2019.0,Bangalore,Petrol,Sedan,First Owner,51801.0,K Series VVT Engine
Manual,Hyundai Xcent,2015.0,Bangalore,Diesel,Sedan,First Owner,80000.0,U2 CRDI Diesel Engine
Manual,Hyundai i20,2017.0,Bangalore,Petrol,Hatchback,First Owner,62621.0,Kappa VTVT Petrol Engine
Manual,Maruti Swift,2014.0,Bangalore,Petrol,Hatchback,First Owner,79068.0,K Series Dual jet
Manual,Maruti Swift,2018.0,Bangalore,Petrol,Hatchback,First Owner,50000.0,VTVT Engine
Automatic,Volkswagen Ameo,2018.0,Bangalore,Diesel,Sedan,Second Owner,30000.0,TDI Diesel Engine
Manual,Hyundai i10,2008.0,Bangalore,Petrol,Hatchback,Second Owner,72000.0,IRDE2 Engine
Manual,Hyundai i10,2008.0,Bangalore,Petrol,Hatchback,Second Owner,80000.0,IRDE2 Engine
Manual,Toyota Innova Crysta,2021.0,Bangalore,Petrol,MUV,First Owner,10000.0,2.7L Dual VVT
Automatic,Tata Harrier,2022.0,Bangalore,Diesel,SUV,First Owner,20000.0,Kryotec 2.0 L Turbocharged Engine
Automatic,Mahindra XUV500,2016.0,Bangalore,Diesel,SUV,Second Owner,36314.0,mHawk Diesel Engine
Manual,Volkswagen Polo,2010.0,Bangalore,Petrol,Hatchback,First Owner,67000.0,In-Line Petrol Engine 
Automatic,Tata Nexon EV Prime,2020.0,Bangalore,Electric,SUV,First Owner,30000.0,
Automatic,Tata Nexon EV Prime,2022.0,Bangalore,Electric,SUV,First Owner,21236.0,
Automatic,Maruti Ignis,2017.0,Bangalore,Petrol,Hatchback,Second Owner,47488.0,1.2-Litre VVT Petrol Engine
Manual,Honda Jazz,2016.0,Bangalore,Petrol,Hatchback,First Owner,56814.0,i-VTEC Petrol Engine
Automatic,Honda City,2004.0,Bangalore,Petrol,Sedan,First Owner,90000.0,In-Line Engine
Manual,Hyundai i10,2012.0,Bangalore,Petrol,Hatchback,First Owner,63206.0,DOHC Kappa2 Engine
Manual,Maruti Ciaz,2018.0,Bangalore,Petrol,Sedan,Second Owner,61103.0,k15B VVT Engine
Manual,Maruti Alto,2008.0,Bangalore,Petrol,Hatchback,First Owner,70000.0,In-Line Engine
Automatic,Maruti Celerio,2015.0,Bangalore,Petrol,Hatchback,Third Owner,112268.0,K10B Engine
Manual,Maruti Swift,2006.0,Bangalore,Petrol,Hatchback,Second Owner,70000.0,In-Line Engine
Manual,Volkswagen Taigun,2021.0,Bangalore,Petrol,SUV,First Owner,97346.0,1.0L TSI
Manual,Hyundai Grand i10,2018.0,Bangalore,Petrol,Hatchback,Second Owner,36977.0,Kappa VTVT Petrol Engine
Manual,Maruti Swift,2006.0,Bangalore,Petrol,Hatchback,Third Owner,70000.0,In-Line Engine
Manual,Hyundai i20,2013.0,Bangalore,Diesel,Hatchback,Second Owner,60000.0,U2 CRDI Diesel Engine
Manual,Hyundai Santro,2003.0,Bangalore,Petrol,Hatchback,Second Owner,80000.0,
Automatic,Renault KWID,2016.0,Bangalore,Petrol,Hatchback,Second Owner,35000.0,Petrol Engine
Manual,Hyundai Getz,2006.0,Bangalore,Petrol,Hatchback,Third Owner,100000.0,In-Line Engine
Manual,Maruti Wagon R,2005.0,Bangalore,Petrol,Hatchback,Second Owner,90000.0,K Series Petrol Engine
Automatic,BMW X1,2018.0,Bangalore,Diesel,SUV,First Owner,85700.0,Diesel Engine
Automatic,Mercedes-Benz C-Class,2016.0,Bangalore,Diesel,Sedan,First Owner,50000.0,In-Line Engine
Manual,Toyota Innova,2015.0,Bangalore,Diesel,MUV,Second Owner,50000.0,2KD-FTV Diesel Engine
Manual,Maruti Alto K10,2015.0,Bangalore,Petrol,Hatchback,First Owner,50000.0,K Series Petrol Engine
Manual,Maruti Wagon R,2014.0,Bangalore,Petrol,Hatchback,Second Owner,40082.0,K10B Petrol Engine
Automatic,Maruti Swift Dzire,2017.0,Bangalore,Diesel,Sedan,Second Owner,112566.0,DDiS Diesel Engine
Automatic,Hyundai Creta,2020.0,Bangalore,Petrol,SUV,First Owner,68000.0,1.4 L Turbo GDi Petrol
Automatic,Maruti Wagon R,2021.0,Bangalore,Petrol,Hatchback,First Owner,61978.0,K12M Petrol Engine
Manual,Maruti Wagon R,2021.0,Bangalore,Petrol,Hatchback,First Owner,27658.0,K12M Petrol Engine
Manual,Kia Seltos,2019.0,Bangalore,Petrol,SUV,First Owner,26000.0,SMARTSTREAM G1.5
Manual,Hyundai i20,2015.0,Bangalore,Petrol,Hatchback,Second Owner,43371.0,Kappa VTVT Petrol Engine
Manual,Ford Ecosport,2014.0,Bangalore,Diesel,SUV,Second Owner,120000.0,TDCi Diesel Engine
Manual,Honda Jazz,2017.0,Bangalore,Petrol,Hatchback,First Owner,67633.0,i-VTEC Petrol Engine
Manual,Maruti Baleno,2016.0,Bangalore,Petrol,Hatchback,First Owner,76794.0,VVT Petrol Engine
Manual,Toyota Innova,2011.0,Bangalore,Diesel,MUV,First Owner,120000.0,In-Line Engine
Automatic,Toyota Innova Crysta,2018.0,Bangalore,Diesel,MUV,First Owner,59577.0,1-GD FTV Engine
Manual,Chevrolet Cruze,2010.0,Bangalore,Diesel,Sedan,Second Owner,100000.0,"4 Cylinder, VCDi"
Manual,Toyota Camry,2004.0,Bangalore,Petrol,Sedan,Third Owner,100000.0,In-Line Engine
Manual,Hyundai i10,2012.0,Bangalore,Petrol,Hatchback,Second Owner,50000.0,DOHC Kappa2 Engine
Automatic,Kia Sonet,2022.0,Bangalore,Diesel,SUV,First Owner,20000.0,1.5 L CRDi VGT
Manual,Maruti Alto,2006.0,Bangalore,Petrol,Hatchback,Second Owner,120000.0,In-Line Engine
Manual,Fiat Punto Abarth,2018.0,Bangalore,Petrol,Hatchback,Second Owner,50000.0,T-Jet Petrol Engine
Manual,Hyundai Creta,2015.0,Bangalore,Diesel,SUV,First Owner,80000.0,U2 CRDI VGT Engine
Manual,Mahindra TUV 300,2015.0,Bangalore,Diesel,SUV,Second Owner,80000.0,mHawk 100 Diesel Engine
Manual,Maruti Swift Dzire,2017.0,Bangalore,Diesel,Sedan,First Owner,94932.0,DDiS Diesel Engine
Manual,Maruti Baleno,2016.0,Bangalore,Petrol,Hatchback,First Owner,75140.0,VVT Petrol Engine
Manual,Chevrolet Beat,2011.0,Bangalore,Petrol,Hatchback,First Owner,88000.0,Smartech Engine
Manual,Hyundai i20,2016.0,Bangalore,Petrol,Hatchback,First Owner,73969.0,Kappa VTVT Petrol Engine
Manual,Hyundai Verna,2016.0,Bangalore,Petrol,Sedan,First Owner,62598.0,VTVT Petrol Engine
Automatic,Toyota Corolla Altis,2017.0,Bangalore,Petrol,Sedan,Second Owner,70000.0,2ZR-FE Petrol Engine
Manual,Maruti Alto 800,2021.0,Bangalore,Petrol,Hatchback,Second Owner,24343.0,F8D Petrol Engine
Manual,Volkswagen Polo,2014.0,Bangalore,Diesel,Hatchback,Second Owner,110000.0,In-Line Diesel Engine
Manual,Volkswagen Polo,2017.0,Bangalore,Petrol,Hatchback,Second Owner,58917.0,MPI Petrol Engine
Manual,Maruti Swift,2016.0,Bangalore,Petrol,Hatchback,First Owner,72338.0,K Series Dual jet
Manual,Tata Indica V2,2003.0,Bangalore,Diesel,Hatchback,First Owner,50000.0,In-Line Engine
Manual,Mahindra XUV500,2015.0,Bangalore,Diesel,SUV,Third Owner,110000.0,mHawk Diesel Engine
Automatic,Honda Brio,2012.0,Bangalore,Petrol,Hatchback,Second Owner,41000.0,SOHC i-VTEC
Automatic,Hyundai i10,2009.0,Bangalore,Petrol,Hatchback,Second Owner,70000.0,In-Line Engine
Manual,Maruti Swift Dzire,2019.0,Bangalore,Petrol,Sedan,First Owner,25887.0,In-Line Engine
Manual,Honda City,2016.0,Bangalore,Petrol,Sedan,First Owner,40000.0,i VTEC Engine
Manual,Maruti Swift,2015.0,Bangalore,Diesel,Hatchback,First Owner,50000.0,DDiS Diesel Engine
Manual,Maruti Eeco,2021.0,Bangalore,Petrol,Minivans,First Owner,10000.0,G12B
Manual,Volkswagen Polo,2022.0,Bangalore,Petrol,Hatchback,First Owner,20000.0,1.0L TSI Petrol
Manual,Hyundai Verna,2017.0,Bangalore,Petrol,Sedan,Second Owner,60000.0,VTVT Petrol Engine
Manual,Hyundai i20,2017.0,Bangalore,Petrol,Hatchback,Second Owner,64235.0,Kappa VTVT Petrol Engine
Manual,Maruti Baleno,2018.0,Bangalore,Diesel,Hatchback,First Owner,83873.0,DDiS Diesel Engine
Manual,Skoda Rapid,2012.0,Bangalore,Diesel,Sedan,Second Owner,120000.0,Turbocharged Diesel Engin
Manual,Hyundai Verna,2016.0,Bangalore,Petrol,Sedan,Second Owner,93059.0,VTVT Petrol Engine
Manual,Maruti Baleno,2017.0,Bangalore,Petrol,Hatchback,First Owner,45681.0,VVT Petrol Engine
Manual,Maruti 1000,,Bangalore,Petrol,Sedan,Third Owner,50000.0,
Manual,Honda Jazz,2017.0,Bangalore,Petrol,Hatchback,Second Owner,45938.0,i-VTEC Petrol Engine
Manual,Maruti Baleno,2018.0,Bangalore,Petrol,Hatchback,First Owner,40000.0,VVT Petrol Engine
Manual,Maruti Swift,2018.0,Bangalore,Petrol,Hatchback,Second Owner,57423.0,K Series Dual jet
Automatic,Hyundai Grand i10,2015.0,Bangalore,Petrol,Hatchback,First Owner,60942.0,Kappa VTVT Petrol Engine
Automatic,Hyundai Creta,2018.0,Bangalore,Petrol,SUV,First Owner,70000.0,VTVT Petrol Engine
Manual,Jeep Compass,2018.0,Bangalore,Diesel,SUV,Second Owner,80000.0,2.0-Litre 4-Cyl Multijet II Engine
Automatic,Citroen C5 Aircross,2021.0,Bangalore,Diesel,SUV,First Owner,19875.0,DW10FC
Automatic,Mahindra XUV700,2022.0,Bangalore,Diesel,SUV,First Owner,20000.0,2.2 L Turbo Diesel
Manual,Hyundai Grand i10 Nios,2021.0,Bangalore,Petrol,Hatchback,Second Owner,10000.0,1.2 Kappa petrol
Manual,Toyota Innova,2012.0,Bangalore,Diesel,MUV,Second Owner,120000.0,In-Line Engine
Automatic,Volkswagen Tiguan,2022.0,Bangalore,Petrol,SUV,First Owner,20000.0,2.0 TSI
Manual,Hyundai Verna,2013.0,Bangalore,Diesel,Sedan,Fourth Owner,120000.0,Diesel Engine
Manual,Fiat Linea,2009.0,Bangalore,Petrol,Sedan,First Owner,50000.0,Front Wheel Drive
Automatic,BMW 3 Series GT,2018.0,Bangalore,Diesel,Sedan,First Owner,30000.0,TwinPower Turbo 4-Cylinder Diesel Engine
Manual,Hyundai i20,2020.0,Bangalore,Petrol,Hatchback,First Owner,14949.0,1.0 l Turbo GDi petrol
Automatic,Maruti Baleno,2017.0,Bangalore,Petrol,Hatchback,First Owner,77995.0,VVT Petrol Engine
Manual,Tata Nexon,2021.0,Bangalore,Petrol,SUV,First Owner,20000.0,1.2l Turbocharged Revotron Engine
Manual,Maruti Ciaz,2020.0,Bangalore,Petrol,Sedan,First Owner,40908.0,K15 Smart Hybrid Petrol Engine
Automatic,Hyundai Grand i10,2016.0,Bangalore,Petrol,Hatchback,Second Owner,39693.0,Kappa VTVT Petrol Engine
Manual,Hyundai Verna,2010.0,Bangalore,Petrol,Sedan,First Owner,40000.0,Petrol
Manual,Maruti Swift,2016.0,Bangalore,Petrol,Hatchback,First Owner,63411.0,K Series Dual jet
Manual,Maruti Swift,2018.0,Bangalore,Petrol,Hatchback,First Owner,30000.0,VTVT Engine
Manual,Hyundai Grand i10,2014.0,Bangalore,Petrol,Hatchback,Second Owner,94221.0,Kappa VTVT Petrol Engine
Manual,Hyundai i20,2017.0,Bangalore,Petrol,Hatchback,First Owner,93975.0,Kappa VTVT Petrol Engine
Manual,Mahindra XUV300,2019.0,Bangalore,Petrol,SUV,First Owner,30000.0,1.2L Petrol
Manual,Volkswagen Polo,2020.0,Bangalore,Petrol,Hatchback,Second Owner,30155.0,1.0L TSI Petrol
Manual,Volkswagen Polo,2016.0,Bangalore,Petrol,Hatchback,Second Owner,59006.0,MPI Petrol Engine
Manual,Maruti Zen,2004.0,Bangalore,Petrol,Hatchback,Fourth Owner,100000.0,In-Line Engine
Automatic,Tata Nexon,2022.0,Bangalore,Petrol,SUV,First Owner,18570.0,1.2l Turbocharged Revotron Engine
Manual,Toyota Innova Crysta,2021.0,Bangalore,Diesel,MUV,First Owner,48246.0,2.4L Diesel Engine
Automatic,Mercedes-Benz C-Class,2017.0,Bangalore,Diesel,Sedan,First Owner,10000.0,In-Line Engine
Manual,Maruti Baleno,2016.0,Bangalore,Diesel,Hatchback,First Owner,61263.0,DDiS Diesel Engine
Manual,Honda WR-V,2017.0,Bangalore,Petrol,SUV,Second Owner,65507.0,i-VTEC Petrol Engine
Manual,Renault Duster,2014.0,Bangalore,Diesel,SUV,First Owner,100000.0,dCi Diesel Engine
Manual,Honda WR-V,2017.0,Bangalore,Petrol,SUV,First Owner,26158.0,i-VTEC Petrol Engine
Manual,Maruti Swift,2015.0,Bangalore,Petrol,Hatchback,First Owner,35250.0,K Series Dual jet
Manual,Mahindra Quanto,2012.0,Bangalore,Diesel,SUV,First Owner,65965.0,mCR100 Diesel Engine
Manual,Maruti Celerio,2015.0,Bangalore,Petrol,Hatchback,Second Owner,40304.0,K10C
Automatic,Land Rover Freelander 2,2013.0,Bangalore,Diesel,SUV,First Owner,80000.0,SD4 Diesel Engine 
Manual,Maruti Swift,2014.0,Bangalore,Petrol,Hatchback,First Owner,56661.0,K Series Dual jet
Manual,Hyundai i20,2016.0,Bangalore,Petrol,Hatchback,Second Owner,90213.0,Kappa VTVT Petrol Engine
Manual,Volkswagen Vento,2010.0,Bangalore,Petrol,Sedan,Third Owner,70000.0,In Line Petrol Engine
Manual,Hyundai Verna,2013.0,Bangalore,Diesel,Sedan,Fourth Owner,120000.0,Diesel Engine
Manual,Nissan Magnite,2021.0,Bangalore,Petrol,SUV,Second Owner,10000.0,B4D 1.0 NA PETROL
Automatic,Honda Jazz,2021.0,Bangalore,Petrol,Hatchback,First Owner,20739.0,1.2 i-VTEC
Manual,Hyundai i20,2020.0,Bangalore,Petrol,Hatchback,Second Owner,20000.0,Kappa VTVT Petrol Engine
Manual,OpelCorsa,2004.0,Bangalore,Petrol,Sedan,First Owner,70000.0,In-Line Engine
Automatic,Mahindra Thar,2021.0,Bangalore,Petrol,SUV,First Owner,10000.0,mStallion 150 TGDi Engine
Manual,Chevrolet Cruze,2009.0,Bangalore,Diesel,Sedan,Third Owner,60000.0,"4 Cylinder, VCDi"
Automatic,Mercedes-Benz C-Class,2017.0,Bangalore,Diesel,Sedan,First Owner,10000.0,In-Line Engine
Manual,Hyundai i20,2015.0,Bangalore,Diesel,Hatchback,First Owner,70000.0,U2 CRDI Diesel Engine
Manual,Hyundai i20,2015.0,Bangalore,Petrol,Hatchback,Second Owner,47127.0,Kappa VTVT Petrol Engine
Manual,Maruti Swift,2017.0,Bangalore,Petrol,Hatchback,First Owner,47038.0,K Series VVT Engine
Manual,Honda City,2007.0,Bangalore,Petrol,Sedan,Third Owner,120000.0,In-Line Engine
Manual,Hyundai Grand i10,2018.0,Bangalore,Petrol,Hatchback,First Owner,40769.0,Kappa VTVT Petrol Engine
Manual,Hyundai Grand i10,2017.0,Bangalore,Petrol,Hatchback,First Owner,34757.0,Kappa VTVT Petrol Engine
Manual,Hyundai Santro Xing,2006.0,Bangalore,Petrol,Hatchback,Third Owner,100000.0,
Automatic,Hyundai Grand i10,2016.0,Bangalore,Petrol,Hatchback,Second Owner,88119.0,Kappa VTVT Petrol Engine
Automatic,Toyota Fortuner,2015.0,Bangalore,Diesel,SUV,First Owner,120000.0,D-4D Diesel Engine
Manual,Hyundai Grand i10,2017.0,Bangalore,Petrol,Hatchback,First Owner,57176.0,Kappa VTVT Petrol Engine
Manual,Maruti Swift,2015.0,Bangalore,Petrol,Hatchback,Second Owner,62223.0,K Series Dual jet
Manual,Maruti Ertiga,2018.0,Bangalore,Petrol,MUV,First Owner,55000.0,K15 Smart Hybrid
Manual,Mahindra Scorpio,2020.0,Bangalore,Diesel,SUV,First Owner,52000.0,mHawk Diesel Engine
Manual,Maruti Eeco,2018.0,Bangalore,Petrol,Minivans,First Owner,63251.0,G12B
Manual,Hyundai i10,2010.0,Bangalore,Petrol,Hatchback,Third Owner,20000.0,Kappa Petrol Engine
Manual,Chevrolet Cruze,2009.0,Bangalore,Diesel,Sedan,Third Owner,60000.0,"4 Cylinder, VCDi"
Automatic,Citroen C5 Aircross,2021.0,Bangalore,Diesel,SUV,First Owner,20000.0,DW10FC
Manual,Ford Ikon,2004.0,Bangalore,Petrol,Sedan,Second Owner,80000.0,In-Line Engine
Automatic,Hyundai Grand i10,2018.0,Bangalore,Petrol,Hatchback,First Owner,40000.0,Kappa VTVT Petrol Engine
Automatic,Tata New Safari,2022.0,Bangalore,Diesel,SUV,First Owner,20000.0,Kryotec 2.0 L Turbocharged Engine
Manual,Hyundai i20,2012.0,Bangalore,Petrol,Hatchback,First Owner,67444.0,Kappa VTVT Petrol Engine
Automatic,Maruti Baleno,2016.0,Bangalore,Petrol,Hatchback,Second Owner,63837.0,VVT Petrol Engine
Manual,Mahindra Xylo,2012.0,Bangalore,Diesel,MUV,Second Owner,61000.0,In-Line Engine
Manual,Maruti Swift,2016.0,Bangalore,Petrol,Hatchback,First Owner,60777.0,K Series Dual jet
Manual,Maruti Baleno,2016.0,Bangalore,Petrol,Hatchback,Second Owner,39248.0,VVT Petrol Engine
Automatic,BMW 5 Series,2014.0,Bangalore,Diesel,Sedan,First Owner,66000.0,Diesel Engine
Manual,Honda Brio,2015.0,Bangalore,Petrol,Hatchback,First Owner,96198.0,i-VTEC Engine
Automatic,Honda City,2013.0,Bangalore,Petrol,Sedan,Second Owner,50000.0,SOHC i-VTEC
Manual,Maruti Wagon R,2015.0,Bangalore,Petrol,Hatchback,Third Owner,81207.0,K10B Petrol Engine
Manual,Maruti Swift,2021.0,Bangalore,Petrol,Hatchback,First Owner,48148.0,K Series Dual jet
Manual,Maruti Celerio,2015.0,Bangalore,Petrol,Hatchback,First Owner,120000.0,K10B Engine
Manual,Tata Zest,2018.0,Bangalore,Diesel,Sedan,Third Owner,90000.0,Quadrajet Engine
Manual,Mahindra Thar,2017.0,Bangalore,Diesel,SUV,Second Owner,60000.0,MDI 3200TC Engine
Manual,Fiat Linea,2009.0,Bangalore,Petrol,Sedan,Fourth Owner,120000.0,Front Wheel Drive
Automatic,Honda New Accord,2008.0,Bangalore,Petrol,Sedan,Third Owner,70000.0,DOHC i-VTEC
Manual,Mahindra XUV300,2022.0,Bangalore,Diesel,SUV,First Owner,30000.0,1.5L Turbo Diesel with CRDi
Manual,Maruti Omni,,Bangalore,Petrol,Hatchback,Third Owner,30000.0,In-Line Engine
Manual,Nissan Terrano,2013.0,Bangalore,Diesel,SUV,Second Owner,120000.0,K9K Diesel Engine
Automatic,Mercedes-Benz GLC,2018.0,Bangalore,Diesel,SUV,Second Owner,64389.0,Diesel Engine
Manual,Maruti Alto 800,2014.0,Bangalore,Petrol,Hatchback,Second Owner,60000.0,F8D Petrol Engine
Manual,Maruti Swift,2015.0,Bangalore,Petrol,Hatchback,First Owner,67245.0,K Series Dual jet
Automatic,Hyundai Verna,2018.0,Bangalore,Petrol,Sedan,Second Owner,30518.0,VTVT Petrol Engine
Automatic,Mercedes-Benz A-Class Limousine,2022.0,Bangalore,Petrol,Sedan,First Owner,20000.0,L4 200
Manual,Maruti Ciaz,2018.0,Bangalore,Diesel,Sedan,First Owner,102407.0,DDIS Diesel Engine
Manual,Hyundai i20,2015.0,Bangalore,Petrol,Hatchback,First Owner,53606.0,Kappa VTVT Petrol Engine
Manual,Skoda Yeti,2015.0,Bangalore,Diesel,SUV,First Owner,90000.0,Diesel Engine
Manual,Maruti Baleno,2016.0,Bangalore,Petrol,Hatchback,Second Owner,44253.0,VVT Petrol Engine
Manual,Maruti Eeco,2021.0,Bangalore,CNG,Minivans,First Owner,40000.0,G12B
Manual,Tata Tiago,2021.0,Bangalore,Petrol,Hatchback,First Owner,34702.0,1.2 L Revotron
Manual,Maruti Swift,2012.0,Bangalore,Petrol,Hatchback,First Owner,42762.0,K Series Dual jet
Manual,Maruti Alto K10,2015.0,Bangalore,Petrol,Hatchback,Second Owner,50000.0,K Series Petrol Engine
Automatic,Renault Triber,2022.0,Bangalore,Petrol,MUV,First Owner,30000.0,
Automatic,Mahindra XUV500,2016.0,Bangalore,Diesel,SUV,Second Owner,80000.0,mHawk Diesel Engine
Manual,Maruti Ertiga,2022.0,Bangalore,CNG,MUV,First Owner,20000.0,K15C
Manual,Maruti SX4,2014.0,Bangalore,CNG,Sedan,Second Owner,50000.0,VVT Engine
Automatic,Jaguar XE,2019.0,Bangalore,Petrol,Sedan,First Owner,28000.0,Petrol Engine
Manual,Maruti Swift Dzire,2020.0,Bangalore,Petrol,Sedan,First Owner,40000.0,K Series VVT Engine
Manual,Maruti Baleno,2020.0,Bangalore,Petrol,Hatchback,First Owner,10000.0,1.2L VVT Engine
Manual,Maruti Baleno,2016.0,Bangalore,Petrol,Hatchback,First Owner,60000.0,VVT Petrol Engine
Manual,Chevrolet Spark,2008.0,Bangalore,Petrol,Hatchback,Fourth Owner,110000.0,In-Line Engine
Manual,Hyundai i20,2016.0,Bangalore,Petrol,Hatchback,First Owner,57459.0,Kappa VTVT Petrol Engine
Manual,Hyundai Grand i10,2017.0,Bangalore,Petrol,Hatchback,First Owner,70381.0,Kappa VTVT Petrol Engine
Manual,Volkswagen Polo,2012.0,Bangalore,Diesel,Hatchback,Third Owner,90000.0,In-Line Diesel Engine
Manual,Maruti Ciaz,2020.0,Bangalore,Petrol,Sedan,First Owner,80648.0,K15 Smart Hybrid Petrol Engine
Manual,Hyundai Creta,2016.0,Bangalore,Petrol,SUV,Second Owner,81853.0,VTVT Petrol Engine
Manual,Hyundai Santro Xing,2009.0,Bangalore,Petrol,Hatchback,First Owner,40000.0,Petrol Engine 
Manual,Honda Brio,2012.0,Bangalore,Petrol,Hatchback,First Owner,90802.0,i-VTEC Engine
Manual,Hyundai Santro Xing,2009.0,Bangalore,Petrol,Hatchback,First Owner,40000.0,Petrol Engine 
Manual,Hyundai Santro,2021.0,Bangalore,Petrol,Hatchback,First Owner,16502.0,1.1 L Petrol
Manual,Maruti Ignis,2021.0,Bangalore,Petrol,Hatchback,First Owner,31530.0,1.2-Litre VVT Petrol Engine
Manual,Maruti Ertiga,2017.0,Bangalore,Diesel,MUV,Second Owner,120000.0,D13A SHVS Engine
Manual,Maruti Swift,2015.0,Bangalore,Diesel,Hatchback,Second Owner,80000.0,DDiS Diesel Engine
Automatic,Honda City,2014.0,Bangalore,Petrol,Sedan,First Owner,71086.0,i VTEC Engine
Manual,Maruti Ritz,2011.0,Bangalore,Diesel,Hatchback,Second Owner,110000.0,In-Line Engine
Automatic,Ford Endeavour,2020.0,Bangalore,Diesel,SUV,First Owner,50000.0,Diesel Engine
Automatic,Hyundai i20 N Line,2021.0,Bangalore,Petrol,Hatchback,First Owner,18000.0,1.0 Turbo GDI
Manual,Honda City,2014.0,Bangalore,Petrol,Sedan,Second Owner,60000.0,i VTEC Engine
Manual,Chevrolet Tavera,2016.0,Bangalore,Diesel,MUV,Third Owner,120000.0,TCDi Diesel Engine
Manual,Hyundai i10,2011.0,Bangalore,Petrol,Hatchback,Second Owner,70000.0,DOHC Kappa2 Engine
Automatic,Honda Jazz,2016.0,Bangalore,Petrol,Hatchback,Fourth Owner,25000.0,i-VTEC Petrol Engine
Manual,Honda Brio,2012.0,Bangalore,Petrol,Hatchback,First Owner,69210.0,i-VTEC Engine
Manual,Honda Jazz,2018.0,Bangalore,Petrol,Hatchback,Second Owner,71165.0,i-VTEC Petrol Engine
Automatic,BMW X7,2022.0,Bangalore,Petrol,SUV,First Owner,10000.0,TwinPower Turbo 6-cylinder engine
Manual,Maruti Swift Dzire,2010.0,Bangalore,Diesel,Sedan,Third Owner,86543.0,In-Line Engine
Automatic,Maruti Baleno,2016.0,Bangalore,Petrol,Hatchback,First Owner,67225.0,VVT Petrol Engine
Manual,Tata Indica V2,2017.0,Bangalore,Diesel,Hatchback,Third Owner,100000.0,CR4 Diesel Engine
Manual,Hyundai Grand i10,2018.0,Bangalore,Petrol,Hatchback,First Owner,16247.0,Kappa VTVT Petrol Engine
Manual,Mahindra Renault Logan,2007.0,Bangalore,Petrol,Sedan,Second Owner,80000.0,In-Line Engine
Automatic,Maruti Baleno,2017.0,Bangalore,Petrol,Hatchback,Second Owner,39481.0,VVT Petrol Engine
Manual,Maruti Celerio,2018.0,Bangalore,Petrol,Hatchback,Second Owner,61227.0,K10C
Manual,Honda City,2006.0,Bangalore,Petrol,Sedan,Fourth Owner,80000.0,In-Line Engine
Manual,Renault Duster,2016.0,Bangalore,Diesel,SUV,First Owner,112521.0,dCi Diesel Engine
Manual,MG Hector,2020.0,Bangalore,Diesel,SUV,First Owner,20000.0,
Automatic,Honda City,2021.0,Bangalore,Petrol,Sedan,First Owner,20000.0,Water Cooled Inline i-VTEC DOHC with VTC
Manual,Volkswagen Ameo,2016.0,Bangalore,Petrol,Sedan,Second Owner,60000.0,MPI Petrol Engine
Manual,Tata Tiago,2018.0,Bangalore,Petrol,Hatchback,Second Owner,40000.0,Revotron Engine
Manual,Renault Duster,2016.0,Bangalore,Diesel,SUV,First Owner,50000.0,dCi THP Diesel Engine
Automatic,Audi Q3,2016.0,Bangalore,Diesel,SUV,Second Owner,100000.0,TDI Quattro Diesel Engine
Automatic,Mahindra e2o Plus,2017.0,Bangalore,Electric,Hatchback,Second Owner,20000.0,210AH Lithium Ion
Manual,OpelCorsa,2003.0,Bangalore,Petrol,Sedan,Second Owner,110000.0,In-Line Engine
Manual,Maruti Baleno,2017.0,Bangalore,Petrol,Hatchback,Second Owner,63359.0,VVT Petrol Engine
Manual,Hyundai i20,2017.0,Bangalore,Diesel,Hatchback,Second Owner,125227.0,U2 CRDI Diesel Engine
Manual,Volkswagen Polo,2012.0,Bangalore,Diesel,Hatchback,Second Owner,100000.0,In-Line Diesel Engine
Manual,Maruti Swift,2015.0,Bangalore,Diesel,Hatchback,Second Owner,71884.0,DDiS Diesel Engine
Manual,Honda Brio,2012.0,Bangalore,Petrol,Hatchback,Second Owner,79059.0,i-VTEC Engine
Manual,Maruti Baleno,2016.0,Bangalore,Petrol,Hatchback,Second Owner,80000.0,VVT Petrol Engine
Manual,Maruti Swift,2013.0,Bangalore,Petrol,Hatchback,First Owner,69124.0,K Series Dual jet
Manual,Toyota Innova,2012.0,Bangalore,Diesel,MUV,Fourth Owner,120000.0,In-Line Engine
Manual,Maruti Ritz,2010.0,Bangalore,Petrol,Hatchback,First Owner,73340.0,K Series Petrol Engine
Manual,Hyundai Grand i10,2017.0,Bangalore,Petrol,Hatchback,Second Owner,44268.0,Kappa VTVT Petrol Engine
Manual,Citroen C3,2022.0,Bangalore,Petrol,Hatchback,First Owner,10000.0,1.2L PureTech
Manual,Honda Jazz,2018.0,Bangalore,Petrol,Hatchback,First Owner,60000.0,i-VTEC Petrol Engine
Manual,Honda City,2020.0,Bangalore,Petrol,Sedan,First Owner,30000.0,Water Cooled Inline i-VTEC DOHC with VTC
Manual,Maruti Ciaz,2017.0,Bangalore,Petrol,Sedan,First Owner,50000.0,k14B VVT Engine
Manual,Tata Nano,2011.0,Bangalore,Petrol,Hatchback,Second Owner,80000.0,Motronic engine managemen
Manual,Renault Duster,2014.0,Bangalore,Diesel,SUV,Second Owner,70000.0,dCi Diesel Engine
Manual,Maruti Swift Dzire,2009.0,Bangalore,Diesel,Sedan,Second Owner,120000.0,In-Line Engine
Manual,Toyota Innova,2012.0,Bangalore,Diesel,MUV,Second Owner,120000.0,In-Line Engine
Automatic,Honda Amaze,2020.0,Bangalore,Petrol,Sedan,Second Owner,20000.0,i-VTEC Petrol Engine
Automatic,Kia Seltos,2020.0,Bangalore,Diesel,SUV,First Owner,37354.0,1.5L CRDi VGT
Manual,Mahindra XUV500,2014.0,Bangalore,Diesel,SUV,Second Owner,80426.0,mHawk Diesel Engine
Manual,Maruti Ciaz,2016.0,Bangalore,Petrol,Sedan,First Owner,89801.0,k14B VVT Engine
Manual,OpelCorsa,2004.0,Bangalore,Petrol,Sedan,Fourth Owner,120000.0,In-Line Engine
Manual,Hyundai Grand i10,2019.0,Bangalore,Petrol,Hatchback,Second Owner,69199.0,Kappa VTVT Petrol Engine
Manual,Maruti Swift,2012.0,Bangalore,Petrol,Hatchback,Third Owner,78249.0,K Series Dual jet
Manual,Toyota Innova Crysta,2018.0,Bangalore,Diesel,MUV,First Owner,26918.0,2-GD FTV Engine
Manual,Maruti Swift,2021.0,Bangalore,Petrol,Hatchback,First Owner,29905.0,K Series Dual jet
Automatic,Toyota Innova Crysta,2018.0,Bangalore,Diesel,MUV,Second Owner,37678.0,1-GD FTV Engine
Manual,Honda Jazz,2017.0,Bangalore,Petrol,Hatchback,Second Owner,60442.0,i-VTEC Petrol Engine
Manual,Renault Duster,2014.0,Bangalore,Diesel,SUV,First Owner,66463.0,dCi Diesel Engine
Automatic,Skoda Rapid,2020.0,Bangalore,Petrol,Sedan,First Owner,40844.0,1.0L TSI Petrol
Manual,Volkswagen Polo,2021.0,Bangalore,Petrol,Hatchback,First Owner,62696.0,1.0L TSI Petrol
Automatic,Maruti Swift,2021.0,Bangalore,Petrol,Hatchback,First Owner,30000.0,VTVT Engine
Manual,Ford Aspire,2017.0,Bangalore,Petrol,Sedan,First Owner,44000.0,Ti-VCT Petrol Engine
Manual,Hyundai i20,2012.0,Bangalore,Petrol,Hatchback,Second Owner,70000.0,In-Line Engine
Manual,Tata Indica V2,2012.0,Bangalore,Diesel,Hatchback,First Owner,120000.0,CR4 Diesel Engine
Manual,Hyundai Verna,2012.0,Bangalore,Diesel,Sedan,Fourth Owner,120000.0,Diesel Engine
Manual,Maruti Swift Dzire,2020.0,Bangalore,Petrol,Sedan,First Owner,40000.0,K Series VVT Engine
Automatic,Jeep Compass,2021.0,Bangalore,Petrol,SUV,First Owner,10000.0,1.4L MultiAir Petrol
Manual,Kia Sonet,2021.0,Bangalore,Diesel,SUV,First Owner,80000.0,1.5 L CRDi WGT
Manual,Maruti Baleno,2016.0,Bangalore,Petrol,Hatchback,First Owner,79415.0,VVT Petrol Engine
Automatic,Maruti Swift Dzire,2017.0,Bangalore,Diesel,Sedan,First Owner,88411.0,DDiS Diesel Engine
Manual,Volkswagen Vento,2011.0,Bangalore,Diesel,Sedan,Fourth Owner,120000.0,Common Rail Diesel Engine
Manual,Maruti Swift,2012.0,Bangalore,Diesel,Hatchback,First Owner,106516.0,DDiS Diesel Engine
Manual,Maruti Swift,2015.0,Bangalore,Diesel,Hatchback,Second Owner,88509.0,DDiS Diesel Engine
Manual,Mahindra XUV500,2015.0,Bangalore,Diesel,SUV,First Owner,120000.0,mHawk Diesel Engine
Manual,Ford Ikon,2004.0,Bangalore,Petrol,Sedan,Second Owner,80000.0,In-Line Engine
Manual,Maruti Swift,2013.0,Bangalore,Petrol,Hatchback,First Owner,44437.0,K Series Dual jet
Manual,Hyundai i20,2015.0,Bangalore,Diesel,Hatchback,Second Owner,83731.0,U2 CRDI Diesel Engine
Manual,Ford Ikon,2004.0,Bangalore,Petrol,Sedan,Second Owner,80000.0,In-Line Engine
Manual,Mahindra Bolero Power Plus,2018.0,Bangalore,Diesel,SUV,First Owner,77000.0,mHAWK D70 Diesel Engine
Automatic,MG Hector,2020.0,Bangalore,Petrol,SUV,Second Owner,23000.0,1.5 L Turbocharged Intercooled
Manual,Ford Figo,2012.0,Bangalore,Diesel,Hatchback,Third Owner,110000.0,Duratorq Diesel Engine
Automatic,Maruti Wagon R,2022.0,Bangalore,Petrol,Hatchback,First Owner,30000.0,K12M Petrol Engine
Manual,Toyota Innova,2006.0,Bangalore,Diesel,MUV,Second Owner,120000.0,In-Line Engine
Manual,Tata Manza,2011.0,Bangalore,Petrol,Sedan,Second Owner,60000.0,"4 Cylinder, MPFI, Petrol "
Manual,Maruti Baleno,2018.0,Bangalore,Petrol,Hatchback,First Owner,80000.0,VVT Petrol Engine
Manual,Tata Nano,2011.0,Bangalore,Petrol,Hatchback,Fourth Owner,110000.0,Motronic engine managemen
Automatic,Skoda Superb,2010.0,Bangalore,Petrol,Sedan,Fifth Owner,70000.0,In-Line Engine
Manual,Maruti Ciaz,2018.0,Bangalore,Petrol,Sedan,First Owner,45621.0,k15B VVT Engine
Manual,Renault Captur,2018.0,Bangalore,Diesel,SUV,Second Owner,38199.0,K9K dCi Diesel Engine
Manual,Maruti Esteem,2004.0,Bangalore,Petrol,Sedan,Third Owner,90000.0,
Manual,Hyundai i20,2016.0,Bangalore,Petrol,Hatchback,First Owner,91660.0,Kappa VTVT Petrol Engine
Manual,Honda City,2015.0,Bangalore,Petrol,Sedan,Second Owner,51947.0,i VTEC Engine
Manual,Tata Hexa,2018.0,Bangalore,Diesel,MUV,Second Owner,80000.0,2.2 LTR. VARICOR 400
Manual,Maruti SX4 S Cross,2016.0,Bangalore,Diesel,SUV,Second Owner,76836.0,DDiS 200 Diesel Engine
Automatic,Honda Brio,2015.0,Bangalore,Petrol,Hatchback,Second Owner,27000.0,i-VTEC Engine
Automatic,Hyundai Verna,2017.0,Bangalore,Petrol,Sedan,First Owner,33222.0,VTVT Petrol Engine
Manual,Hyundai i10,2013.0,Bangalore,Petrol,Hatchback,First Owner,47333.0,IRDE2 Engine
Automatic,Hyundai Grand i10 Nios,2021.0,Bangalore,Petrol,Hatchback,First Owner,20000.0,1.2 Kappa petrol
Manual,Hyundai Verna,2017.0,Bangalore,Petrol,Sedan,First Owner,46000.0,VTVT Petrol Engine 
Manual,Toyota Innova,2012.0,Bangalore,Diesel,MUV,First Owner,68000.0,2KD-FTV Diesel Engine
Manual,Nissan Micra Active,2015.0,Bangalore,Petrol,Hatchback,Second Owner,40000.0,In Line Petrol Engine
Manual,Mitsubishi Lancer,,Bangalore,Diesel,Sedan,Second Owner,90000.0,In-Line Engine
Manual,Ford Fiesta,2010.0,Bangalore,Petrol,Sedan,First Owner,80000.0,In-Line Engine
Manual,Hyundai i10,2010.0,Bangalore,Petrol,Hatchback,Fourth Owner,90000.0,IRDE2 Engine
Manual,Maruti Swift,2014.0,Bangalore,Diesel,Hatchback,First Owner,80000.0,DDiS Diesel Engine
Manual,Hyundai Verna,2012.0,Bangalore,Diesel,Sedan,Second Owner,150000.0,VGT CRDi Diesel Engine 
Manual,Tata Nexon,2022.0,Bangalore,Petrol,SUV,First Owner,20000.0,1.2l Turbocharged Revotron Engine
Automatic,Ford Ecosport,2016.0,Bangalore,Petrol,SUV,First Owner,43791.0,Ti-VCT Petrol Engine
Automatic,Maruti Swift,2018.0,Bangalore,Petrol,Hatchback,First Owner,87660.0,K Series Dual jet
Automatic,Mahindra XUV500,2016.0,Bangalore,Diesel,SUV,Fifth Owner,90000.0,mHawk Diesel Engine
Manual,Hyundai Santro Xing,2011.0,Bangalore,Petrol,Hatchback,Third Owner,71938.0,Petrol Engine 
Manual,Hyundai Verna,2013.0,Bangalore,Petrol,Sedan,Second Owner,104938.0,VTVT Petrol Engine
Manual,Honda City,2020.0,Bangalore,Petrol,Sedan,First Owner,30000.0,i-VTEC
Manual,Skoda Rapid,2017.0,Bangalore,Petrol,Sedan,Second Owner,124707.0,Petrol Engine
Manual,Volkswagen Polo,2012.0,Bangalore,Diesel,Hatchback,Second Owner,70000.0,In-Line Diesel Engine
Manual,Hyundai Creta,2017.0,Bangalore,Petrol,SUV,First Owner,88556.0,VTVT Petrol Engine
Manual,Ford Ecosport,2017.0,Bangalore,Diesel,SUV,First Owner,48743.0,TDCi Diesel Engine
Automatic,BMW X3,2016.0,Bangalore,Diesel,SUV,Second Owner,100000.0,xDrive20d Diesel Engine 
Manual,Skoda Superb,2012.0,Bangalore,Petrol,Sedan,Second Owner,100000.0,Petrol Engine
Manual,Mahindra XUV500,2012.0,Bangalore,Diesel,SUV,Fourth Owner,120000.0,mHawk Diesel Engine
Manual,Mahindra TUV 300,2016.0,Bangalore,Diesel,SUV,Second Owner,70000.0,mHawk 100 Diesel Engine
Manual,Skoda Superb,2012.0,Bangalore,Petrol,Sedan,Second Owner,90000.0,Petrol Engine
Manual,Mahindra Bolero Camper,2019.0,Bangalore,Diesel,Pickup Trucks,First Owner,70000.0,m2DiCR 4 Cyl 2.5L TB
Manual,Fiat Punto,2014.0,Bangalore,Diesel,Hatchback,First Owner,120000.0,MULTIJET
Automatic,Hyundai Alcazar,2022.0,Bangalore,Petrol,SUV,First Owner,20000.0,2.0 l petrol MPi engine
Manual,Hyundai i20,2020.0,Bangalore,Petrol,Hatchback,First Owner,20000.0,Kappa VTVT Petrol Engine
Manual,Hyundai EON,2012.0,Bangalore,Petrol,Hatchback,Second Owner,50000.0,Petrol Engine
Manual,Honda WR-V,2018.0,Bangalore,Petrol,SUV,First Owner,51338.0,i-VTEC Petrol Engine
Manual,Hyundai Creta,2017.0,Bangalore,Petrol,SUV,First Owner,97334.0,VTVT Petrol Engine
Manual,Hyundai i20,2020.0,Bangalore,Petrol,Hatchback,First Owner,20000.0,Kappa VTVT Petrol Engine
Manual,Hyundai Creta,2016.0,Bangalore,Petrol,SUV,Second Owner,53031.0,VTVT Petrol Engine
Manual,Hyundai Creta,2016.0,Bangalore,Petrol,SUV,Second Owner,51580.0,VTVT Petrol Engine
Automatic,Mercedes-Benz CLA,2017.0,Bangalore,Diesel,Sedan,Second Owner,57000.0,In Line Diesel Engine
Manual,Maruti S-Presso,2020.0,Bangalore,Petrol,Hatchback,First Owner,23920.0,K10C
Automatic,Hyundai Creta,2018.0,Bangalore,Diesel,SUV,First Owner,65000.0,U2 CRDI VGT Engine
Manual,Honda Brio,2012.0,Bangalore,Petrol,Hatchback,Second Owner,66434.0,i-VTEC Engine
Manual,Honda WR-V,2017.0,Bangalore,Petrol,SUV,First Owner,54097.0,i-VTEC Petrol Engine
Automatic,Toyota Glanza,2021.0,Bangalore,Petrol,Hatchback,First Owner,27655.0,Petrol Engine
Automatic,BMW 3 Series GT,2018.0,Bangalore,Diesel,Sedan,First Owner,14955.0,TwinPower Turbo 4-Cylinder Diesel Engine
Automatic,Hyundai Alcazar,2022.0,Bangalore,Petrol,SUV,First Owner,10000.0,2.0 l petrol MPi engine
Automatic,Volkswagen T-Roc,2020.0,Bangalore,Petrol,SUV,First Owner,50000.0,1.5 L TSI EVO with ACT
Manual,Kia Seltos,2022.0,Bangalore,Petrol,SUV,First Owner,10000.0,SMARTSTREAM G1.5
Automatic,Hyundai Creta,2019.0,Bangalore,Diesel,SUV,Second Owner,70000.0,U2 CRDI VGT Engine
Manual,Hyundai Elantra,2007.0,Bangalore,Diesel,Sedan,Third Owner,150000.0,In-Line Engine
Manual,Kia Sonet,2021.0,Bangalore,Petrol,SUV,Second Owner,10000.0,Smartstream G1.0 T - GDi
Manual,Honda City,2016.0,Bangalore,Diesel,Sedan,Third Owner,110000.0,i DTEC Diesel Engine 
Manual,Maruti Eeco,2020.0,Bangalore,Petrol,Minivans,First Owner,30000.0,G12B
Manual,Honda WR-V,2017.0,Bangalore,Petrol,SUV,Second Owner,14338.0,i-VTEC Petrol Engine
Manual,Maruti Eeco,2020.0,Bangalore,Petrol,Minivans,First Owner,30000.0,G12B
Manual,Maruti Wagon R,2011.0,Bangalore,Petrol,Hatchback,Second Owner,73799.0,K Series Petrol Engine
Automatic,Mahindra XUV300,2021.0,Bangalore,Petrol,SUV,First Owner,39139.0,1.2L Petrol
Manual,Hyundai Venue,2020.0,Bangalore,Petrol,SUV,First Owner,20000.0,Kappa 1.2 L MPi Petrol
Manual,Hyundai EON,2014.0,Bangalore,Petrol,Hatchback,Second Owner,89633.0,Petrol Engine
Automatic,BMW X1,2011.0,Bangalore,Diesel,SUV,Third Owner,70000.0,sDrive20d Diesel Engine
Manual,Maruti Ertiga,2017.0,Bangalore,Petrol,MUV,Second Owner,16826.0,K15C Smart Hybrid
Manual,Maruti Ignis,2017.0,Bangalore,Petrol,Hatchback,Second Owner,25133.0,1.2-Litre VVT Petrol Engine
Manual,Maruti Alto 800,2018.0,Bangalore,Petrol,Hatchback,First Owner,80000.0,F8D Petrol Engine
Automatic,Volvo XC40,2020.0,Bangalore,Petrol,SUV,First Owner,25000.0,2.0 litre petrol Engine
Manual,Toyota Innova,2014.0,Bangalore,Diesel,MUV,First Owner,90000.0,2KD-FTV Diesel Engine
Manual,Toyota Innova,2014.0,Bangalore,Diesel,MUV,First Owner,90000.0,2KD-FTV Diesel Engine
Automatic,Jeep Compass,2022.0,Bangalore,Petrol,SUV,First Owner,10000.0,1.4L MultiAir Petrol
Manual,Mahindra XUV300,2019.0,Bangalore,Petrol,SUV,Second Owner,70000.0,1.2 Petrol Engine
Automatic,Mercedes-Benz E-Class,2016.0,Bangalore,Diesel,Sedan,First Owner,110000.0,In-Line Diesel Engine
Manual,Hyundai Santro Xing,2006.0,Bangalore,Petrol,Hatchback,Second Owner,20000.0,
Manual,Nissan Magnite,2021.0,Bangalore,Petrol,SUV,First Owner,10000.0,B4D 1.0 NA PETROL
Manual,Datsun RediGO,2019.0,Bangalore,Petrol,Hatchback,Second Owner,20000.0,0.8L Petrol Engine
Manual,Kia Sonet,2020.0,Bangalore,Diesel,SUV,First Owner,34990.0,1.5 L CRDi WGT
Automatic,Maruti Celerio,2016.0,Bangalore,Petrol,Hatchback,First Owner,33210.0,K10B Engine
Manual,Hyundai Verna,2020.0,Bangalore,Diesel,Sedan,Second Owner,80000.0,U2 VGT Diesel Engine
Automatic,Maruti Celerio,2015.0,Bangalore,Petrol,Hatchback,Second Owner,28051.0,K10C
Automatic,Kia Carens,2022.0,Bangalore,Petrol,MUV,First Owner,22280.0,Smartstream G1.4 T-GDi
Manual,Maruti Swift,2007.0,Bangalore,Diesel,Hatchback,Second Owner,120000.0,
Manual,Hyundai Grand i10,2017.0,Bangalore,Petrol,Hatchback,First Owner,21193.0,Kappa VTVT Petrol Engine
Automatic,Skoda Superb,2010.0,Bangalore,Petrol,Sedan,Second Owner,120000.0,Direct Injection
Manual,Hyundai Grand i10 Nios,2021.0,Bangalore,Petrol,Hatchback,First Owner,7150.0,1.2 Kappa petrol
Manual,Tata Tiago,2016.0,Bangalore,Petrol,Hatchback,First Owner,13262.0,Revotron Engine
Manual,Chevrolet Cruze,2012.0,Bangalore,Diesel,Sedan,Third Owner,100000.0,VCDi Diesel Engine
Automatic,BMW X3,2012.0,Bangalore,Diesel,SUV,Fourth Owner,100000.0,xDrive20d Diesel Engine 
Manual,Maruti Baleno,2016.0,Bangalore,Petrol,Hatchback,Second Owner,100000.0,VVT Petrol Engine
Manual,Chevrolet Enjoy,2014.0,Bangalore,Diesel,MUV,First Owner,90000.0,SMARTECH Diesel Engine
Automatic,Tata Nexon,2018.0,Bangalore,Petrol,SUV,Second Owner,40000.0,Revotron 1.2L Turbocharged engine
Manual,Hyundai i20,2013.0,Bangalore,Diesel,Hatchback,Second Owner,50000.0,U2 CRDI Diesel Engine
Manual,Tata Nano,2015.0,Bangalore,Petrol,Hatchback,Third Owner,50000.0,Petrol Engine 
Manual,Hyundai Santro Xing,2008.0,Bangalore,Petrol,Hatchback,Third Owner,50000.0,Petrol Engine 
Automatic,Volkswagen Tiguan Allspace,2021.0,Bangalore,Petrol,SUV,First Owner,21000.0,TSI Petrol Engine
Automatic,Volvo XC40,2019.0,Bangalore,Diesel,SUV,First Owner,38000.0,2.0 litre Diesel Engine
Manual,Renault Triber,2019.0,Bangalore,Petrol,MUV,First Owner,61902.0,1.0L Petrol Engine
Automatic,Datsun RediGO,2018.0,Bangalore,Petrol,Hatchback,First Owner,38396.0,1.0L Petrol Engine
Manual,Honda City,2004.0,Bangalore,Petrol,Sedan,Third Owner,30000.0,In-Line Engine
Manual,Kia Sonet,2022.0,Bangalore,Petrol,SUV,First Owner,7561.0,Smartstream G1.0 T - GDi
Manual,Hyundai EON,2017.0,Bangalore,Petrol,Hatchback,First Owner,30000.0,Petrol Engine
Manual,Skoda Slavia,2022.0,Bangalore,Petrol,Sedan,First Owner,6731.0,1.0 L TSI Petrol
Manual,Jeep Compass,2019.0,Bangalore,Petrol,SUV,First Owner,20000.0,1.4-Litre 4-Cyl Multiair Engine
Automatic,Maruti Swift,2018.0,Bangalore,Petrol,Hatchback,First Owner,55567.0,VTVT Engine
Automatic,Renault Kiger,2021.0,Bangalore,Petrol,SUV,Second Owner,48938.0,1.0L Turbo
Manual,Maruti Swift,2017.0,Bangalore,Diesel,Hatchback,Second Owner,80000.0,DDiS 190 Engine
Manual,Renault Duster,2013.0,Bangalore,Diesel,SUV,First Owner,80000.0,dCi Diesel Engine
Manual,Ford Figo,2010.0,Bangalore,Petrol,Hatchback,First Owner,10000.0,Petrol Engine
Manual,Kia Seltos,2022.0,Bangalore,Petrol,SUV,First Owner,10000.0,SMARTSTREAM G1.5
Manual,Tata Tiago,2016.0,Bangalore,Petrol,Hatchback,Second Owner,60000.0,Revotron Engine
Automatic,Ford Aspire,2015.0,Bangalore,Petrol,Sedan,First Owner,71545.0,Ti-VCT Petrol Engine
Manual,Hyundai Santro Xing,2007.0,Bangalore,Petrol,Hatchback,First Owner,60000.0,
Automatic,Mahindra TUV 300,2016.0,Bangalore,Diesel,SUV,Second Owner,80000.0,mHawk 100 Diesel Engine
Manual,Maruti Omni,2015.0,Bangalore,CNG,Minivans,Fifth Owner,120000.0,
Manual,Kia Seltos,2020.0,Bangalore,Petrol,SUV,First Owner,60000.0,SMARTSTREAM G1.5
Automatic,Hyundai Grand i10,2016.0,Bangalore,Petrol,Hatchback,First Owner,56577.0,Kappa VTVT Petrol Engine
Automatic,Hyundai Creta,2018.0,Bangalore,Petrol,SUV,Second Owner,56974.0,VTVT Petrol Engine
Manual,Hyundai Venue,2021.0,Bangalore,Petrol,SUV,First Owner,10000.0,Kappa 1.0 L Turbo GDi Petrol
Manual,Hyundai i20,2013.0,Bangalore,Petrol,Hatchback,First Owner,40344.0,Kappa VTVT Petrol Engine
Manual,Ford Ecosport,2018.0,Bangalore,Diesel,SUV,Third Owner,36216.0,TDCi Diesel Engine
Automatic,Renault KWID,2022.0,Bangalore,Petrol,Hatchback,First Owner,10000.0,Petrol Engine
Manual,Hyundai Creta,2017.0,Bangalore,Petrol,SUV,Second Owner,45965.0,VTVT Petrol Engine
Automatic,Toyota Innova Crysta,2021.0,Bangalore,Petrol,MUV,First Owner,10000.0,2.7 L Dual VVT
Automatic,Honda City,2016.0,Bangalore,Petrol,Sedan,First Owner,74982.0,i VTEC Engine
Automatic,Tata Nexon,2020.0,Bangalore,Petrol,SUV,First Owner,21925.0,Revotron 1.2L Turbocharged engine
Automatic,Skoda Rapid,2015.0,Bangalore,Diesel,Sedan,First Owner,120000.0,Diesel Engine
Manual,Honda City,2010.0,Bangalore,Petrol,Sedan,Second Owner,70000.0,In-Line Engine
Manual,Honda Amaze,2014.0,Bangalore,Diesel,Sedan,Third Owner,80000.0,i-DTEC Diesel Engine
Manual,Maruti Swift,2009.0,Bangalore,Petrol,Hatchback,Second Owner,90000.0,In-Line Engine
Manual,Nissan Magnite,2021.0,Bangalore,Petrol,SUV,First Owner,20000.0,B4D 1.0 NA PETROL
Automatic,Mahindra Thar,2021.0,Bangalore,Diesel,SUV,First Owner,50000.0,mHawk 130 Engine
Manual,Nissan Magnite,2021.0,Bangalore,Petrol,SUV,First Owner,10000.0,B4D 1.0 NA PETROL
Manual,Hyundai i10,2010.0,Bangalore,Petrol,Hatchback,Fourth Owner,80000.0,DOHC Kappa2 Engine 
Automatic,Land Rover Discovery Sport,2018.0,Bangalore,Diesel,SUV,First Owner,61000.0,SD4 Diesel Engine
Manual,Mahindra Marazzo,2019.0,Bangalore,Diesel,MUV,First Owner,50000.0,D15 1.5 Liter Diesel Engine
Manual,Maruti Alto 800,2015.0,Bangalore,Petrol,Hatchback,First Owner,50406.0,F8D Petrol Engine
Manual,Hyundai Grand i10,2017.0,Bangalore,Petrol,Hatchback,First Owner,26483.0,Kappa VTVT Petrol Engine
Manual,Tata Indica V2,2015.0,Bangalore,Diesel,Hatchback,Second Owner,80000.0,CR4 Diesel Engine
Manual,Mahindra KUV 100,2018.0,Bangalore,Petrol,SUV,First Owner,12104.0,mFALCON G80 Engine
Automatic,Honda Jazz,2021.0,Bangalore,Petrol,Hatchback,First Owner,23721.0,1.2 i-VTEC
Manual,Ford Figo,2012.0,Bangalore,Diesel,Hatchback,First Owner,80000.0,Duratorq Diesel Engine
Manual,Maruti S-Presso,2022.0,Bangalore,Petrol,Hatchback,First Owner,8212.0,K10C
Automatic,Skoda Superb,2011.0,Bangalore,Diesel,Sedan,Third Owner,80000.0,V-Type Engine
Automatic,Maruti Baleno,2021.0,Bangalore,Petrol,Hatchback,First Owner,9358.0,VVT Petrol Engine
Manual,Maruti Swift Dzire,2016.0,Bangalore,Petrol,Sedan,First Owner,62011.0,
Manual,Tata Indigo,2011.0,Bangalore,Diesel,Sedan,Second Owner,120000.0,In-Line Engine
Automatic,Jaguar XJ,2011.0,Bangalore,Petrol,Sedan,Second Owner,90000.0,5.0 Litre V8 Petrol AJ-V8
Automatic,Jaguar XJ,2011.0,Bangalore,Petrol,Sedan,Second Owner,90000.0,5.0 Litre V8 Petrol AJ-V8
Manual,Ford Figo,2013.0,Bangalore,Diesel,Hatchback,First Owner,50000.0,Duratorq Diesel Engine
Manual,Skoda Fabia,2010.0,Bangalore,Diesel,Hatchback,Second Owner,100000.0,In-Line Engine
Manual,Tata Sumo,2008.0,Bangalore,Diesel,SUV,First Owner,100000.0,In-Line Engine
Manual,Mitsubishi Lancer,2002.0,Bangalore,Diesel,Sedan,Fifth Owner,120000.0,In-Line Engine
Automatic,Ford Mondeo,,Bangalore,Petrol,Sedan,Second Owner,80000.0,
Manual,Honda Amaze,2015.0,Bangalore,Petrol,Sedan,Second Owner,50000.0,i-VTEC Petrol Engine
Manual,Renault KWID,2022.0,Bangalore,Petrol,Hatchback,First Owner,10000.0,Petrol Engine
Manual,Hyundai Grand i10,2019.0,Bangalore,Petrol,Hatchback,First Owner,38771.0,Kappa VTVT Petrol Engine
Automatic,Maruti Celerio X,2018.0,Bangalore,Petrol,Hatchback,First Owner,42174.0,K10B Petrol Engine
Manual,Tata Indigo,2017.0,Bangalore,Diesel,Sedan,First Owner,120000.0,TDi Turbocharged Diesel W
Manual,Renault KWID,2017.0,Bangalore,Petrol,Hatchback,First Owner,43199.0,Petrol Engine
Manual,Mahindra XUV500,2014.0,Bangalore,Diesel,SUV,Second Owner,65000.0,mHawk Diesel Engine
Manual,Maruti Baleno,2016.0,Bangalore,Petrol,Hatchback,First Owner,20000.0,VVT Petrol Engine
Manual,Renault KWID,2019.0,Bangalore,Petrol,Hatchback,Second Owner,10155.0,0.8 SCe
Manual,Hyundai Santro Xing,2006.0,Bangalore,Petrol,Hatchback,Second Owner,110654.0,
Manual,Maruti Swift,2020.0,Bangalore,Petrol,Hatchback,First Owner,50704.0,VTVT Engine
Manual,Hyundai Grand i10 Nios,2020.0,Bangalore,Petrol,Hatchback,First Owner,34725.0,1.0 Turbo GDi petrol
Manual,Mahindra XUV500,2013.0,Bangalore,Diesel,SUV,Second Owner,90000.0,mHawk Diesel Engine
Manual,Hyundai i10,2011.0,Bangalore,Petrol,Hatchback,First Owner,30000.0,IRDE2 Engine
Manual,Tata Tiago,2016.0,Bangalore,Diesel,Hatchback,First Owner,60000.0,Revotorq Engine
Manual,Nissan Sunny,2013.0,Bangalore,Diesel,Sedan,Second Owner,120000.0,K9K Diesel Engine 
Manual,Ford Ikon,2004.0,Bangalore,Petrol,Sedan,Second Owner,80000.0,In-Line Engine
Manual,Hyundai Accent,2009.0,Bangalore,Petrol,Sedan,First Owner,60000.0,In-Line Engine
Manual,Maruti Wagon R,2008.0,Bangalore,Petrol,Hatchback,First Owner,57709.0,K Series Petrol Engine
Manual,Mahindra Thar,2022.0,Bangalore,Petrol,SUV,First Owner,20000.0,mStallion 150 TGDi Engine
Manual,Hyundai i10,2010.0,Bangalore,Petrol,Hatchback,First Owner,90000.0,Petrol Engine
Automatic,Jaguar XF,2014.0,Bangalore,Diesel,Sedan,Second Owner,60000.0,Diesel Engine 
Manual,Mahindra XUV500,2016.0,Bangalore,Diesel,SUV,Second Owner,26224.0,mHawk Diesel Engine
Manual,Honda City,2016.0,Bangalore,Petrol,Sedan,Second Owner,32196.0,i VTEC Engine
Manual,Maruti Ertiga,2016.0,Bangalore,Diesel,MUV,First Owner,120000.0,D13A SHVS Engine
Manual,Hyundai i20,2017.0,Bangalore,Petrol,Hatchback,Third Owner,56672.0,Kappa VTVT Petrol Engine
Manual,Maruti S-Presso,2020.0,Bangalore,Petrol,Hatchback,First Owner,21226.0,K10C
Manual,Toyota Fortuner,2010.0,Bangalore,Diesel,SUV,Second Owner,105000.0,4 Cylinders In-line
Manual,Hyundai Grand i10 Nios,2022.0,Bangalore,Petrol,Hatchback,First Owner,10346.0,1.2 Kappa petrol
Automatic,Maruti Swift Dzire,2020.0,Bangalore,Petrol,Sedan,Third Owner,30000.0,
Manual,Maruti Alto 800,2021.0,Bangalore,Petrol,Hatchback,First Owner,16679.0,F8D Petrol Engine
Manual,Maruti Celerio,2016.0,Bangalore,Petrol,Hatchback,Second Owner,15437.0,K10C
Manual,Renault Triber,2019.0,Bangalore,Petrol,MUV,First Owner,40000.0,1.0L Petrol Engine
Automatic,Hyundai Venue,2019.0,Bangalore,Petrol,SUV,Second Owner,30000.0,
Manual,Hyundai Elantra,2014.0,Bangalore,Diesel,Sedan,First Owner,90000.0,VGT Diesel Engine
Automatic,Mercedes-Benz C-Class,2013.0,Bangalore,Diesel,Sedan,Second Owner,110000.0,In-Line Engine
Manual,Skoda Kushaq,2022.0,Bangalore,Petrol,SUV,First Owner,20000.0,1.0 TSI Petrol Engine
Automatic,Audi Q7,2011.0,Bangalore,Diesel,SUV,First Owner,120000.0,V-Type Diesel Engine
Manual,Maruti Eeco,2021.0,Bangalore,Petrol,Minivans,First Owner,10000.0,G12B
Manual,Honda CR-V,2005.0,Bangalore,Petrol,SUV,Third Owner,110000.0,i-VTEC Engine
Automatic,Jaguar XF,2017.0,Bangalore,Diesel,Sedan,First Owner,120000.0,Diesel Engine
Manual,Datsun RediGO,2020.0,Bangalore,Petrol,Hatchback,First Owner,50000.0,1.0 L Petrol Engine
Manual,Honda Jazz,2017.0,Bangalore,Petrol,Hatchback,First Owner,15017.0,i-VTEC Petrol Engine
Manual,Maruti Wagon R,2013.0,Bangalore,Petrol,Hatchback,First Owner,75283.0,K Series Petrol Engine
Manual,Tata Harrier,2021.0,Bangalore,Diesel,SUV,Second Owner,54568.0,Kryotec 2.0 L Turbocharged Engine
Manual,Hyundai i20,2016.0,Bangalore,Petrol,Hatchback,First Owner,14516.0,Kappa VTVT Petrol Engine
Automatic,Maruti Baleno,2019.0,Bangalore,Petrol,Hatchback,First Owner,53627.0,VVT Petrol Engine
Manual,Tata Tigor,2021.0,Bangalore,Petrol,Sedan,First Owner,20000.0,1.2L Revotron Engine
Automatic,Renault KWID,2019.0,Bangalore,Petrol,Hatchback,Second Owner,5083.0,Petrol Engine
Manual,Mahindra TUV 300,2016.0,Bangalore,Diesel,SUV,Second Owner,100000.0,mHawk 100 Diesel Engine
Automatic,Honda City,2017.0,Bangalore,Petrol,Sedan,First Owner,50666.0,i VTEC Engine
Manual,Tata Nexon,2022.0,Bangalore,Petrol,SUV,First Owner,16962.0,1.2l Turbocharged Revotron Engine
Manual,Volkswagen Polo,2019.0,Bangalore,Petrol,Hatchback,First Owner,10000.0,MPI Petrol Engine
Manual,Mahindra XUV700,2022.0,Bangalore,Diesel,SUV,First Owner,10000.0,2.2 L Turbo Diesel
Automatic,Volkswagen Polo,2017.0,Bangalore,Petrol,Hatchback,First Owner,70446.0,TSI Petrol Engine
Automatic,Volkswagen Polo,2017.0,Bangalore,Petrol,Hatchback,Second Owner,60528.0,TSI Petrol Engine
Manual,Volkswagen Taigun,2021.0,Bangalore,Petrol,SUV,First Owner,7132.0,1.0L TSI
Manual,Ford Fiesta,2009.0,Bangalore,Diesel,Sedan,Fifth Owner,100000.0,In-Line Engine
Automatic,Mercedes-Benz M-Class,2012.0,Bangalore,Diesel,SUV,Third Owner,80000.0,V-Type Diesel Engine
Automatic,Mercedes-Benz GLE,2018.0,Bangalore,Petrol,SUV,First Owner,30000.0,V Type Petrol Engine
Manual,Tata Indica V2,2015.0,Bangalore,Diesel,Hatchback,Third Owner,120000.0,TDi Engine
Manual,Hyundai i20,2018.0,Bangalore,Petrol,Hatchback,First Owner,21280.0,Kappa VTVT Petrol Engine
Automatic,Ford Ecosport,2017.0,Bangalore,Petrol,SUV,First Owner,82021.0,Ti-VCT Petrol Engine
Manual,Tata Nexon,2023.0,Bangalore,Petrol,SUV,First Owner,18998.0,1.2l Turbocharged Revotron Engine
Manual,Jeep Compass,2018.0,Bangalore,Diesel,SUV,First Owner,56189.0,2.0-Litre 4-Cyl Multijet II Engine
Manual,Maruti S-Presso,2020.0,Bangalore,Petrol,Hatchback,Second Owner,57644.0,K10C
Manual,Maruti Alto 800,2018.0,Bangalore,Petrol,Hatchback,Second Owner,51286.0,F8D Petrol Engine
Manual,Mahindra Quanto,2012.0,Bangalore,Diesel,SUV,First Owner,120000.0,mCR100 Diesel Engine
Manual,Hyundai Grand i10 Nios,2019.0,Bangalore,Petrol,Hatchback,First Owner,27937.0,1.2 Kappa petrol
Manual,Renault Duster,2013.0,Bangalore,Diesel,SUV,Second Owner,64000.0,dCi Diesel Engine 
Manual,Ford Ecosport,2017.0,Bangalore,Petrol,SUV,Second Owner,40031.0,Ti-VCT Petrol Engine
Manual,Maruti Alto 800,2017.0,Bangalore,Petrol,Hatchback,Second Owner,47619.0,F8D Petrol Engine
Manual,Hyundai i20,2009.0,Bangalore,Petrol,Hatchback,Fifth Owner,90000.0,In-Line Engine
Automatic,Toyota Urban cruiser,2022.0,Bangalore,Petrol,SUV,First Owner,20000.0,k-series1.5l
Manual,Toyota Urban cruiser,2022.0,Bangalore,Petrol,SUV,First Owner,20000.0,k-series1.5l
Manual,Hyundai i10,2010.0,Bangalore,Petrol,Hatchback,Third Owner,70000.0,DOHC Engine
Manual,Maruti SX4,2011.0,Bangalore,Diesel,Sedan,Third Owner,110000.0,DDiS Diesel Engine
Manual,Honda Brio,2012.0,Bangalore,Petrol,Hatchback,Third Owner,40000.0,i-VTEC Engine
Manual,Nissan Sunny,2012.0,Bangalore,Diesel,Sedan,Third Owner,100000.0,K9K Diesel Engine 
Automatic,BMW X3,2013.0,Bangalore,Diesel,SUV,Fourth Owner,10000.0,In-Line Engine
Manual,Hyundai EON,2017.0,Bangalore,Petrol,Hatchback,Fourth Owner,60000.0,Petrol Engine
Automatic,Mahindra Thar,2021.0,Bangalore,Petrol,SUV,First Owner,24000.0,mStallion 150 TGDi Engine
Manual,Hyundai Venue,2020.0,Bangalore,Petrol,SUV,Second Owner,30535.0,Kappa 1.0 L Turbo GDi Petrol
Manual,Maruti Alto K10,2017.0,Bangalore,Petrol,Hatchback,Second Owner,20229.0,K Series Petrol Engine
Manual,Maruti Celerio,2018.0,Bangalore,Petrol,Hatchback,First Owner,35800.0,K10B Engine
Manual,Maruti Wagon R,2021.0,Bangalore,Petrol,Hatchback,First Owner,11453.0,K12M Petrol Engine
Manual,Hyundai i20,2016.0,Bangalore,Petrol,Hatchback,First Owner,35410.0,Kappa VTVT Petrol Engine
Manual,Maruti Alto,2009.0,Bangalore,Petrol,Hatchback,First Owner,50000.0,In-Line Engine
Automatic,Hyundai Grand i10,2018.0,Bangalore,Petrol,Hatchback,First Owner,49948.0,Kappa VTVT Petrol Engine
Manual,Volkswagen Polo,2014.0,Bangalore,Diesel,Hatchback,Second Owner,77000.0,In-Line Diesel Engine
Manual,Hyundai i20,2017.0,Bangalore,Petrol,Hatchback,First Owner,48285.0,Kappa VTVT Petrol Engine
Manual,Renault KWID,2021.0,Bangalore,Petrol,Hatchback,First Owner,19062.0,Petrol Engine
Automatic,Hyundai i10,2011.0,Bangalore,Petrol,Hatchback,Second Owner,70000.0,DOHC Kappa2 Engine
Automatic,Mercedes-Benz E-Class,2015.0,Bangalore,Diesel,Sedan,Second Owner,120000.0,In-Line Diesel Engine
Manual,Citroen C3,2022.0,Bangalore,Petrol,Hatchback,First Owner,10000.0,1.2L PureTech Turbo
Manual,Volkswagen Polo,2014.0,Bangalore,Petrol,Hatchback,Third Owner,80000.0,MPI Petrol Engine
Manual,Fiat Palio,2007.0,Bangalore,Petrol,Hatchback,Second Owner,80000.0,In-Line Engine
Manual,Toyota Etios,2011.0,Bangalore,Petrol,Sedan,First Owner,87000.0,Petrol Engine
Automatic,Volkswagen Vento,2016.0,Bangalore,Diesel,Sedan,First Owner,80000.0,TDI Diesel Engine
Manual,Maruti Wagon R,2010.0,Bangalore,Petrol,Hatchback,Second Owner,110000.0,K Series Petrol Engine
Automatic,Honda City,2009.0,Bangalore,Petrol,Sedan,Third Owner,90000.0,In-Line Engine
Automatic,Maruti Swift,2019.0,Bangalore,Petrol,Hatchback,First Owner,30000.0,VTVT Engine
Manual,Maruti Alto K10,2016.0,Bangalore,Petrol,Hatchback,First Owner,56276.0,K Series Petrol Engine
Manual,Hyundai i20,2016.0,Bangalore,Petrol,Hatchback,First Owner,27103.0,Kappa VTVT Petrol Engine
Manual,Ford Figo,2011.0,Bangalore,Diesel,Hatchback,Second Owner,80000.0,Diesel Engine
Automatic,Maruti Ignis,2017.0,Bangalore,Petrol,Hatchback,First Owner,46507.0,1.2-Litre VVT Petrol Engine
Manual,Hyundai Grand i10,2018.0,Bangalore,Petrol,Hatchback,First Owner,30000.0,Kappa VTVT Petrol Engine
Manual,Maruti Swift Dzire,2017.0,Bangalore,Petrol,Sedan,First Owner,39070.0,K Series VVT Engine
Manual,Toyota Etios,2019.0,Bangalore,Diesel,Sedan,First Owner,120000.0,D-4D Diesel engine
Manual,Maruti Baleno,2020.0,Bangalore,Petrol,Hatchback,First Owner,22438.0,1.2L VVT Engine
Automatic,Maruti Baleno,2020.0,Bangalore,Petrol,Hatchback,Second Owner,21225.0,VVT Petrol Engine
Automatic,Honda Jazz,2019.0,Bangalore,Petrol,Hatchback,First Owner,28737.0,i-VTEC Petrol Engine
Manual,Renault Kiger,2021.0,Bangalore,Petrol,SUV,First Owner,20000.0,1.0L Turbo
Manual,Hyundai i20,2019.0,Bangalore,Diesel,Hatchback,First Owner,30000.0,U2 CRDI Diesel Engine
Manual,Chevrolet Spark,2009.0,Bangalore,Petrol,Hatchback,Third Owner,70000.0,In-Line Engine
Automatic,Mercedes-Benz C-Class,2010.0,Bangalore,Diesel,Sedan,Second Owner,120000.0,CDI Blue Efficiency Engin
Manual,Hyundai i20,2012.0,Bangalore,Petrol,Hatchback,Second Owner,80000.0,Kappa VTVT Petrol Engine
Manual,Volkswagen Polo,2010.0,Bangalore,Diesel,Hatchback,Second Owner,100000.0,In-Line Diesel Engine
Automatic,Audi A6,2013.0,Bangalore,Diesel,Sedan,First Owner,80000.0,TDI Diesel Engine 
Manual,Maruti Estilo,2009.0,Bangalore,Petrol,Hatchback,Third Owner,40000.0,
Manual,Skoda Octavia,2018.0,Bangalore,Diesel,Sedan,First Owner,70000.0,2.0TDI Diesel Engine
Manual,Hyundai i20,2013.0,Bangalore,Diesel,Hatchback,Second Owner,90106.0,U2 CRDI Diesel Engine
Manual,Skoda Superb,2009.0,Bangalore,Petrol,Sedan,First Owner,50000.0,Petrol Engine
Automatic,Maruti Celerio,2016.0,Bangalore,Petrol,Hatchback,First Owner,138175.0,K10C
Manual,Renault KWID,2019.0,Bangalore,Petrol,Hatchback,First Owner,55609.0,Petrol Engine
Manual,Tata Indica V2,2015.0,Bangalore,Diesel,Hatchback,Third Owner,120000.0,TDi Engine
Automatic,Maruti Swift,2018.0,Bangalore,Petrol,Hatchback,First Owner,56410.0,K Series Dual jet
Manual,Maruti Baleno,2022.0,Bangalore,Petrol,Hatchback,First Owner,30000.0,1.2 L K Series Engine
Manual,Hyundai i20,2017.0,Bangalore,Petrol,Hatchback,First Owner,77593.0,Kappa VTVT Petrol Engine
Manual,Honda WR-V,2018.0,Bangalore,Petrol,SUV,First Owner,49538.0,i-VTEC Petrol Engine
Manual,Chevrolet Cruze,2012.0,Bangalore,Diesel,Sedan,Fourth Owner,87000.0,VCDi Diesel Engine
Manual,Mahindra Bolero,2016.0,Bangalore,Diesel,SUV,First Owner,80000.0,DI Turbo Diesel Engine
Manual,Datsun RediGO,2018.0,Bangalore,Petrol,Hatchback,Second Owner,50000.0,1.0L Petrol Engine
Manual,Maruti Swift,2012.0,Bangalore,Diesel,Hatchback,First Owner,120000.0,DDiS Diesel Engine
Manual,Maruti Swift,2018.0,Bangalore,Petrol,Hatchback,First Owner,30000.0,VTVT Engine
Manual,Volkswagen Polo,2010.0,Bangalore,Diesel,Hatchback,Second Owner,100000.0,In-Line Diesel Engine
Manual,Volkswagen Polo,2010.0,Bangalore,Diesel,Hatchback,Second Owner,100000.0,In-Line Diesel Engine
Manual,Hyundai Santro Xing,2010.0,Bangalore,Petrol,Hatchback,Third Owner,120000.0,Petrol Engine 
Automatic,Hyundai Grand i10 Nios,2021.0,Bangalore,Petrol,Hatchback,First Owner,30000.0,1.2 Kappa petrol
Manual,Maruti Swift,2009.0,Bangalore,Diesel,Hatchback,First Owner,100000.0,
Manual,Maruti Celerio,2016.0,Bangalore,Petrol,Hatchback,Second Owner,41268.0,K10C
Manual,Maruti Swift,2011.0,Bangalore,Petrol,Hatchback,First Owner,60020.0,K Series Dual jet
Manual,Mahindra XUV500,2015.0,Bangalore,Diesel,SUV,First Owner,120000.0,mHawk Diesel Engine
Manual,Hyundai i20,2016.0,Bangalore,Diesel,Hatchback,First Owner,32148.0,U2 CRDI Diesel Engine
Automatic,Maruti Celerio,2016.0,Bangalore,Petrol,Hatchback,First Owner,69565.0,K10C
Manual,Honda Jazz,2017.0,Bangalore,Diesel,Hatchback,First Owner,60000.0,i-DTEC Diesel Engine
Automatic,Maruti Swift,2018.0,Bangalore,Petrol,Hatchback,First Owner,26007.0,K Series Dual jet
Manual,Ford Ecosport,2018.0,Bangalore,Petrol,SUV,Second Owner,30000.0,Ecoboost Petrol Engine
Manual,Maruti Swift,2010.0,Bangalore,Petrol,Hatchback,Second Owner,134850.0,K Series Dual jet
Manual,Maruti Celerio,2015.0,Bangalore,Petrol,Hatchback,First Owner,44385.0,K10C
Manual,Tata New Safari,2009.0,Bangalore,Diesel,SUV,Second Owner,120000.0,In-Line Engine
Manual,Hyundai Creta,2018.0,Bangalore,Diesel,SUV,First Owner,30000.0,U2 CRDI VGT Engine
Automatic,BMW 3 Series,2011.0,Bangalore,Diesel,Sedan,Third Owner,87000.0,In-Line Engine
Automatic,Honda City,2014.0,Bangalore,Petrol,Sedan,First Owner,102662.0,i VTEC Engine
Automatic,Skoda Kushaq,2022.0,Bangalore,Petrol,SUV,First Owner,13802.0,1.0 TSI Petrol Engine
Manual,Ford Figo,2011.0,Bangalore,Diesel,Hatchback,Fourth Owner,90000.0,Diesel Engine
Manual,Hyundai i20,2011.0,Bangalore,Petrol,Hatchback,Second Owner,40000.0,In-Line Engine
Automatic,Mercedes-Benz C-Class,2011.0,Bangalore,Petrol,Sedan,Second Owner,65000.0,In-Line Engine
Manual,Kia Seltos,2020.0,Bangalore,Petrol,SUV,First Owner,42000.0,
Automatic,Hyundai Grand i10,2017.0,Bangalore,Petrol,Hatchback,Second Owner,13444.0,Kappa VTVT Petrol Engine
Manual,Mahindra XUV300,2019.0,Bangalore,Diesel,SUV,First Owner,56226.0,1.5 Diesel Engine
Automatic,Renault KWID,2020.0,Bangalore,Petrol,Hatchback,First Owner,8733.0,Petrol Engine
Automatic,Honda City,2020.0,Bangalore,Petrol,Sedan,First Owner,57963.0,Water Cooled Inline i-VTEC DOHC with VTC
Automatic,Honda City,2022.0,Bangalore,Petrol,Sedan,First Owner,19508.0,In-Line Engine
Manual,Honda City,2018.0,Bangalore,Petrol,Sedan,First Owner,49423.0,i VTEC Engine
Manual,Maruti Swift,2012.0,Bangalore,Petrol,Hatchback,Second Owner,78622.0,K Series Dual jet
Manual,Hyundai Venue,2022.0,Bangalore,Diesel,SUV,First Owner,18025.0,1.5 U2 CRDi
Manual,Honda City,2010.0,Bangalore,Petrol,Sedan,First Owner,68220.0,In-Line Engine
Automatic,Jeep Meridian,2022.0,Bangalore,Diesel,SUV,First Owner,6000.0,2.0 L Multijet Diesel
Manual,Mahindra Thar,2018.0,Bangalore,Diesel,SUV,First Owner,59889.0,NEF TCI-CRDe Engine
Automatic,Jaguar XE,2019.0,Bangalore,Diesel,Sedan,Second Owner,11000.0,Diesel Engine
Manual,Hyundai i20,2019.0,Bangalore,Petrol,Hatchback,First Owner,38500.0,Kappa VTVT Petrol Engine
Automatic,Toyota Fortuner,2013.0,Bangalore,Diesel,SUV,Second Owner,120000.0,D-4D Diesel Engine
Automatic,BMW 3 Series,2016.0,Bangalore,Diesel,Sedan,Second Owner,39157.0,TwinPower Turbo 4 Cylinder Engine
Manual,Toyota Innova,2008.0,Bangalore,Diesel,MUV,First Owner,162000.0,In-Line Engine
Automatic,BMW 1 Series,2013.0,Bangalore,Petrol,Hatchback,Second Owner,89900.0,Petrol Engine
Automatic,Maruti Baleno,2017.0,Bangalore,Petrol,Hatchback,First Owner,58666.0,VVT Petrol Engine
Automatic,Maruti Swift Dzire,2018.0,Bangalore,Petrol,Sedan,First Owner,54137.0,K Series VVT Engine
Manual,Toyota Fortuner,2011.0,Bangalore,Diesel,SUV,Second Owner,180000.0,4 Cylinders In-line
Manual,Renault KWID,2019.0,Bangalore,Petrol,Hatchback,First Owner,21997.0,Petrol Engine
Automatic,Maruti Swift Dzire,2020.0,Bangalore,Petrol,Sedan,Second Owner,40394.0,K Series VVT Engine
Automatic,BMW X1,2015.0,Bangalore,Diesel,SUV,Second Owner,49000.0,sDrive20d Diesel Engine
Manual,Ford Ecosport,2017.0,Bangalore,Petrol,SUV,First Owner,80390.0,Ti-VCT Petrol Engine
Automatic,Mercedes-Benz C-Class,2018.0,Bangalore,Diesel,Sedan,First Owner,52721.0,In-Line Engine
Automatic,Maruti Baleno,2017.0,Bangalore,Petrol,Hatchback,First Owner,55127.0,VVT Petrol Engine
Manual,Ford Ecosport,2018.0,Bangalore,Diesel,SUV,Second Owner,35922.0,TDCi Diesel Engine
Automatic,Honda Amaze,2019.0,Bangalore,Petrol,Sedan,First Owner,16883.0,i-VTEC Petrol Engine
Manual,Renault Duster,2013.0,Bangalore,Diesel,SUV,Second Owner,86000.0,dCi THP Diesel Engine
Automatic,Skoda Octavia,2016.0,Bangalore,Petrol,Sedan,First Owner,88000.0,1.8TSI Petrol Engine
Automatic,Jeep Compass,2020.0,Bangalore,Diesel,SUV,First Owner,34000.0,2.0-Litre 4-Cyl Multijet II Engine
Manual,Skoda Fabia,2013.0,Bangalore,Diesel,Hatchback,First Owner,110000.0,Turbocharged Diesel Engin
Manual,Renault Duster,2020.0,Bangalore,Diesel,SUV,First Owner,55398.0,1.5L 16 Valve Diesel Engine
Automatic,Ford Ecosport,2015.0,Bangalore,Petrol,SUV,Second Owner,54000.0,Ti-VCT Petrol Engine
Manual,Volkswagen Polo,2019.0,Bangalore,Petrol,Hatchback,First Owner,25829.0,MPI Petrol Engine
Manual,Maruti Celerio,2016.0,Bangalore,Petrol,Hatchback,First Owner,36913.0,K10B Engine
Manual,Hyundai i20,2018.0,Bangalore,Diesel,Hatchback,First Owner,34000.0,U2 CRDI Diesel Engine
Automatic,Maruti Swift,2018.0,Bangalore,Petrol,Hatchback,Second Owner,42162.0,K Series Dual jet
Automatic,Maruti Celerio,2016.0,Bangalore,Petrol,Hatchback,Second Owner,48041.0,K10B Engine
Manual,Renault KWID,2020.0,Bangalore,Petrol,Hatchback,Third Owner,43285.0,Petrol Engine
Manual,Hyundai i20,2012.0,Bangalore,Petrol,Hatchback,First Owner,44326.0,Kappa VTVT Petrol Engine
Automatic,Volkswagen Polo,2017.0,Bangalore,Petrol,Hatchback,Second Owner,62984.0,TSI Petrol Engine
Manual,Maruti Swift,2010.0,Bangalore,Petrol,Hatchback,Second Owner,99276.0,K Series Dual jet
Automatic,Hyundai Creta,2018.0,Bangalore,Petrol,SUV,Second Owner,42812.0,VTVT Petrol Engine
Manual,Maruti Swift,2013.0,Bangalore,Petrol,Hatchback,First Owner,57770.0,K Series Dual jet
Automatic,Hyundai Grand i10,2017.0,Bangalore,Petrol,Hatchback,Third Owner,42220.0,Kappa VTVT Petrol Engine
Automatic,Mahindra XUV500,2016.0,Bangalore,Diesel,SUV,First Owner,66977.0,mHawk Diesel Engine
Manual,Hyundai Venue,2021.0,Bangalore,Petrol,SUV,First Owner,29916.0,Kappa 1.0 L Turbo GDi Petrol
Automatic,Skoda Slavia,2022.0,Bangalore,Petrol,Sedan,First Owner,10066.0,1.0 L TSI Petrol
Automatic,Skoda Rapid,2019.0,Bangalore,Petrol,Sedan,Second Owner,39243.0,Petrol Engine
Automatic,Skoda Rapid,2017.0,Bangalore,Petrol,Sedan,Second Owner,36309.0,Petrol Engine
Automatic,Maruti Celerio,2014.0,Bangalore,Petrol,Hatchback,First Owner,69408.0,K10B Engine
Automatic,Honda Amaze,2019.0,Bangalore,Petrol,Sedan,Second Owner,12064.0,i-VTEC Petrol Engine
Automatic,Mercedes-Benz E-Class,2013.0,Bangalore,Diesel,Sedan,First Owner,74000.0,4-in-line
Automatic,Maruti Swift,2018.0,Bangalore,Petrol,Hatchback,First Owner,18000.0,VTVT Engine
Automatic,Volkswagen Vento,2010.0,Bangalore,Petrol,Sedan,First Owner,59000.0,In Line Petrol Engine
Manual,Hyundai Grand i10,2018.0,Bangalore,Petrol,Hatchback,First Owner,17190.0,Kappa VTVT Petrol Engine
Manual,Maruti Wagon R,2013.0,Bangalore,Petrol,Hatchback,First Owner,58323.0,K Series Petrol Engine
Manual,Honda City,2015.0,Bangalore,Petrol,Sedan,First Owner,40765.0,i VTEC Engine
Automatic,Maruti Celerio,2016.0,Bangalore,Petrol,Hatchback,Second Owner,58198.0,K10C
Manual,Hyundai Grand i10,2019.0,Bangalore,Petrol,Hatchback,First Owner,42976.0,Kappa VTVT Petrol Engine
Automatic,Hyundai Tucson,2017.0,Bangalore,Diesel,SUV,First Owner,104507.0,
Manual,Maruti Swift Dzire,2012.0,Bangalore,Petrol,Sedan,First Owner,44074.0,
Automatic,Maruti Wagon R,2017.0,Bangalore,Petrol,Hatchback,First Owner,21000.0,K10B Petrol Engine
Manual,Maruti Swift,2021.0,Bangalore,Petrol,Hatchback,First Owner,14089.0,K Series Dual jet
Manual,Honda City,2014.0,Bangalore,Diesel,Sedan,Second Owner,94378.0,i DTEC Diesel Engine 
Automatic,Mahindra XUV500,2016.0,Bangalore,Diesel,SUV,First Owner,71000.0,mHawk Diesel Engine
Manual,Toyota Fortuner,2018.0,Bangalore,Diesel,SUV,First Owner,174000.0,1-GD FTV Engine
Automatic,Hyundai Grand i10,2016.0,Bangalore,Petrol,Hatchback,Second Owner,58000.0,Kappa VTVT Petrol Engine
Automatic,Audi Q3,2014.0,Bangalore,Diesel,SUV,Second Owner,113000.0,TDI Diesel Engine
Automatic,Volvo XC 90,2010.0,Bangalore,Diesel,SUV,Second Owner,170402.0,Twin Turbo Diesel Engine
Automatic,Audi A4,2016.0,Bangalore,Diesel,Sedan,Second Owner,30000.0,TDI Diesel Engine
Manual,Maruti Swift Dzire,2014.0,Bangalore,Petrol,Sedan,First Owner,59000.0,K Series VVT Engine
Manual,Mahindra XUV500,2021.0,Bangalore,Diesel,SUV,First Owner,25883.0,mHawk155 Diesel Engine
Manual,Volkswagen Taigun,2021.0,Bangalore,Petrol,SUV,First Owner,32746.0,1.0L TSI
Automatic,Skoda Octavia,2017.0,Bangalore,Petrol,Sedan,First Owner,35038.0,Petrol Engine
Manual,Ford Freestyle,2018.0,Bangalore,Petrol,Hatchback,Third Owner,38995.0,1.2 litre Petrol Engine
Manual,Maruti Swift,2013.0,Bangalore,Petrol,Hatchback,First Owner,61102.0,K Series Dual jet
Manual,Skoda Yeti,2012.0,Bangalore,Diesel,SUV,Second Owner,132000.0,Diesel Engine
Manual,Maruti S-Presso,2021.0,Bangalore,Petrol,Hatchback,First Owner,52288.0,K10C
Automatic,Honda Jazz,2017.0,Bangalore,Petrol,Hatchback,First Owner,69054.0,i-VTEC Petrol Engine
Manual,Renault Duster,2015.0,Bangalore,Petrol,SUV,First Owner,67000.0,K4M Petrol Engine
Manual,Maruti Swift Dzire,2015.0,Bangalore,Diesel,Sedan,Second Owner,51745.0,DDiS Diesel Engine
Automatic,Audi A3 cabriolet,2015.0,Bangalore,Petrol,Convertibles,First Owner,22000.0,TFSI Petrol Engine
Manual,Hyundai Grand i10,2017.0,Bangalore,Petrol,Hatchback,Second Owner,11268.0,Kappa VTVT Petrol Engine
Manual,Tata Tiago,2020.0,Bangalore,Petrol,Hatchback,First Owner,24357.0,1.2 L Revotron
Manual,Toyota Innova Crysta,2016.0,Bangalore,Diesel,MUV,Second Owner,157000.0,2-GD FTV Engine
Manual,Honda City,2018.0,Bangalore,Petrol,Sedan,First Owner,9982.0,In-Line Engine
Automatic,Audi A3,2020.0,Bangalore,Diesel,Sedan,First Owner,22000.0,TDI Diesel Engine 
Manual,Hyundai Venue,2020.0,Bangalore,Petrol,SUV,First Owner,27000.0,Kappa 1.0 L Turbo GDi Petrol
Automatic,BMW 3 Series,2017.0,Bangalore,Diesel,Sedan,Second Owner,68000.0,TwinPower Turbo 4 Cylinder Engine
Automatic,Hyundai Venue,2022.0,Bangalore,Petrol,SUV,First Owner,19000.0,Kappa 1.0 L Turbo GDi Petrol
Automatic,BMW X1,2012.0,Bangalore,Diesel,SUV,Second Owner,41000.0,sDrive20d Diesel Engine
Automatic,BMW X1,2018.0,Bangalore,Diesel,SUV,First Owner,49000.0,Diesel Engine
Automatic,BMW 5 Series,2018.0,Bangalore,Diesel,Sedan,Second Owner,45000.0,TwinPower Turbo Inline 4 Cylinder Engine
Automatic,BMW X5,2016.0,Bangalore,Diesel,SUV,Second Owner,75000.0,xDrive30d Diesel Engine
Manual,Maruti Celerio,2015.0,Bangalore,Petrol,Hatchback,First Owner,39613.0,K10C
Automatic,Honda City,2018.0,Bangalore,Petrol,Sedan,Second Owner,68906.0,i VTEC Engine
Automatic,Renault Duster,2019.0,Bangalore,Petrol,SUV,First Owner,33000.0,
Manual,Maruti Swift Dzire,2016.0,Bangalore,Petrol,Sedan,First Owner,71423.0,
Manual,Maruti Swift Dzire,2015.0,Bangalore,Petrol,Sedan,First Owner,17811.0,
Automatic,Hyundai Creta,2017.0,Bangalore,Diesel,SUV,First Owner,79000.0,U2 CRDI VGT Engine
Automatic,Maruti Baleno,2020.0,Bangalore,Petrol,Hatchback,First Owner,9724.0,VVT Petrol Engine
Manual,Hyundai Creta,2019.0,Bangalore,Petrol,SUV,First Owner,75000.0,VTVT Petrol Engine
Manual,Toyota Yaris,2021.0,Bangalore,Petrol,Sedan,First Owner,20754.0,1.5 Dual VVT-i Engine
Manual,Hyundai Grand i10,2015.0,Bangalore,Petrol,Hatchback,Third Owner,50510.0,Kappa VTVT Petrol Engine
Manual,Hyundai Grand i10,2019.0,Bangalore,Petrol,Hatchback,First Owner,35000.0,Kappa VTVT Petrol Engine
Manual,Hyundai Verna,2011.0,Bangalore,Diesel,Sedan,Third Owner,85000.0,Diesel Engine
Automatic,Honda City,2018.0,Bangalore,Petrol,Sedan,First Owner,48979.0,i VTEC Engine
Manual,Tata Nexon,2017.0,Bangalore,Petrol,SUV,Second Owner,46000.0,Revotron 1.2L Turbocharged engine
Automatic,Mahindra Thar,2020.0,Bangalore,Diesel,SUV,First Owner,9000.0,mHawk 130 Engine
Manual,Ford Aspire,2018.0,Bangalore,Diesel,Sedan,Second Owner,70000.0,TDCi Diesel Engine
Automatic,Volvo S60,2014.0,Bangalore,Diesel,Sedan,Second Owner,78000.0,Turbo Diesel Engine
Manual,Honda Amaze,2021.0,Bangalore,Diesel,Sedan,First Owner,1500.0,i-DTEC Diesel Engine
Automatic,BMW 5 Series,2011.0,Bangalore,Diesel,Sedan,Second Owner,70000.0,In-Line Engine
Automatic,MG Gloster,2023.0,Bangalore,Diesel,SUV,First Owner,8187.0,DIESEL 2.0L TURBO
Manual,Maruti Swift Dzire,2014.0,Bangalore,Petrol,Sedan,Third Owner,81777.0,
Automatic,Honda City,2016.0,Bangalore,Petrol,Sedan,Second Owner,48698.0,i VTEC Engine
Automatic,Kia Seltos,2020.0,Bangalore,Petrol,SUV,First Owner,21000.0,Smartstream G1.4
Automatic,Hyundai Grand i10,2016.0,Bangalore,Petrol,Hatchback,Second Owner,67771.0,Kappa VTVT Petrol Engine
Manual,Maruti Swift Dzire,2015.0,Bangalore,Petrol,Sedan,First Owner,60386.0,
Automatic,Tata Tiago,2018.0,Bangalore,Petrol,Hatchback,First Owner,48928.0,Revotron Engine
Manual,Hyundai i20,2010.0,Bangalore,Petrol,Hatchback,First Owner,111374.0,Kappa VTVT Petrol Engine
Manual,Hyundai Creta,2017.0,Bangalore,Petrol,SUV,Second Owner,33000.0,VTVT Petrol Engine
Manual,Maruti Alto 800,2021.0,Bangalore,Petrol,Hatchback,First Owner,40561.0,F8D Petrol Engine
Manual,Maruti Swift,2013.0,Bangalore,Petrol,Hatchback,First Owner,92529.0,K Series Dual jet
Automatic,Honda Amaze,2019.0,Bangalore,Petrol,Sedan,First Owner,42000.0,i-VTEC Petrol Engine
Automatic,Kia Carnival,2020.0,Bangalore,Diesel,MUV,First Owner,55342.0,D2.2L VGT Diesel
Manual,Ford Ecosport,2021.0,Bangalore,Diesel,SUV,First Owner,51000.0,TDCi Diesel Engine
Manual,Mahindra XUV500,2018.0,Bangalore,Diesel,SUV,Second Owner,37000.0,mHawk155 Diesel Engine
Manual,Honda Jazz,2017.0,Bangalore,Petrol,Hatchback,First Owner,36468.0,i-VTEC Petrol Engine
Manual,Mahindra XUV300,2022.0,Bangalore,Petrol,SUV,First Owner,11250.0,1.2L Petrol
Manual,Maruti Ertiga,2019.0,Bangalore,Petrol,MUV,First Owner,36000.0,K15 Smart Hybrid
Automatic,Hyundai Venue,2019.0,Bangalore,Petrol,SUV,First Owner,36368.0,
Automatic,Mercedes-Benz S-Class,2016.0,Bangalore,Diesel,Sedan,Second Owner,36000.0,V-Type Diesel Engine 
Automatic,BMW X3,2017.0,Bangalore,Diesel,SUV,Third Owner,62000.0,xDrive20d Diesel Engine 
Manual,Honda City,2018.0,Bangalore,Petrol,Sedan,First Owner,39466.0,i VTEC Engine
Manual,Maruti Swift,2014.0,Bangalore,Petrol,Hatchback,First Owner,49570.0,K Series Dual jet
Automatic,Volkswagen Vento,2018.0,Bangalore,Petrol,Sedan,Second Owner,23382.0,TSI Petrol Engine
Manual,Maruti S-Presso,2021.0,Bangalore,Petrol,Hatchback,First Owner,42954.0,K10B
Manual,Maruti Swift,2014.0,Bangalore,Petrol,Hatchback,First Owner,68306.0,K Series Dual jet
Manual,Hyundai i20,2018.0,Bangalore,Diesel,Hatchback,First Owner,54961.0,U2 CRDI Diesel Engine
Manual,Maruti Swift,2015.0,Bangalore,Petrol,Hatchback,First Owner,91087.0,K Series Dual jet
Manual,Renault KWID,2022.0,Bangalore,Petrol,Hatchback,First Owner,16691.0,Petrol Engine
Manual,Maruti Wagon R,2016.0,Bangalore,Petrol,Hatchback,First Owner,80190.0,K10B Petrol Engine
Manual,Hyundai Creta,2017.0,Bangalore,Petrol,SUV,First Owner,54639.0,VTVT Petrol Engine
Manual,Maruti SX4 S Cross,2020.0,Bangalore,Petrol,SUV,First Owner,50225.0,K15B Smart Hybrid
Manual,Hyundai i20,2018.0,Bangalore,Diesel,Hatchback,First Owner,68017.0,U2 CRDI Diesel Engine
Manual,Volkswagen Polo,2016.0,Bangalore,Petrol,Hatchback,First Owner,87912.0,MPI Petrol Engine
Manual,Tata Nexon,2021.0,Bangalore,Petrol,SUV,First Owner,2045.0,1.2l Turbocharged Revotron Engine
Manual,Maruti SX4 S Cross,2021.0,Bangalore,Petrol,SUV,First Owner,24305.0,K15B Smart Hybrid
Automatic,Tata Nano,2015.0,Bangalore,Petrol,Hatchback,First Owner,2500.0,Petrol Engine 
Automatic,Tata Nexon,2020.0,Bangalore,Petrol,SUV,First Owner,31489.0,1.2l Turbocharged Revotron Engine
Manual,Fiat Linea,2014.0,Bangalore,Petrol,Sedan,Second Owner,82268.0,Front Wheel Drive
Manual,Ford Ecosport,2019.0,Bangalore,Diesel,SUV,First Owner,73834.0,TDCi Diesel Engine
Manual,Toyota Fortuner,2014.0,Bangalore,Diesel,SUV,Second Owner,73000.0,D-4D Diesel Engine
Manual,Maruti Celerio,2017.0,Bangalore,Petrol,Hatchback,First Owner,41436.0,K10B Engine
Manual,Honda City,2019.0,Bangalore,Petrol,Sedan,Second Owner,19024.0,i VTEC Engine
Manual,Mahindra Xylo,2016.0,Bangalore,Diesel,MUV,First Owner,73000.0,mHawk Diesel Engine
Manual,Maruti Alto 800,2020.0,Bangalore,Petrol,Hatchback,Second Owner,73140.0,F8D Petrol Engine
Manual,Maruti Swift,2015.0,Bangalore,Petrol,Hatchback,First Owner,29289.0,K Series Dual jet
Automatic,Honda City,2016.0,Bangalore,Petrol,Sedan,First Owner,39116.0,i VTEC Engine
Manual,Maruti Alto 800,2019.0,Bangalore,Petrol,Hatchback,First Owner,41958.0,F8D Petrol Engine
Manual,Honda WR-V,2018.0,Bangalore,Petrol,SUV,First Owner,26626.0,i-VTEC Petrol Engine
Automatic,Honda Jazz,2019.0,Bangalore,Petrol,Hatchback,First Owner,63460.0,i-VTEC Petrol Engine
Manual,Hyundai Santro,2019.0,Bangalore,Petrol,Hatchback,First Owner,35711.0,1.1 litre Petrol Engine
Manual,Honda WR-V,2020.0,Bangalore,Petrol,SUV,First Owner,20057.0,i-VTEC
Manual,Tata Altroz,2020.0,Bangalore,Petrol,Hatchback,First Owner,25396.0,1.2 l Revotron
Manual,Hyundai i20,2013.0,Bangalore,Diesel,Hatchback,First Owner,88000.0,U2 CRDI Diesel Engine
Automatic,Jeep Compass,2019.0,Bangalore,Petrol,SUV,First Owner,62000.0,1.4-Litre 4-Cyl Multiair Engine
Manual,Honda City,2020.0,Bangalore,Petrol,Sedan,First Owner,35993.0,Water Cooled Inline i-VTEC DOHC with VTC
Automatic,Hyundai Grand i10,2017.0,Bangalore,Petrol,Hatchback,First Owner,34000.0,Kappa VTVT Petrol Engine
Manual,Honda WR-V,2019.0,Bangalore,Petrol,SUV,First Owner,51338.0,i-VTEC Petrol Engine
Manual,Hyundai Grand i10,2015.0,Bangalore,Petrol,Hatchback,First Owner,74280.0,Kappa VTVT Petrol Engine
Automatic,Land Rover Range Rover Sport,2019.0,Bangalore,Diesel,SUV,First Owner,82000.0,
Automatic,Audi A6,2015.0,Bangalore,Diesel,Sedan,First Owner,63773.0,TDI Diesel Engine
Manual,Hyundai Grand i10,2015.0,Bangalore,Petrol,Hatchback,Second Owner,101356.0,Kappa VTVT Petrol Engine
Manual,Maruti Alto 800,2020.0,Bangalore,CNG,Hatchback,First Owner,75591.0,F8D Petrol Engine
Automatic,Hyundai Creta,2017.0,Bangalore,Petrol,SUV,First Owner,72208.0,VTVT Petrol Engine
Manual,Maruti Swift,2014.0,Bangalore,Petrol,Hatchback,First Owner,51489.0,K Series Dual jet
Automatic,Maruti Ignis,2017.0,Bangalore,Petrol,Hatchback,First Owner,74643.0,1.2-Litre VVT Petrol Engine
Automatic,BMW X5,2008.0,Bangalore,Diesel,SUV,Second Owner,44000.0,Diesel Engine
Automatic,Honda Jazz,2017.0,Bangalore,Petrol,Hatchback,First Owner,79575.0,i-VTEC Petrol Engine
Manual,Honda WR-V,2018.0,Bangalore,Petrol,SUV,First Owner,54097.0,i-VTEC Petrol Engine
Manual,Honda City,2018.0,Bangalore,Petrol,Sedan,Second Owner,35288.0,i VTEC Engine
Automatic,Maruti Swift,2019.0,Bangalore,Petrol,Hatchback,First Owner,70314.0,K Series Dual jet
Manual,Renault Duster,2017.0,Bangalore,Diesel,SUV,Second Owner,96939.0,dCi THP Diesel Engine
Manual,Nissan Micra,2010.0,Bangalore,Petrol,Hatchback,Second Owner,44824.0,In Line Petrol Engine
Manual,Toyota Innova,2014.0,Bangalore,Diesel,MUV,Second Owner,169219.0,2KD-FTV Diesel Engine
Manual,Honda City,2012.0,Bangalore,Petrol,Sedan,Second Owner,92673.0,SOHC i-VTEC
Automatic,Mercedes-Benz GL-Class,2014.0,Bangalore,Diesel,SUV,Second Owner,79000.0,V-Type Diesel Engine
Automatic,Jeep Compass,2020.0,Bangalore,Diesel,SUV,First Owner,20183.0,2.0-Litre 4-Cyl Multijet II Engine
Automatic,Toyota Yaris,2018.0,Bangalore,Petrol,Sedan,First Owner,77130.0,1.5 Dual VVT-i Engine
Automatic,Ford Ecosport,2017.0,Bangalore,Petrol,SUV,First Owner,45000.0,Ti-VCT Petrol Engine
Automatic,Maruti Baleno,2017.0,Bangalore,Petrol,Hatchback,Second Owner,27025.0,1.2L VVT Engine
Manual,Kia Seltos,2019.0,Bangalore,Petrol,SUV,First Owner,105153.0,
Manual,Mahindra XUV500,2016.0,Bangalore,Diesel,SUV,First Owner,70509.0,mHawk Diesel Engine
Automatic,Renault KWID,2020.0,Bangalore,Petrol,Hatchback,Second Owner,11662.0,Petrol Engine
Manual,Hyundai Grand i10,2018.0,Bangalore,Petrol,Hatchback,First Owner,36176.0,Kappa VTVT Petrol Engine
Automatic,Honda Jazz,2015.0,Bangalore,Petrol,Hatchback,Second Owner,74342.0,i-VTEC Petrol Engine
Manual,Maruti Baleno,2016.0,Bangalore,Diesel,Hatchback,First Owner,89837.0,DDiS Diesel Engine
Manual,Maruti Swift,2015.0,Bangalore,Petrol,Hatchback,Second Owner,11912.0,VTVT Engine
Manual,Maruti Swift,2012.0,Bangalore,Diesel,Hatchback,Second Owner,55544.0,DDiS Diesel Engine
Automatic,Ford Ecosport,2019.0,Bangalore,Petrol,SUV,First Owner,27027.0,Ti-VCT Petrol Engine
Automatic,Honda City,2017.0,Bangalore,Petrol,Sedan,First Owner,56363.0,i VTEC Engine
Manual,Hyundai Verna,2016.0,Bangalore,Petrol,Sedan,Second Owner,42094.0,VTVT Petrol Engine
Manual,Kia Seltos,2019.0,Bangalore,Petrol,SUV,First Owner,114912.0,
Manual,Maruti Swift,2016.0,Bangalore,Petrol,Hatchback,First Owner,33649.0,VTVT Engine
Manual,Kia Seltos,2019.0,Bangalore,Petrol,SUV,First Owner,54000.0,SMARTSTREAM G1.5
Manual,Hyundai Xcent,2014.0,Bangalore,Petrol,Sedan,Second Owner,69798.0,Kappa VTVT Petrol Engine
Manual,Hyundai i10,2010.0,Bangalore,Petrol,Hatchback,Second Owner,69000.0,DOHC Engine
Automatic,Jeep Compass,2020.0,Bangalore,Diesel,SUV,First Owner,49001.0,2.0-Litre 4-Cyl Multijet II Engine
Automatic,Hyundai Verna,2017.0,Bangalore,Diesel,Sedan,Second Owner,57527.0,U2 VGT Diesel Engine
Manual,Fiat Punto EVO,2015.0,Bangalore,Diesel,Hatchback,First Owner,57367.0,MULTIJET Engine
Manual,Maruti Wagon R,2015.0,Bangalore,Petrol,Hatchback,Second Owner,50936.0,K10B Petrol Engine
Manual,Hyundai i20,2022.0,Bangalore,Diesel,Hatchback,First Owner,23237.0,1.5 l U2 diesel
Automatic,Maruti Celerio,2016.0,Bangalore,Petrol,Hatchback,First Owner,66596.0,K10B Engine
Manual,Mahindra XUV500,2016.0,Bangalore,Diesel,SUV,First Owner,36613.0,mHawk Diesel Engine
Manual,Maruti Swift Dzire,2015.0,Bangalore,Petrol,Sedan,First Owner,74104.0,K Series VVT Engine
Manual,Hyundai Santro,2022.0,Bangalore,Petrol,Hatchback,First Owner,6777.0,1.1 L Petrol
Manual,Ford Ecosport,2020.0,Bangalore,Petrol,SUV,First Owner,14560.0,Ti-VCT Petrol Engine
Automatic,Maruti S-Presso,2021.0,Bangalore,Petrol,Hatchback,First Owner,27000.0,K10B
Automatic,Honda City,2015.0,Bangalore,Petrol,Sedan,Second Owner,90333.0,i VTEC Engine
Automatic,Mini Cooper Countryman,2019.0,Bangalore,Petrol,SUV,First Owner,50114.0,Petrol Engine
Manual,Maruti Vitara Brezza,2017.0,Bangalore,Diesel,SUV,First Owner,69301.0,DDiS 200 Diesel Engine
Manual,Renault KWID,2021.0,Bangalore,Petrol,Hatchback,First Owner,71306.0,Petrol Engine
Automatic,Maruti Baleno,2019.0,Bangalore,Petrol,Hatchback,First Owner,35135.0,1.2L VVT Engine
Manual,Maruti Ritz,2016.0,Bangalore,Diesel,Hatchback,First Owner,40561.0,DDiS Diesel Engine 
Manual,Hyundai i20,2012.0,Bangalore,Petrol,Hatchback,First Owner,90000.0,In-Line Engine
Automatic,Honda Jazz,2017.0,Bangalore,Petrol,Hatchback,Second Owner,60000.0,i-VTEC Petrol Engine
Automatic,BMW X3,2019.0,Bangalore,Diesel,SUV,First Owner,30000.0,TwinPower Turbo 4-cylinder engine
Manual,Renault Duster,2016.0,Bangalore,Diesel,SUV,Second Owner,60000.0,dCi THP Diesel Engine
Manual,Mahindra XUV500,2015.0,Bangalore,Diesel,SUV,First Owner,102000.0,mHawk Diesel Engine
Manual,Maruti Wagon R,2015.0,Bangalore,Petrol,Hatchback,Second Owner,41659.0,K Series Petrol Engine
Automatic,Audi A4,2009.0,Bangalore,Petrol,Sedan,Second Owner,85300.0,In-Line Engine
Automatic,Hyundai Verna,2017.0,Bangalore,Petrol,Sedan,Second Owner,32483.0,VTVT Petrol Engine
Manual,Hyundai i20,2018.0,Bangalore,Petrol,Hatchback,First Owner,34376.0,Kappa VTVT Petrol Engine
Manual,Hyundai Creta,2017.0,Bangalore,Petrol,SUV,First Owner,36540.0,VTVT Petrol Engine
Manual,Hyundai i20,2011.0,Bangalore,Petrol,Hatchback,Second Owner,148625.0,In-Line Engine
Automatic,Audi A6,2013.0,Bangalore,Diesel,Sedan,Fourth Owner,81000.0,V-Type Diesel Engine
Manual,Hyundai i10,2013.0,Bangalore,Petrol,Hatchback,Second Owner,5609.0,IRDE2 Engine
Automatic,Audi A3,2019.0,Bangalore,Petrol,Sedan,First Owner,37000.0,TFSI Petrol Engine
Manual,Hyundai Alcazar,2021.0,Bangalore,Petrol,SUV,First Owner,6000.0,2.0L Petrol Engine
Manual,Renault Fluence,2013.0,Bangalore,Diesel,Sedan,First Owner,61000.0,"Spark ignition, multipoin"
Automatic,Renault KWID,2018.0,Bangalore,Petrol,Hatchback,Second Owner,30285.0,Petrol Engine
Manual,Volkswagen Vento,2011.0,Bangalore,Diesel,Sedan,Second Owner,80153.0,Common Rail Diesel Engine
Automatic,Hyundai Grand i10,2016.0,Bangalore,Petrol,Hatchback,First Owner,49641.0,Kappa VTVT Petrol Engine
Automatic,Maruti Baleno,2016.0,Bangalore,Petrol,Hatchback,Second Owner,83075.0,VVT Petrol Engine
Manual,Maruti Baleno,2018.0,Bangalore,Petrol,Hatchback,First Owner,45677.0,VVT Petrol Engine
Manual,Maruti Celerio,2017.0,Bangalore,Petrol,Hatchback,First Owner,81849.0,K10B Engine
Manual,Maruti Swift,2015.0,Bangalore,Diesel,Hatchback,Second Owner,67791.0,DDiS Diesel Engine
Automatic,Volvo XC40,2018.0,Bangalore,Diesel,SUV,First Owner,38100.0,2.0 litre Diesel Engine
Manual,Hyundai i20,2018.0,Bangalore,Petrol,Hatchback,First Owner,65015.0,Kappa VTVT Petrol Engine
Automatic,Mercedes-Benz GLC,2018.0,Bangalore,Diesel,SUV,Second Owner,47000.0,Diesel Engine
Manual,Maruti Swift,2014.0,Bangalore,Petrol,Hatchback,First Owner,62029.0,K Series Dual jet
Manual,Maruti Swift,2017.0,Bangalore,Diesel,Hatchback,First Owner,94926.0,DDiS Diesel Engine
Manual,Hyundai i20,2012.0,Bangalore,Petrol,Hatchback,First Owner,119487.0,In-Line Engine
Manual,Mahindra Bolero,2019.0,Bangalore,Diesel,SUV,First Owner,126000.0,M2DiCR Diesel Engine
Manual,Volkswagen Ameo,2017.0,Bangalore,Diesel,Sedan,First Owner,70332.0,TDI Diesel Engine
Manual,Maruti Ignis,2017.0,Bangalore,Petrol,Hatchback,First Owner,37950.0,1.2-Litre VVT Petrol Engine
Manual,Hyundai i20,2019.0,Bangalore,Petrol,Hatchback,First Owner,38100.0,Kappa VTVT Petrol Engine
Manual,Toyota Fortuner,2012.0,Bangalore,Diesel,SUV,Second Owner,156039.0,D-4D Diesel Engine
Manual,Maruti SX4,2008.0,Bangalore,Petrol,Sedan,Second Owner,56000.0,In-Line Engine
Manual,Honda Brio,2014.0,Bangalore,Petrol,Hatchback,Second Owner,42000.0,i-VTEC Engine
Manual,Hyundai i20,2018.0,Bangalore,Diesel,Hatchback,First Owner,93003.0,U2 CRDI Diesel Engine
Automatic,Hyundai Grand i10,2017.0,Bangalore,Petrol,Hatchback,Second Owner,36000.0,Kappa VTVT Petrol Engine
Automatic,Kia Sonet,2022.0,Chennai,Petrol,SUV,First Owner,20000.0,Smartstream G1.0 T - GDi
Manual,Maruti Eeco,2015.0,Chennai,Petrol,Minivans,First Owner,20687.0,In-Line Engine
Manual,Nissan Magnite,2021.0,Chennai,Petrol,SUV,First Owner,30000.0,HRA0 1.0 TURBO PETROL
Manual,Hyundai i10,2015.0,Chennai,Petrol,Hatchback,First Owner,59247.0,IRDE2 Engine
Manual,Honda Jazz,2015.0,Chennai,Petrol,Hatchback,First Owner,50000.0,i-VTEC Petrol Engine
Automatic,Mercedes-Benz E-Class,2016.0,Chennai,Diesel,Sedan,First Owner,20000.0,In-Line Diesel Engine
Automatic,Maruti Celerio,2016.0,Chennai,Petrol,Hatchback,First Owner,29403.0,K10B Engine
Manual,Maruti A-Star,2010.0,Chennai,Petrol,Hatchback,First Owner,42700.0,K Series Petrol Engine
Automatic,BMW X3,2018.0,Chennai,Diesel,SUV,First Owner,23001.0,TwinPower Turbo 4-cylinder engine
Automatic,Ford Ecosport,2018.0,Chennai,Petrol,SUV,Second Owner,25925.0,Ti-VCT Petrol Engine
Manual,Hyundai i20,2021.0,Chennai,Petrol,Hatchback,First Owner,20000.0,1.2 l Kappa petrol
Automatic,Honda Jazz,2019.0,Chennai,Petrol,Hatchback,First Owner,17711.0,i-VTEC Petrol Engine
Automatic,BMW 3 Series,2020.0,Chennai,Diesel,Sedan,First Owner,50000.0,TwinPower Turbo 4 Cylinder Engine
Manual,Maruti Swift,2018.0,Chennai,Petrol,Hatchback,First Owner,50000.0,VTVT Engine
Manual,Hyundai Grand i10,2018.0,Chennai,Petrol,Hatchback,Second Owner,51125.0,Kappa VTVT Petrol Engine
Manual,Tata Nexon,2019.0,Chennai,Diesel,SUV,First Owner,69233.0,"Revotorq, 1.5L Turbocharged engine"
Manual,Jeep Compass,2017.0,Chennai,Diesel,SUV,First Owner,65000.0,2.0L Multijet Diesel
Manual,Honda City,2014.0,Chennai,Petrol,Sedan,First Owner,93281.0,i VTEC Engine
Manual,Toyota Fortuner,2022.0,Chennai,Diesel,SUV,First Owner,18000.0,2.8 L Diesel engine
Manual,Honda Amaze,2014.0,Chennai,Petrol,Sedan,Second Owner,99225.0,i-VTEC Petrol Engine
Manual,Hyundai EON,2016.0,Chennai,Petrol,Hatchback,First Owner,30000.0,Kappa Engine
Manual,Honda Amaze,2014.0,Chennai,Petrol,Sedan,First Owner,30602.0,i-VTEC Petrol Engine
Manual,Maruti Swift,2018.0,Chennai,Diesel,Hatchback,First Owner,64500.0,DDiS Diesel Engine
Manual,Honda City,2017.0,Chennai,Petrol,Sedan,Second Owner,46809.0,i VTEC Engine
Automatic,Tata Nexon EV,2020.0,Chennai,Electric,SUV,First Owner,20000.0,
Automatic,Hyundai Creta,2019.0,Chennai,Diesel,SUV,First Owner,20000.0,U2 CRDI VGT Engine
Automatic,Hyundai Venue,2020.0,Chennai,Petrol,SUV,First Owner,21725.0,
Manual,Honda City,2016.0,Chennai,Petrol,Sedan,First Owner,80000.0,i VTEC Engine
Automatic,Audi A6,2013.0,Chennai,Petrol,Sedan,Second Owner,88000.0,TFSI Petrol Engine
Automatic,Honda City,2019.0,Chennai,Petrol,Sedan,Second Owner,30360.0,i VTEC Engine
Automatic,Maruti Baleno,2017.0,Chennai,Petrol,Hatchback,Second Owner,70000.0,VVT Petrol Engine
Manual,Hyundai Grand i10,2016.0,Chennai,Petrol,Hatchback,First Owner,16246.0,Kappa VTVT Petrol Engine
Automatic,Maruti Celerio,2017.0,Chennai,Petrol,Hatchback,Second Owner,55000.0,K10B Engine 
Automatic,Toyota Innova Crysta,2022.0,Chennai,Petrol,MUV,First Owner,13000.0,2.7 L Dual VVT
Automatic,Maruti Celerio,2016.0,Chennai,Petrol,Hatchback,Second Owner,71638.0,K10B Engine
Manual,Honda Amaze,2015.0,Chennai,Petrol,Sedan,First Owner,46105.0,i-VTEC Petrol Engine
Manual,Honda WR-V,2017.0,Chennai,Petrol,SUV,First Owner,60000.0,i-VTEC Petrol Engine
Manual,Honda Jazz,2017.0,Chennai,Diesel,Hatchback,First Owner,80000.0,i-DTEC Diesel Engine
Automatic,Mercedes-Benz B Class,2015.0,Chennai,Diesel,Hatchback,First Owner,58000.0,In-line Diesel Engine
Manual,Maruti Esteem,2008.0,Chennai,Petrol,Sedan,Second Owner,70000.0,In-Line Engine
Automatic,Maruti Baleno,2017.0,Chennai,Petrol,Hatchback,First Owner,61764.0,VVT Petrol Engine
Manual,Mahindra KUV 100,2016.0,Chennai,Petrol,SUV,Second Owner,36018.0,mFALCON G80 Engine
Automatic,Renault Duster,2016.0,Chennai,Diesel,SUV,First Owner,150000.0,dCi THP Diesel Engine
Manual,Hyundai Grand i10 Nios,2022.0,Chennai,Petrol,Hatchback,First Owner,17197.0,1.0 Turbo GDi petrol
Automatic,Honda City,2016.0,Chennai,Petrol,Sedan,Second Owner,62931.0,i VTEC Engine
Manual,Toyota Corolla Altis,2013.0,Chennai,Petrol,Sedan,Second Owner,90000.0,DOHC Dual VVT-i Petrol En
Manual,Mahindra XUV300,2021.0,Chennai,Petrol,SUV,First Owner,21023.0,1.2L Petrol
Manual,Toyota Corolla Altis,2018.0,Chennai,Diesel,Sedan,First Owner,43000.0,D-4D Diesel Engine
Automatic,Maruti Swift Dzire,2017.0,Chennai,Diesel,Sedan,First Owner,110505.0,DDiS Diesel Engine
Manual,Hyundai Verna,2018.0,Chennai,Petrol,Sedan,First Owner,78892.0,VTVT Petrol Engine
Automatic,Audi A6,2015.0,Chennai,Diesel,Sedan,First Owner,59000.0,In Line Diesel Engine
Manual,Chevrolet Sail,2014.0,Chennai,Petrol,Sedan,First Owner,90058.0,SMARTECH Petrol Engine
Automatic,Audi Q5,2015.0,Chennai,Diesel,SUV,First Owner,69000.0,TDI Quattro Engine
Manual,Honda WR-V,2019.0,Chennai,Diesel,SUV,First Owner,67000.0,i-DTEC Diesel Engine
Manual,Maruti Ciaz,2017.0,Chennai,Diesel,Sedan,First Owner,80000.0,DDIS Diesel Engine
Manual,Maruti Ciaz,2017.0,Chennai,Diesel,Sedan,First Owner,80000.0,DDIS Diesel Engine
Automatic,Audi Q7,2020.0,Chennai,Diesel,SUV,First Owner,57000.0,V-Type Diesel Engine
Manual,Toyota Innova Crysta,2018.0,Chennai,Diesel,MUV,First Owner,800000.0,2-GD FTV Engine
Automatic,Mercedes-Benz C-Class,2018.0,Chennai,Diesel,Sedan,First Owner,5500000.0,In-Line Engine
Automatic,BMW 7 Series,2017.0,Chennai,Diesel,Sedan,First Owner,27000.0,Diesel Engine
Manual,Tata Nexon,2018.0,Chennai,Petrol,SUV,First Owner,38334.0,Revotron 1.2L Turbocharged engine
Manual,Volkswagen Polo,2019.0,Chennai,Petrol,Hatchback,First Owner,36992.0,1.0L MPI Petrol
Automatic,BMW X3,2016.0,Chennai,Diesel,SUV,Second Owner,50000.0,xDrive30d Diesel Engine 
Automatic,Tata New Safari,2021.0,Chennai,Diesel,SUV,First Owner,34596.0,Kryotec 2.0 L Turbocharged Engine
Manual,Datsun GO,2019.0,Chennai,Petrol,Hatchback,First Owner,84564.0,Naturally Aspirated 12V
Automatic,Mercedes-Benz E-Class,2013.0,Chennai,Diesel,Sedan,Second Owner,60001.0,In-Line Diesel Engine
Manual,Hyundai Santro,2018.0,Chennai,Petrol,Hatchback,First Owner,23462.0,1.1 litre Petrol Engine
Automatic,Volkswagen Taigun,2022.0,Chennai,Petrol,SUV,First Owner,13000.0,1.0L TSI
Automatic,Honda Amaze,2019.0,Chennai,Diesel,Sedan,First Owner,54658.0,i-DTEC Diesel Engine
Manual,Mahindra XUV300,2020.0,Chennai,Petrol,SUV,First Owner,34164.0,1.2L Petrol
Manual,Kia Seltos,2022.0,Chennai,Petrol,SUV,First Owner,10000.0,SMARTSTREAM G1.5
Manual,Fiat Punto,2010.0,Chennai,Petrol,Hatchback,Third Owner,70000.0,FIRE Engine
Manual,Hyundai Venue,2020.0,Chennai,Petrol,SUV,First Owner,37000.0,Kappa 1.2 L MPi Petrol
Automatic,Mahindra XUV700,2022.0,Chennai,Diesel,SUV,First Owner,20000.0,2.2 L Turbo Diesel
Manual,Maruti Baleno,2016.0,Chennai,Petrol,Hatchback,First Owner,53967.0,VVT Petrol Engine
Manual,Hyundai i10,2011.0,Chennai,Petrol,Hatchback,First Owner,52700.0,Kappa Petrol Engine
Automatic,Tata Nexon,2018.0,Chennai,Petrol,SUV,First Owner,60000.0,Revotron 1.2L Turbocharged engine
Manual,Maruti Baleno,2016.0,Chennai,Petrol,Hatchback,First Owner,53967.0,VVT Petrol Engine
Manual,Honda Amaze,2014.0,Chennai,Petrol,Sedan,Second Owner,99225.0,i-VTEC Petrol Engine
Manual,Fiat Linea,2011.0,Chennai,Petrol,Sedan,Second Owner,60000.0,Front Wheel Drive
Automatic,Honda Jazz,2020.0,Chennai,Petrol,Hatchback,First Owner,48220.0,1.2 i-VTEC
Manual,Honda Jazz,2016.0,Chennai,Petrol,Hatchback,First Owner,72024.0,i-VTEC Petrol Engine
Automatic,Honda Amaze,2016.0,Chennai,Petrol,Sedan,First Owner,80000.0,i-VTEC Petrol Engine
Manual,Volkswagen Polo,2017.0,Chennai,Petrol,Hatchback,First Owner,78735.0,MPI Petrol Engine
Manual,Ford Ecosport,2018.0,Chennai,Diesel,SUV,Second Owner,72955.0,TDCi Diesel Engine
Automatic,Maruti Ciaz,2015.0,Chennai,Petrol,Sedan,First Owner,40000.0,k14B VVT Engine
Manual,Jeep Compass,2021.0,Chennai,Petrol,SUV,First Owner,14037.0,1.4L MultiAir Petrol
Manual,Hyundai i20,2019.0,Chennai,Petrol,Hatchback,First Owner,29000.0,Kappa VTVT Petrol Engine
Manual,Maruti Baleno,2017.0,Chennai,Petrol,Hatchback,First Owner,69864.0,VVT Petrol Engine
Manual,Hyundai Xcent,2019.0,Chennai,Petrol,Sedan,First Owner,35739.0,1.2L Kappa Dual VTVT Petrol
Automatic,Honda Jazz,2016.0,Chennai,Petrol,Hatchback,Second Owner,120000.0,i-VTEC Petrol Engine
Manual,Maruti Ertiga,2019.0,Chennai,Diesel,MUV,First Owner,18000.0,D13A SHVS Engine
Manual,Tata Harrier,2019.0,Chennai,Diesel,SUV,First Owner,21000.0,Kryotec 2.0 L Turbocharged Engine
Manual,Maruti Baleno,2016.0,Chennai,Petrol,Hatchback,First Owner,70404.0,VVT Petrol Engine
Manual,Volkswagen Vento,2015.0,Chennai,Petrol,Sedan,First Owner,63000.0,MPI Petrol Engine
Manual,Volkswagen Ameo,2017.0,Chennai,Petrol,Sedan,Second Owner,88000.0,MPI Petrol Engine
Manual,Honda City,2017.0,Chennai,Petrol,Sedan,First Owner,65000.0,i VTEC Engine
Automatic,Land Rover Discovery Sport,2017.0,Chennai,Diesel,SUV,Second Owner,30000.0,SD4 Diesel Engine
Automatic,Honda City,2012.0,Chennai,Petrol,Sedan,First Owner,71423.0,SOHC i-VTEC
Automatic,Maruti XL6,2019.0,Chennai,Petrol,MUV,First Owner,80000.0,K15B Smart Hybrid
Manual,Honda City,2017.0,Chennai,Petrol,Sedan,First Owner,85759.0,i VTEC Engine
Manual,Hyundai Santro,2019.0,Chennai,Petrol,Hatchback,First Owner,24422.0,1.1 litre Petrol Engine
Manual,Hyundai Verna,2017.0,Chennai,Petrol,Sedan,Fourth Owner,90000.0,VTVT Petrol Engine
Manual,Honda Brio,2012.0,Chennai,Petrol,Hatchback,Second Owner,67091.0,i-VTEC Engine
Manual,MG Hector,2020.0,Chennai,Petrol,SUV,First Owner,72787.0,
Manual,Ford Endeavour,2017.0,Chennai,Diesel,SUV,Second Owner,120000.0,Diesel Engine
Manual,Hyundai Grand i10,2017.0,Chennai,Petrol,Hatchback,First Owner,90142.0,Kappa VTVT Petrol Engine
Manual,Hyundai i20,2015.0,Chennai,Petrol,Hatchback,First Owner,150000.0,Kappa VTVT Petrol Engine
Manual,Ford Freestyle,2018.0,Chennai,Petrol,Hatchback,First Owner,33256.0,1.2 litre Petrol Engine
Automatic,Maruti Baleno,2018.0,Chennai,Petrol,Hatchback,First Owner,70027.0,VVT Petrol Engine
Manual,Hyundai Sonata,2007.0,Chennai,Diesel,Sedan,Third Owner,120000.0,In-Line Engine
Manual,Volkswagen Polo,2015.0,Chennai,Petrol,Hatchback,Second Owner,60000.0,MPI Petrol Engine
Manual,Maruti Swift,2017.0,Chennai,Diesel,Hatchback,First Owner,73686.0,DDiS Diesel Engine
Manual,Mahindra TUV 300,2018.0,Chennai,Diesel,SUV,Second Owner,44000.0,mHawk 100 Diesel Engine
Manual,Maruti Swift,2015.0,Chennai,Petrol,Hatchback,First Owner,75581.0,VTVT Engine
Automatic,Mercedes-Benz M-Class,2015.0,Chennai,Diesel,SUV,First Owner,58000.0,Diesel Engine
Automatic,Audi A3,2015.0,Chennai,Diesel,Sedan,Second Owner,50000.0,TDI Diesel Engine 
Manual,Mahindra TUV 300,2015.0,Chennai,Diesel,SUV,First Owner,100000.0,mHawk 100 Diesel Engine
Manual,Maruti Ciaz,2017.0,Chennai,Diesel,Sedan,First Owner,108902.0,DDIS 200 Engine
Manual,Volkswagen Ameo,2016.0,Chennai,Diesel,Sedan,First Owner,100425.0,TDI Diesel Engine
Manual,Hyundai Xcent,2016.0,Chennai,Petrol,Sedan,Second Owner,70887.0,Kappa VTVT Petrol Engine
Manual,Honda City,2016.0,Chennai,Petrol,Sedan,Second Owner,114981.0,i VTEC Engine
Manual,Honda WR-V,2018.0,Chennai,Petrol,SUV,First Owner,45000.0,i-VTEC Petrol Engine
Manual,Hyundai Grand i10 Nios,2021.0,Chennai,Petrol,Hatchback,First Owner,45416.0,1.2 Kappa petrol
Manual,Hyundai i20,2016.0,Chennai,Petrol,Hatchback,First Owner,119468.0,Kappa VTVT Petrol Engine
Automatic,Volkswagen Vento,2015.0,Chennai,Diesel,Sedan,Third Owner,100000.0,TDI Diesel Engine
Manual,Maruti Swift Dzire,2017.0,Chennai,Petrol,Sedan,First Owner,119975.0,
Automatic,BMW 3 Series,2017.0,Chennai,Petrol,Sedan,First Owner,19000.0,TwinPower Turbo 4 Cylinder Petrol Engine
Manual,Hyundai Grand i10,2016.0,Chennai,Petrol,Hatchback,Second Owner,64906.0, Kappa VTVT Petrol Engine
Manual,Maruti Baleno,2016.0,Chennai,Petrol,Hatchback,Second Owner,81484.0,VVT Petrol Engine
Manual,Maruti Swift Dzire,2018.0,Chennai,Petrol,Sedan,First Owner,45067.0,K Series VVT Engine
Automatic,Mercedes-Benz S-Class,2018.0,Chennai,Petrol,Sedan,First Owner,68000.0,V-Type Petrol Engine
Manual,Honda Jazz,2016.0,Chennai,Petrol,Hatchback,First Owner,65768.0,i-VTEC Petrol Engine
Manual,Honda Jazz,2016.0,Chennai,Petrol,Hatchback,Second Owner,61000.0,i-VTEC Petrol Engine
Automatic,Mercedes-Benz S-Class,2009.0,Chennai,Diesel,Sedan,Third Owner,50000.0,V-Type Engine
Automatic,BMW 5 Series,2018.0,Chennai,Diesel,Sedan,First Owner,23000.0,Diesel Engine
Automatic,BMW 7 Series,2018.0,Chennai,Diesel,Sedan,First Owner,17000.0,Diesel Engine
Automatic,Maruti Celerio,2017.0,Chennai,Petrol,Hatchback,First Owner,102958.0,K10B Engine
Manual,Toyota Corolla Altis,2013.0,Chennai,Diesel,Sedan,First Owner,62900.0,SOHC D-4D Diesel Engine
Manual,Maruti Wagon R,2015.0,Chennai,Petrol,Hatchback,Second Owner,65076.0,K10B Petrol Engine
Manual,Maruti Baleno,2016.0,Chennai,Petrol,Hatchback,First Owner,75876.0,VVT Petrol Engine
Manual,Hyundai i20,2015.0,Chennai,Petrol,Hatchback,First Owner,98911.0,Kappa VTVT Petrol Engine
Manual,Maruti Celerio,2015.0,Chennai,Petrol,Hatchback,First Owner,45000.0,K10B Engine
Automatic,Hyundai Verna,2017.0,Chennai,Diesel,Sedan,First Owner,76089.0,U2 VGT Diesel Engine 
Manual,Hyundai Grand i10,2017.0,Chennai,Petrol,Hatchback,Second Owner,54505.0,Kappa VTVT Petrol Engine
Automatic,Audi A3,2019.0,Chennai,Diesel,Sedan,First Owner,24000.0,TDI Diesel Engine
Manual,Maruti Swift Dzire,2016.0,Chennai,Petrol,Sedan,First Owner,96573.0,
Automatic,Kia Seltos,2019.0,Chennai,Diesel,SUV,First Owner,30000.0,1.5 L CRDi VGT
Manual,Hyundai Grand i10,2016.0,Chennai,Petrol,Hatchback,Second Owner,63720.0,Kappa VTVT Petrol Engine
Manual,Maruti Alto 800,2021.0,Chennai,Petrol,Hatchback,First Owner,14411.0,F8D Petrol Engine
Automatic,Volkswagen Taigun,2022.0,Chennai,Petrol,SUV,First Owner,11000.0,1.0L TSI
Automatic,Skoda Kushaq,2022.0,Chennai,Petrol,SUV,First Owner,21000.0,1.5 TSI Petrol Engine
Manual,Honda WR-V,2017.0,Chennai,Petrol,SUV,First Owner,34392.0,i-VTEC Petrol Engine
Manual,Hyundai Grand i10 Nios,2022.0,Chennai,Petrol,Hatchback,First Owner,20000.0,1.2 Kappa petrol
Manual,Kia Sonet,2022.0,Chennai,Petrol,SUV,First Owner,10000.0,Smartstream G1.0 T - GDi
Automatic,MG Astor,2022.0,Chennai,Petrol,SUV,First Owner,20000.0,VTi-TECH
Automatic,Toyota Glanza,2019.0,Chennai,Petrol,Hatchback,First Owner,47000.0,Petrol Engine
Manual,Maruti Alto K10,2014.0,Chennai,Petrol,Hatchback,Second Owner,60333.0,K Series Petrol Engine
Manual,Hyundai Grand i10,2014.0,Chennai,Diesel,Hatchback,First Owner,81058.0,U2 CRDi  Diesel Engine
Manual,Honda Civic,2010.0,Chennai,Petrol,Sedan,Second Owner,51800.0,In-Line
Manual,Hyundai Grand i10,2016.0,Chennai,Petrol,Hatchback,Second Owner,32797.0,Kappa VTVT Petrol Engine
Manual,Hyundai Grand i10,2016.0,Chennai,Petrol,Hatchback,First Owner,69731.0,Kappa VTVT Petrol Engine
Manual,Honda City,2016.0,Chennai,Petrol,Sedan,Second Owner,54000.0,i VTEC Engine
Manual,Nissan Micra Active,2016.0,Chennai,Petrol,Hatchback,Second Owner,110267.0,In Line Petrol Engine
Manual,Mahindra KUV 100,2018.0,Chennai,Petrol,SUV,First Owner,31767.0,mFALCON G80 Engine
Manual,Honda WR-V,2018.0,Chennai,Petrol,SUV,Second Owner,45677.0,i-VTEC Petrol Engine
Manual,Maruti Celerio,2017.0,Chennai,Petrol,Hatchback,First Owner,66656.0,K10C
Manual,Honda Amaze,2019.0,Chennai,Diesel,Sedan,First Owner,27000.0,i-DTEC Diesel Engine
Manual,Renault KWID,2021.0,Chennai,Petrol,Hatchback,First Owner,37004.0,Petrol Engine
Manual,Hyundai i10,2011.0,Chennai,Petrol,Hatchback,Second Owner,85274.0,Kappa Petrol Engine
Manual,Hyundai Creta,2017.0,Chennai,Diesel,SUV,Second Owner,60000.0,U2 CRDI VGT Engine
Manual,Honda City,2017.0,Chennai,Petrol,Sedan,First Owner,42000.0,i-VTEC
Manual,Hyundai Creta,2022.0,Chennai,Diesel,SUV,First Owner,20000.0,1.5 L U2 CRDi Diesel
Automatic,Kia Carens,2022.0,Chennai,Diesel,MUV,First Owner,30000.0,1.5L CRDi VGT
Automatic,Mercedes-Benz E-Class,2017.0,Chennai,Diesel,Sedan,First Owner,25000.0,CDI In-line Engine
Manual,Mahindra XUV500,2014.0,Chennai,Diesel,SUV,Third Owner,80000.0,mHawk Diesel Engine
Manual,Hyundai Verna,2015.0,Chennai,Petrol,Sedan,Second Owner,60000.0,VTVT Petrol Engine
Manual,Tata Harrier,2022.0,Chennai,Diesel,SUV,First Owner,20000.0,Kryotec 2.0 L Turbocharged Engine
Automatic,MG Hector,2022.0,Chennai,Petrol,SUV,First Owner,20000.0,1.5 L Turbocharged Intercooled
Automatic,MG Hector,2022.0,Chennai,Petrol,SUV,First Owner,20000.0,1.5 L Turbocharged Intercooled
Manual,Hyundai Creta,2020.0,Chennai,Diesel,SUV,Second Owner,55037.0,1.5 L U2 CRDi Diesel
Manual,Hyundai Santro,2018.0,Chennai,Petrol,Hatchback,First Owner,65607.0,1.1 litre Petrol Engine
Manual,Maruti Ertiga Tour,2021.0,Chennai,CNG,MUV,First Owner,70000.0,K15B
Manual,Hyundai i20,2016.0,Chennai,Petrol,Hatchback,First Owner,74777.0,Kappa VTVT Petrol Engine
Manual,Toyota Etios,2012.0,Chennai,Petrol,Sedan,Second Owner,102392.0,Petrol Engine
Manual,Skoda Rapid,2015.0,Chennai,Diesel,Sedan,First Owner,90210.0,Turbocharged Diesel Engin
Manual,Maruti Swift Dzire,2014.0,Chennai,Petrol,Sedan,First Owner,62373.0,
Manual,Tata Zest,2015.0,Chennai,Diesel,Sedan,First Owner,80000.0,Quadrajet Engine
Automatic,Maruti Celerio,2018.0,Chennai,Petrol,Hatchback,Second Owner,25219.0,K10C
Manual,Maruti Swift,2014.0,Chennai,Diesel,Hatchback,Third Owner,64409.0,DDiS Diesel Engine
Manual,Tata Nexon,2018.0,Chennai,Diesel,SUV,First Owner,52000.0,"Revotorq, 1.5L Turbocharged engine"
Automatic,Maruti Ciaz,2018.0,Chennai,Petrol,Sedan,Second Owner,30000.0,k15B VVT Engine
Automatic,Mercedes-Benz S-Class,2020.0,Chennai,Diesel,Sedan,First Owner,14000.0,L6 Diesel Engine
Manual,Hyundai Venue,2019.0,Chennai,Diesel,SUV,First Owner,48574.0,
Automatic,Honda City,2012.0,Chennai,Petrol,Sedan,First Owner,71423.0,In-Line Engine
Automatic,Mercedes-Benz E-Class,2020.0,Chennai,Diesel,Sedan,First Owner,30000.0,CDI In-line Engine
Manual,Maruti Wagon R,2013.0,Chennai,Petrol,Hatchback,First Owner,75498.0,K Series Petrol Engine
Manual,Honda City,2017.0,Chennai,Petrol,Sedan,First Owner,95963.0,i VTEC Engine
Manual,Maruti Wagon R,2015.0,Chennai,Petrol,Hatchback,First Owner,46613.0,K10B Petrol Engine
Manual,Honda WR-V,2017.0,Chennai,Petrol,SUV,First Owner,30000.0,i-VTEC Petrol Engine
Manual,Honda Amaze,2015.0,Chennai,Petrol,Sedan,First Owner,18722.0,i-VTEC Petrol Engine
Automatic,Kia Seltos,2023.0,Chennai,Petrol,SUV,First Owner,5593.0,Smartstream G1.4
Automatic,Audi Q3,2017.0,Chennai,Diesel,SUV,First Owner,40000.0,TDI Quattro Diesel Engine
Manual,Maruti Celerio,2021.0,Chennai,Petrol,Hatchback,First Owner,20875.0,K10C
Manual,Renault KWID,2018.0,Chennai,Petrol,Hatchback,Second Owner,46436.0,Petrol Engine
Automatic,Honda City,2016.0,Chennai,Petrol,Sedan,First Owner,127672.0,i VTEC Engine
Manual,Hyundai Venue,2021.0,Chennai,Petrol,SUV,First Owner,12814.0,Kappa 1.2 L MPi Petrol
Manual,Tata New Safari,2022.0,Chennai,Diesel,SUV,First Owner,26000.0,Kryotec 2.0 L Turbocharged Engine
Manual,Hyundai i10,2011.0,Chennai,Petrol,Hatchback,First Owner,45851.0,Kappa Petrol Engine
Manual,Hyundai Venue,2021.0,Chennai,Petrol,SUV,First Owner,36349.0,Kappa 1.0 L Turbo GDi Petrol
Automatic,Volkswagen Polo,2018.0,Chennai,Petrol,Hatchback,First Owner,35000.0,TSI Petrol Engine
Automatic,Tata New Safari,2021.0,Chennai,Diesel,SUV,First Owner,17059.0,Kryotec 2.0 L Turbocharged Engine
Automatic,BMW X5,2019.0,Chennai,Diesel,SUV,First Owner,37000.0,TwinPower Turbo 6-cylinder engine
Manual,Maruti Wagon R,2016.0,Chennai,Petrol,Hatchback,Second Owner,48163.0,K10B Petrol Engine
Manual,Maruti Swift Dzire,2013.0,Chennai,Petrol,Sedan,Third Owner,40000.0,K Series VVT Engine
Manual,Tata Indigo,2008.0,Chennai,Diesel,Sedan,Second Owner,150000.0,In-Line Engine
Manual,Volkswagen Polo,2020.0,Chennai,Petrol,Hatchback,First Owner,20000.0,1.0L MPI Petrol
Automatic,Hyundai Creta,2019.0,Chennai,Diesel,SUV,First Owner,47000.0,U2 CRDI VGT Engine
Manual,Hyundai i10,2013.0,Chennai,Petrol,Hatchback,First Owner,112711.0,DOHC Kappa2 Engine
Automatic,Toyota Fortuner,2020.0,Chennai,Diesel,SUV,First Owner,53000.0,1-GD FTV Engine
Automatic,Maruti Celerio,2016.0,Chennai,Petrol,Hatchback,Second Owner,65895.0,K10C
Automatic,Mahindra XUV300,2022.0,Chennai,Petrol,SUV,First Owner,15625.0,1.2L Turbo Petrol
Manual,Maruti Swift,2015.0,Chennai,Diesel,Hatchback,First Owner,107595.0,DDiS Diesel Engine
Manual,Maruti Ignis,2017.0,Chennai,Petrol,Hatchback,First Owner,23838.0,1.2-Litre VVT Petrol Engine
Manual,Maruti Alto K10,2015.0,Chennai,Petrol,Hatchback,First Owner,28975.0,K10C
Manual,Honda WR-V,2018.0,Chennai,Petrol,SUV,First Owner,30742.0,i-VTEC Petrol Engine
Manual,Maruti S-Presso,2022.0,Chennai,Petrol,Hatchback,First Owner,10363.0,K10C
Manual,Honda City,2015.0,Chennai,Petrol,Sedan,First Owner,100000.0,i VTEC Engine
Manual,Honda City,2016.0,Chennai,Petrol,Sedan,First Owner,75555.0,i VTEC Engine
Manual,Hyundai Creta,2018.0,Chennai,Petrol,SUV,Second Owner,60929.0,VTVT Petrol Engine
Automatic,BMW X5,2009.0,Chennai,Diesel,SUV,Second Owner,78000.0,xDrive30d Diesel Engine
Manual,Maruti Vitara Brezza,2017.0,Chennai,Diesel,SUV,First Owner,120000.0,DDiS 200 Diesel Engine
Manual,Honda Amaze,2014.0,Chennai,Diesel,Sedan,First Owner,143185.0,i-DTEC Diesel Engine
Manual,Maruti Ciaz,2017.0,Chennai,Petrol,Sedan,First Owner,115434.0,k14B VVT Engine
Manual,Maruti Ignis,2018.0,Chennai,Petrol,Hatchback,First Owner,43000.0,VVT
Manual,Honda Brio,2015.0,Chennai,Petrol,Hatchback,First Owner,63309.0,i-VTEC Engine
Manual,Maruti Swift,2015.0,Chennai,Diesel,Hatchback,First Owner,150000.0,DDiS Diesel Engine
Automatic,BMW 7 Series,2019.0,Chennai,Diesel,Sedan,First Owner,53000.0,Diesel Engine
Manual,Maruti Baleno,2019.0,Chennai,Petrol,Hatchback,First Owner,39386.0,1.2L VVT Engine
Automatic,BMW 6 Series,2018.0,Chennai,Diesel,Sedan,First Owner,42000.0,Diesel Engine
Automatic,Renault Triber,2021.0,Chennai,Petrol,MUV,First Owner,29257.0,
Automatic,Maruti Baleno,2017.0,Chennai,Petrol,Hatchback,First Owner,61829.0,VVT Petrol Engine
Manual,Maruti Alto K10,2014.0,Chennai,Petrol,Hatchback,First Owner,83901.0,K Series Petrol Engine
Manual,Maruti Celerio,2014.0,Chennai,Petrol,Hatchback,First Owner,33295.0,K10C
Manual,Maruti Celerio,2015.0,Chennai,Petrol,Hatchback,First Owner,33610.0,K10C
Manual,Maruti Ciaz,2014.0,Chennai,Diesel,Sedan,First Owner,95600.0,DDIS 200 Engine
Manual,Tata Tiago,2018.0,Chennai,Petrol,Hatchback,First Owner,20960.0,Revotron Engine
Automatic,BMW 3 Series,2016.0,Chennai,Diesel,Sedan,First Owner,66000.0,TwinPower Turbo 4 Cylinder Engine
Manual,Hyundai i20,2015.0,Chennai,Petrol,Hatchback,Second Owner,85105.0,Kappa VTVT Petrol Engine
Manual,Hyundai EON,2016.0,Chennai,Petrol,Hatchback,Second Owner,44519.0,Petrol Engine
Manual,Maruti Baleno,2017.0,Chennai,Petrol,Hatchback,First Owner,54024.0,VVT Petrol Engine
Manual,Maruti Baleno,2020.0,Chennai,Petrol,Hatchback,First Owner,20027.0,1.2L VVT Engine
Automatic,Audi A6,2019.0,Chennai,Diesel,Sedan,First Owner,44000.0,In Line Diesel Engine
Automatic,Audi Q3,2014.0,Chennai,Diesel,SUV,First Owner,58000.0,TDI Diesel Engine
Manual,Honda Amaze,2013.0,Chennai,Diesel,Sedan,First Owner,67905.0,i-DTEC Diesel Engine
Manual,Maruti Baleno,2017.0,Chennai,Petrol,Hatchback,First Owner,62604.0,1.2L VVT Engine
Manual,Toyota Innova,2009.0,Chennai,Diesel,MUV,First Owner,120000.0,In-Line Engine
Manual,Honda Amaze,2014.0,Chennai,Diesel,Sedan,First Owner,105781.0,i-DTEC Diesel Engine
Manual,Maruti Ciaz,2017.0,Chennai,Petrol,Sedan,First Owner,68724.0,k14B VVT Engine
Automatic,Maruti Celerio,2014.0,Chennai,Petrol,Hatchback,First Owner,67000.0,K10B Engine
Manual,Hyundai i10,2010.0,Chennai,Petrol,Hatchback,Second Owner,110273.0,DOHC Engine
Automatic,Maruti Celerio,2016.0,Chennai,Petrol,Hatchback,Second Owner,65628.0,K10B Engine
Manual,Volkswagen Polo,2014.0,Chennai,Petrol,Hatchback,First Owner,106075.0,MPI Petrol Engine
Manual,Maruti Ignis,2022.0,Chennai,Petrol,Hatchback,First Owner,6023.0,VVT
Manual,Tata Tiago,2018.0,Chennai,Petrol,Hatchback,Second Owner,38999.0,Revotron Engine
Manual,Toyota Innova Crysta,2018.0,Chennai,Diesel,MUV,First Owner,105000.0,2-GD FTV Engine
Automatic,Tata New Safari,2022.0,Chennai,Diesel,SUV,First Owner,7811.0,Kryotec 2.0 L Turbocharged Engine
Manual,Maruti Alto K10,2011.0,Chennai,Petrol,Hatchback,Second Owner,58747.0,K Series Petrol Engine
Manual,Tata Harrier,2019.0,Chennai,Diesel,SUV,First Owner,34965.0,Kryotec 2.0LTurbocharged Engine
Manual,Ford Ecosport,2015.0,Chennai,Diesel,SUV,Second Owner,106360.0,TDCi Diesel Engine
Manual,Maruti Ritz,2010.0,Chennai,Petrol,Hatchback,Second Owner,162049.0,K Series Petrol Engine
Automatic,Mercedes-Benz GLE,2020.0,Chennai,Diesel,SUV,First Owner,30000.0,V Type Engine
Manual,Toyota Urban cruiser,2021.0,Chennai,Petrol,SUV,First Owner,26000.0,k-series1.5l
Automatic,Kia Seltos,2020.0,Chennai,Petrol,SUV,First Owner,25000.0,SMARTSTREAM G1.5
Automatic,Mercedes-Benz GLC,2021.0,Chennai,Diesel,SUV,First Owner,35000.0,OM 654 Diesel engine
Manual,Maruti Swift,2020.0,Chennai,Petrol,Hatchback,First Owner,57000.0,VTVT Engine
Manual,Hyundai Creta,2017.0,Chennai,Petrol,SUV,First Owner,49000.0,VTVT Petrol Engine
Manual,Hyundai i20,2022.0,Chennai,Petrol,Hatchback,First Owner,30000.0,1.2 l Kappa petrol
Manual,Hyundai Santro,2002.0,Chennai,Petrol,Hatchback,Third Owner,120000.0,
Automatic,Hyundai i10,2014.0,Chennai,Petrol,Hatchback,Third Owner,40000.0,DOHC Kappa2 Engine
Automatic,Honda Jazz,2015.0,Chennai,Petrol,Hatchback,First Owner,53250.0,i-VTEC Petrol Engine
Manual,Tata Tiago,2022.0,Chennai,Petrol,Hatchback,First Owner,8848.0,1.2 L Revotron
Automatic,Tata Harrier,2022.0,Chennai,Diesel,SUV,First Owner,3000.0,Kryotec 2.0 L Turbocharged Engine
Manual,Skoda Rapid,2021.0,Chennai,Petrol,Sedan,First Owner,34628.0,1.0L TSI Petrol
Manual,Maruti Ignis,2022.0,Chennai,Petrol,Hatchback,First Owner,8579.0,VVT
Manual,Renault Triber,2022.0,Chennai,Petrol,MUV,First Owner,17000.0,
Manual,Honda City,2017.0,Chennai,Petrol,Sedan,First Owner,40021.0,i VTEC Engine
Automatic,Mercedes-Benz GLS,2021.0,Chennai,Diesel,SUV,First Owner,52000.0,3.0-litre diesel
Manual,Hyundai i20,2017.0,Chennai,Petrol,Hatchback,Second Owner,46946.0,Kappa VTVT Petrol Engine
Automatic,Honda Jazz,2019.0,Chennai,Petrol,Hatchback,First Owner,30772.0,i-VTEC Petrol Engine
Manual,Ford Figo,2012.0,Chennai,Diesel,Hatchback,First Owner,74008.0,Diesel Engine
Manual,Maruti Swift Dzire,2017.0,Chennai,Diesel,Sedan,First Owner,31000.0,DDiS Diesel Engine
Manual,Mahindra Bolero,2022.0,Chennai,Diesel,SUV,First Owner,20000.0,mHAWK 75 BSVI
Manual,Maruti Baleno,2020.0,Chennai,Petrol,Hatchback,Second Owner,20000.0,1.2L VVT Engine
Automatic,Maruti S-Presso,2020.0,Chennai,Petrol,Hatchback,First Owner,31137.0,K10B
Manual,Maruti Swift Dzire,2011.0,Chennai,Diesel,Sedan,First Owner,90000.0,In-Line Engine
Manual,Hyundai Creta,2015.0,Chennai,Petrol,SUV,First Owner,77000.0,VTVT Petrol Engine
Automatic,BMW 3 Series GT,2019.0,Chennai,Diesel,Sedan,First Owner,16000.0,TwinPower Turbo 4-Cylinder Diesel Engine
Automatic,Mahindra XUV500,2018.0,Chennai,Diesel,SUV,First Owner,23000.0,mHawk Diesel Engine
Manual,Mahindra Thar,2022.0,Chennai,Petrol,SUV,First Owner,9000.0,mStallion 150 TGDi Engine
Manual,Datsun RediGO,2018.0,Chennai,Petrol,Hatchback,First Owner,28733.0,0.8L Petrol Engine
Automatic,Hyundai Verna,2018.0,Chennai,Diesel,Sedan,First Owner,61828.0,U2 VGT Diesel Engine
Manual,Toyota Innova,2007.0,Chennai,Diesel,MUV,Second Owner,150000.0,In-Line Engine
Manual,Tata Tigor,2022.0,Chennai,Petrol,Sedan,First Owner,60431.0,1.2L Revotron Engine
Manual,Maruti Celerio X,2018.0,Chennai,Petrol,Hatchback,First Owner,53269.0,K10B Petrol Engine
Automatic,MG Hector,2021.0,Chennai,Petrol,SUV,First Owner,38000.0,1.5 L Turbocharged Intercooled
Manual,Honda Amaze,2019.0,Chennai,Petrol,Sedan,Second Owner,37778.0,i-VTEC Petrol Engine
Manual,Maruti Baleno,2017.0,Chennai,Petrol,Hatchback,First Owner,54024.0,VVT Petrol Engine
Manual,Tata Nexon,2018.0,Chennai,Petrol,SUV,Second Owner,85941.0,Revotron 1.2L Turbocharged engine
Automatic,Maruti Celerio X,2018.0,Chennai,Petrol,Hatchback,First Owner,89329.0,K10B Petrol Engine
Manual,Tata Tiago,2019.0,Chennai,Petrol,Hatchback,Second Owner,40000.0,Revotron Engine
Manual,Maruti Swift,2017.0,Chennai,Petrol,Hatchback,First Owner,17000.0,VTVT Engine
Manual,Maruti Ignis,2017.0,Chennai,Petrol,Hatchback,First Owner,83887.0,1.2-Litre VVT Petrol Engine
Manual,Hyundai i20 Active,2015.0,Chennai,Diesel,Hatchback,First Owner,150000.0,U2 CRDI Diesel Engine
Automatic,Toyota Innova Crysta,2021.0,Chennai,Diesel,MUV,First Owner,39000.0,2.4L Diesel Engine
Automatic,Hyundai Verna,2018.0,Chennai,Petrol,Sedan,First Owner,23000.0,VTVT Petrol Engine
Manual,Hyundai Verna,2017.0,Chennai,Petrol,Sedan,First Owner,80000.0,VTVT Petrol Engine
Automatic,Maruti Celerio,2016.0,Chennai,Petrol,Hatchback,First Owner,34000.0,K10B Engine
Manual,Maruti Celerio,2017.0,Chennai,Petrol,Hatchback,First Owner,29973.0,K10B Engine
Manual,Honda City,2021.0,Chennai,Petrol,Sedan,First Owner,30000.0,Water Cooled Inline i-VTEC DOHC with VTC
Manual,Hyundai i20 Active,2016.0,Chennai,Diesel,Hatchback,Second Owner,80805.0,U2 CRDI Diesel Engine
Manual,Tata Tiago,2020.0,Chennai,Petrol,Hatchback,First Owner,26235.0,Revotron Engine
Manual,Honda City,2017.0,Chennai,Petrol,Sedan,,95963.0,i VTEC Engine
Manual,Hyundai Creta,2018.0,Chennai,Petrol,SUV,First Owner,83294.0,VTVT Petrol Engine
Manual,MG Hector,2021.0,Chennai,Diesel,SUV,Second Owner,17963.0,
Manual,Maruti Baleno,2019.0,Chennai,Petrol,Hatchback,First Owner,102696.0,VVT Petrol Engine
Manual,Hyundai i20,2019.0,Chennai,Diesel,Hatchback,Second Owner,57206.0,U2 CRDI Diesel Engine
Manual,Ford Figo,2013.0,Chennai,Diesel,Hatchback,Second Owner,120000.0,Duratorq Diesel Engine
Manual,Hyundai i20,2017.0,Chennai,Petrol,Hatchback,First Owner,81829.0,Kappa VTVT Petrol Engine
Manual,Maruti Celerio,2014.0,Chennai,Petrol,Hatchback,Second Owner,54395.0,K10C
Manual,Tata Tigor,2019.0,Chennai,Diesel,Sedan,First Owner,50000.0,Revotorq Engine
Manual,Volkswagen Ameo,2017.0,Chennai,Petrol,Sedan,Second Owner,70000.0,MPI Petrol Engine
Manual,Hyundai i20,2015.0,Chennai,Petrol,Hatchback,First Owner,36000.0,Kappa VTVT Petrol Engine
Manual,Isuzu MU 7,2016.0,Chennai,Diesel,SUV,Second Owner,125000.0,VGS Turbo Diesel Engine 
Automatic,Mercedes-Benz CLA,2018.0,Chennai,Diesel,Sedan,Second Owner,75000.0,In Line Diesel Engine
Automatic,Mercedes-Benz E-Class,2018.0,Chennai,Diesel,Sedan,First Owner,45007.0,In-Line 4 Cylinder diesel Engine
Manual,Honda Amaze,2016.0,Chennai,Petrol,Sedan,First Owner,49617.0,i-VTEC Petrol Engine
Manual,Toyota Etios,2016.0,Chennai,Petrol,Sedan,First Owner,57782.0,Petrol Engine
Automatic,Skoda Superb,2015.0,Chennai,Diesel,Sedan,First Owner,38000.0,Diesel Engine
Automatic,BMW 5 Series,2008.0,Chennai,Diesel,Sedan,Third Owner,110000.0,In-Line Engine
Manual,Honda Jazz,2018.0,Chennai,Petrol,Hatchback,Second Owner,22066.0,i-VTEC Petrol Engine
Manual,Hyundai i20,2016.0,Chennai,Petrol,Hatchback,First Owner,65707.0,Kappa VTVT Petrol Engine
Manual,Maruti Celerio,2015.0,Chennai,Petrol,Hatchback,First Owner,89488.0,K10B Engine
Automatic,Maruti Ignis,2017.0,Chennai,Petrol,Hatchback,Second Owner,88663.0,1.2-Litre VVT Petrol Engine
Manual,Tata Tiago,2020.0,Chennai,Petrol,Hatchback,First Owner,31679.0,Revotron Engine
Manual,Hyundai Grand i10,2013.0,Chennai,Petrol,Hatchback,First Owner,68178.0,Kappa VTVT Petrol Engine
Manual,Honda City,2017.0,Chennai,Petrol,Sedan,Second Owner,61279.0,i VTEC Engine
Manual,Honda Amaze,2021.0,Chennai,Petrol,Sedan,First Owner,8963.0,i-VTEC Petrol Engine
Manual,Maruti Swift Dzire,2017.0,Chennai,Petrol,Sedan,First Owner,80281.0,K Series VVT Engine
Manual,MG Hector,2020.0,Chennai,Petrol,SUV,First Owner,50580.0,
Automatic,Mini Cooper,2014.0,Chennai,Petrol,Hatchback,First Owner,21000.0,Petrol Engine
Automatic,Audi Q3,2016.0,Chennai,Diesel,SUV,First Owner,55000.0,TDI Quattro Diesel Engine
Automatic,Mercedes-Benz GLE,2018.0,Chennai,Diesel,SUV,Second Owner,70000.0,In Line Engine
Automatic,Audi Q5,2019.0,Chennai,Petrol,SUV,First Owner,58000.0,TFSI Quattro Engine
Manual,Volkswagen Vento,2018.0,Chennai,Petrol,Sedan,First Owner,65224.0,MPI Petrol Engine
Manual,Maruti Ritz,2010.0,Chennai,Petrol,Hatchback,First Owner,120000.0,K Series Petrol Engine 
Automatic,BMW X5,2018.0,Chennai,Diesel,SUV,First Owner,42001.0,Diesel Engine
Manual,Maruti Swift Dzire,2017.0,Chennai,Petrol,Sedan,First Owner,30316.0,K Series VVT Engine
Automatic,Mercedes-Benz E-Class,2013.0,Chennai,Diesel,Sedan,Third Owner,64000.0,In-Line Diesel Engine
Automatic,Volvo S60,2015.0,Chennai,Diesel,Sedan,First Owner,40000.0,Turbo Diesel Engine
Manual,Maruti Swift,2017.0,Chennai,Petrol,Hatchback,First Owner,100526.0,K Series Dual jet
Manual,Maruti Swift,2021.0,Chennai,Petrol,Hatchback,First Owner,17273.0,K Series Dual jet
Manual,Maruti SX4 S Cross,2018.0,Chennai,Diesel,SUV,First Owner,107737.0,DDiS 200 Diesel Engine
Manual,Ford Ecosport,2016.0,Chennai,Petrol,SUV,Second Owner,111586.0,Ti-VCT Petrol Engine
Automatic,Maruti Baleno,2017.0,Chennai,Petrol,Hatchback,Second Owner,73369.0,VVT Petrol Engine
Manual,Maruti Alto,2012.0,Chennai,Petrol,Hatchback,First Owner,63697.0,In-Line Engine
Manual,Hyundai i20,2018.0,Chennai,Petrol,Hatchback,First Owner,45224.0,Kappa VTVT Petrol Engine
Manual,Ford Figo,2010.0,Chennai,Diesel,Hatchback,Second Owner,110701.0,Diesel Engine
Manual,Maruti Wagon R,2016.0,Chennai,Petrol,Hatchback,Second Owner,49124.0,K10B Petrol Engine
Manual,Maruti Swift Dzire,2016.0,Chennai,Petrol,Sedan,First Owner,96861.0,
Manual,Hyundai i10,2009.0,Chennai,Petrol,Hatchback,Second Owner,64636.0,DOHC Engine
Automatic,Audi A6,2014.0,Chennai,Diesel,Sedan,First Owner,134000.0,TDI Diesel Engine 
Manual,Maruti 800,2002.0,Chennai,Petrol,Hatchback,First Owner,20000.0,Hi-Tech Petrol Engine
Automatic,Renault Kiger,2022.0,Chennai,Petrol,SUV,First Owner,14118.0,1.0L energy
Automatic,Jeep Meridian,2023.0,Chennai,Diesel,SUV,First Owner,1200.0,2.0 L Multijet Diesel
Automatic,Ford Ecosport,2018.0,Chennai,Petrol,SUV,Second Owner,36000.0,Ti-VCT Petrol Engine
Automatic,Skoda Kushaq,2022.0,Chennai,Petrol,SUV,First Owner,10000.0,1.0 TSI Petrol Engine
Manual,Kia Seltos,2019.0,Chennai,Petrol,SUV,First Owner,50000.0,SMARTSTREAM G1.5
Manual,Toyota Urban cruiser,2021.0,Chennai,Petrol,SUV,First Owner,30000.0,k-series1.5l
Automatic,Skoda Rapid,2018.0,Chennai,Petrol,Sedan,First Owner,29000.0,Petrol Engine
Manual,Hyundai i20,2014.0,Chennai,Petrol,Hatchback,Second Owner,55940.0,Kappa VTVT Petrol Engine
Manual,Honda City,2018.0,Chennai,Diesel,Sedan,Second Owner,115915.0,i DTEC Diesel Engine
Automatic,Renault KWID,2022.0,Chennai,Petrol,Hatchback,First Owner,1000.0,1.0 SCe
Automatic,Honda Jazz,2016.0,Chennai,Petrol,Hatchback,Second Owner,96184.0,i-VTEC Petrol Engine
Manual,Hyundai i10,2014.0,Chennai,Petrol,Hatchback,First Owner,87780.0,IRDE2 Engine
Manual,Hyundai i20,2015.0,Chennai,Petrol,Hatchback,First Owner,118921.0,Kappa VTVT Petrol Engine
Manual,Ford Ecosport,2019.0,Chennai,Diesel,SUV,Second Owner,73834.0,TDCi Diesel Engine
Automatic,Mahindra Thar,2022.0,Chennai,Diesel,SUV,First Owner,20000.0,mHawk 130 Engine
Manual,Maruti Baleno,2016.0,Chennai,Petrol,Hatchback,First Owner,38514.0,VVT Petrol Engine
Manual,Maruti Swift Dzire,2016.0,Chennai,Petrol,Sedan,Second Owner,74401.0,
Automatic,Hyundai Creta,2020.0,Chennai,Petrol,SUV,First Owner,40000.0,1.4 L Turbo GDi Petrol
Manual,Maruti Swift,2022.0,Chennai,Petrol,Hatchback,First Owner,9000.0,K Series Dual jet
Manual,Hyundai Creta,2017.0,Chennai,Petrol,SUV,First Owner,50000.0,VTVT Petrol Engine
Manual,Maruti Swift Dzire,2020.0,Chennai,Petrol,Sedan,First Owner,40000.0,
Automatic,Skoda Rapid,2015.0,Chennai,Diesel,Sedan,Third Owner,80000.0,Diesel Engine
Manual,Hyundai Grand i10,2014.0,Chennai,Petrol,Hatchback,Second Owner,82000.0,Kappa VTVT Petrol Engine
Automatic,Hyundai Aura,2020.0,Chennai,Petrol,Sedan,First Owner,32947.0,1.2 l Kappa dual petrol
Manual,Jeep Meridian,2022.0,Chennai,Diesel,SUV,First Owner,9000.0,2.0 L Multijet Diesel
Manual,Hyundai Verna,2018.0,Chennai,Petrol,Sedan,First Owner,25000.0,VTVT Petrol Engine
Manual,Maruti XL6,2022.0,Chennai,Petrol,MUV,First Owner,10000.0,K15B Smart Hybrid
Manual,Skoda Slavia,2022.0,Chennai,Petrol,Sedan,First Owner,8413.0,1.5 L TSI Petrol
Manual,Hyundai i20,2016.0,Chennai,Petrol,Hatchback,First Owner,34460.0,Kappa VTVT Petrol Engine
Manual,Maruti Swift Dzire,2010.0,Chennai,Petrol,Sedan,First Owner,33886.0,In-Line Engine
Manual,Hyundai i20 Active,2016.0,Chennai,Petrol,Hatchback,Second Owner,57910.0,VTVT Petrol Engine
Manual,Renault Triber,2020.0,Chennai,Petrol,MUV,Second Owner,46233.0,
Automatic,Honda City,2017.0,Chennai,Petrol,Sedan,First Owner,60000.0,Water Cooled Inline i-VTEC DOHC with VTC
Manual,Maruti Swift,2021.0,Chennai,Petrol,Hatchback,First Owner,48979.0,K Series Dual jet
Automatic,MG Hector,2019.0,Chennai,Petrol,SUV,First Owner,42000.0,
Manual,Ford Ecosport,2016.0,Chennai,Diesel,SUV,First Owner,106165.0,TDCi Diesel Engine
Manual,Datsun RediGO,2018.0,Chennai,Petrol,Hatchback,First Owner,91261.0,0.8L Petrol Engine
Manual,Maruti Celerio,2018.0,Chennai,Petrol,Hatchback,First Owner,36711.0,K10B Engine
Automatic,BMW 3 Series Gran Limousine,2021.0,Chennai,Petrol,Sedan,First Owner,9000.0,2.0L Turbo Petrol
Manual,Maruti Baleno,2018.0,Chennai,Petrol,Hatchback,,30428.0,VVT Petrol Engine
Manual,Renault KWID,2018.0,Chennai,Petrol,Hatchback,First Owner,49791.0,Petrol Engine
Manual,MG Hector Plus,2021.0,Chennai,Diesel,SUV,First Owner,40000.0,2.0L Turbocharged Diesel
Manual,Hyundai Xcent,2014.0,Chennai,Petrol,Sedan,Second Owner,40000.0,Kappa VTVT Petrol Engine
Automatic,Maruti Baleno,2018.0,Chennai,Petrol,Hatchback,Second Owner,50000.0,VVT Petrol Engine
Manual,Maruti Vitara Brezza,2019.0,Chennai,Diesel,SUV,First Owner,60000.0,DDiS 200 Diesel Engine
Manual,Volkswagen Ameo,2017.0,Chennai,Petrol,Sedan,First Owner,60000.0,MPI Petrol Engine
Automatic,Ford Endeavour,2017.0,Chennai,Diesel,SUV,First Owner,70000.0,Diesel Engine
Manual,Maruti Wagon R,2014.0,Chennai,Petrol,Hatchback,Second Owner,107158.0,K10B Petrol Engine
Manual,Hyundai Grand i10,2019.0,Chennai,Petrol,Hatchback,First Owner,90811.0,Kappa VTVT Petrol Engine
Manual,Ford Figo,2012.0,Chennai,Petrol,Hatchback,Third Owner,76454.0,Petrol Engine
Manual,Maruti Swift,2021.0,Chennai,Petrol,Hatchback,First Owner,57464.0,K Series Dual jet
Manual,Honda Amaze,2019.0,Chennai,Petrol,Sedan,First Owner,95072.0,i-VTEC Petrol Engine
Automatic,Honda City,2014.0,Chennai,Petrol,Sedan,First Owner,51789.0,i VTEC Engine
Manual,Hyundai i20,2018.0,Chennai,Petrol,Hatchback,Second Owner,56028.0,Kappa VTVT Petrol Engine
Manual,Honda City,2017.0,Chennai,Petrol,Sedan,First Owner,60000.0,i VTEC Engine
Manual,Hyundai Grand i10 Nios,2020.0,Chennai,Petrol,Hatchback,First Owner,36460.0,1.2 Kappa petrol
Manual,Honda Amaze,2020.0,Chennai,Petrol,Sedan,First Owner,103249.0,i-VTEC Petrol Engine
Manual,Honda City,2021.0,Chennai,Petrol,Sedan,First Owner,45568.0,Water Cooled Inline i-VTEC DOHC with VTC
Automatic,Ford Endeavour,2017.0,Chennai,Diesel,SUV,First Owner,130000.0,Diesel Engine
Manual,MG Hector Plus,2021.0,Chennai,Diesel,SUV,First Owner,60000.0,2.0L Turbocharged Diesel
Manual,Skoda Rapid,2013.0,Chennai,Diesel,Sedan,First Owner,100521.0,Turbocharged Diesel Engin
Manual,Volkswagen Ameo,2019.0,Chennai,Petrol,Sedan,First Owner,42709.0,MPI Petrol Engine
Manual,Mahindra TUV 300,2016.0,Chennai,Diesel,SUV,Second Owner,150000.0,mHawk 100 Diesel Engine
Manual,Honda City,2015.0,Chennai,Petrol,Sedan,First Owner,100000.0,i VTEC Engine
Manual,Volkswagen Jetta,2009.0,Chennai,Diesel,Sedan,Third Owner,120000.0,In-Line Engine
Automatic,Hyundai Elantra,2018.0,Chennai,Petrol,Sedan,First Owner,30000.0,Nu 2.0 MPi Petrol Engine
Automatic,BMW 3 Series,2016.0,Chennai,Diesel,Sedan,First Owner,70000.0,TwinPower Turbo 4 Cylinder Engine
Manual,Hyundai Grand i10,2014.0,Chennai,Petrol,Hatchback,First Owner,104279.0, Kappa VTVT Petrol Engine
Manual,Hyundai i20 Active,2018.0,Chennai,Petrol,Hatchback,First Owner,73321.0,VTVT Petrol Engine
Manual,Hyundai Verna,2017.0,Chennai,Petrol,Sedan,First Owner,50000.0,VTVT Petrol Engine
Manual,Hyundai Santro,2018.0,Chennai,Petrol,Hatchback,First Owner,34279.0,1.1 litre Petrol Engine
Manual,Hyundai i20,2016.0,Chennai,Petrol,Hatchback,Second Owner,55040.0,Kappa VTVT Petrol Engine
Automatic,Hyundai Verna,2018.0,Chennai,Diesel,Sedan,Second Owner,39000.0,U2 VGT Diesel Engine
Manual,Hyundai i20,2014.0,Chennai,Diesel,Hatchback,Second Owner,104336.0,U2 CRDI Diesel Engine
Automatic,Volvo S90,2019.0,Chennai,Diesel,Sedan,Third Owner,45000.0,D4 Diesel Engine
Manual,Honda City,2020.0,Chennai,Petrol,Sedan,First Owner,69617.0,Water Cooled Inline i-VTEC DOHC with VTC
Manual,Hyundai i20,2016.0,Chennai,Petrol,Hatchback,First Owner,47429.0,Kappa VTVT Petrol Engine
Manual,Maruti Swift,2015.0,Chennai,Petrol,Hatchback,First Owner,67000.0,VTVT Engine
Manual,Volkswagen Polo,2016.0,Chennai,Petrol,Hatchback,First Owner,80000.0,MPI Petrol Engine
Manual,Volkswagen Polo,2018.0,Chennai,Petrol,Hatchback,First Owner,27000.0,MPI Petrol Engine
Manual,Ford Ecosport,2016.0,Chennai,Diesel,SUV,Second Owner,56000.0,TDCi Diesel Engine
Manual,Honda Amaze,2018.0,Chennai,Petrol,Sedan,First Owner,33379.0,i-VTEC Petrol Engine
Manual,Maruti Ciaz,2017.0,Chennai,Diesel,Sedan,First Owner,80000.0,DDIS 200 Engine
Manual,Hyundai Xcent,2016.0,Chennai,Petrol,Sedan,First Owner,90000.0,Kappa VTVT Petrol Engine
Manual,Hyundai Xcent,2015.0,Chennai,Petrol,Sedan,First Owner,50197.0,Kappa VTVT Petrol Engine
Manual,Hyundai Accent,2012.0,Chennai,Petrol,Sedan,Second Owner,80000.0,Petrol Engine
Manual,Honda Jazz,2016.0,Chennai,Petrol,Hatchback,,60611.0,i-VTEC Petrol Engine
Manual,Ford Ecosport,2017.0,Chennai,Petrol,SUV,Third Owner,61120.0,Ti-VCT Petrol Engine
Manual,Renault KWID,2019.0,Chennai,Petrol,Hatchback,First Owner,55415.0,Petrol Engine
Automatic,Jaguar F-Pace,2018.0,Chennai,Diesel,SUV,First Owner,52000.0,Diesel Engine
Manual,Honda Jazz,2015.0,Chennai,Petrol,Hatchback,First Owner,48579.0,i-VTEC Petrol Engine
Manual,Hyundai Xcent,2016.0,Chennai,Petrol,Sedan,Second Owner,59532.0,Kappa VTVT Petrol Engine
Manual,Honda City,2014.0,Chennai,Petrol,Sedan,Second Owner,200300.0,In-Line Engine
Manual,Volkswagen Jetta,2014.0,Chennai,Petrol,Sedan,First Owner,113231.0,Petrol Engine
Manual,Mahindra TUV 300,2018.0,Chennai,Diesel,SUV,Second Owner,106338.0,mHawk 100 Diesel Engine
Manual,Tata Altroz,2021.0,Chennai,Diesel,Hatchback,First Owner,40629.0,1.5 l Turbocharged Revotorq
Automatic,Maruti Swift Dzire,2016.0,Chennai,Diesel,Sedan,Second Owner,73341.0,DDiS Diesel Engine
Automatic,BMW 3 Series,2011.0,Chennai,Diesel,Sedan,Second Owner,39001.0,TwinPower Turbo 4 Cylinder Engine
Manual,Honda City,2014.0,Chennai,Petrol,Sedan,First Owner,81532.0,i VTEC Engine
Manual,Honda City,2015.0,Chennai,Petrol,Sedan,First Owner,108818.0,i-VTEC
Manual,Maruti Baleno,2017.0,Chennai,Petrol,Hatchback,First Owner,35419.0,1.2L VVT Engine
Automatic,Mercedes-Benz C-Class,2011.0,Chennai,Diesel,Sedan,Second Owner,80000.0,In-Line Engine
Manual,Renault Fluence,2014.0,Chennai,Diesel,Sedan,Second Owner,100000.0,dCi Diesel Engine
Automatic,Audi A4,2014.0,Chennai,Diesel,Sedan,First Owner,12000.0,TDI Diesel Engine
Manual,Hyundai Verna,2011.0,Chennai,Diesel,Sedan,First Owner,70001.0,Diesel Engine
Manual,Hyundai Xcent,2014.0,Chennai,Diesel,Sedan,First Owner,61331.0,U2 CRDI Diesel  Engine
Manual,Honda Amaze,2014.0,Chennai,Diesel,Sedan,First Owner,51438.0,i-DTEC Diesel Engine
Manual,Hyundai Santro,2019.0,Chennai,Petrol,Hatchback,First Owner,67988.0,1.1 litre Petrol Engine
Automatic,Honda Jazz,2019.0,Chennai,Petrol,Hatchback,Second Owner,36032.0,i-VTEC Petrol Engine
Manual,Honda City,2015.0,Chennai,Petrol,Sedan,First Owner,114883.0,i-VTEC
Manual,Maruti Swift Dzire,2016.0,Chennai,Petrol,Sedan,First Owner,88584.0,
Manual,Maruti Ritz,2012.0,Chennai,Diesel,Hatchback,Second Owner,97419.0,DDiS Diesel Engine
Automatic,BMW X3,2019.0,Chennai,Petrol,SUV,First Owner,70000.0,TwinPower Turbo 4-cylinder engine
Manual,Ford Ecosport,2015.0,Chennai,Diesel,SUV,Second Owner,106498.0,TDCi Diesel Engine
Automatic,BMW X3,2019.0,Chennai,Petrol,SUV,First Owner,70000.0,TwinPower Turbo 4-cylinder engine
Manual,Maruti Swift,2016.0,Chennai,Diesel,Hatchback,Second Owner,68177.0,DDiS Diesel Engine
Manual,Skoda Slavia,2022.0,Chennai,Petrol,Sedan,First Owner,27524.0,1.5 L TSI Petrol
Manual,Maruti SX4 S Cross,2017.0,Chennai,Diesel,SUV,First Owner,75471.0,DDiS 200 Diesel Engine
Manual,Honda Amaze,2021.0,Chennai,Petrol,Sedan,First Owner,8000.0,i-VTEC
Automatic,Kia Carens,2022.0,Chennai,Petrol,MUV,First Owner,13200.0,Smartstream G1.5 T-GDi
Manual,Hyundai Creta,2021.0,Chennai,Petrol,SUV,First Owner,20000.0,1.5 L MPi Petrol
Automatic,Citroen C5 Aircross,2022.0,Chennai,Diesel,SUV,First Owner,20000.0,DW10FC
Manual,Maruti Alto K10,2017.0,Chennai,Petrol,Hatchback,First Owner,60730.0,K Series Petrol Engine
Manual,Maruti Swift Dzire,2016.0,Chennai,Petrol,Sedan,Second Owner,44494.0,K Series VVT Engine
Manual,Maruti Ertiga,2017.0,Chennai,Petrol,MUV,First Owner,20000.0,K14B Petrol Engine
Automatic,Tata Nexon,2019.0,Chennai,Diesel,SUV,First Owner,45673.0,"Revotorq, 1.5L Turbocharged engine"
Manual,Toyota Fortuner,2020.0,Chennai,Diesel,SUV,First Owner,26000.0,1-GD FTV Engine
Manual,Hyundai Verna,2017.0,Chennai,Petrol,Sedan,First Owner,51878.0,VTVT Petrol Engine
Automatic,Nissan Micra,2017.0,Chennai,Petrol,Hatchback,First Owner,56747.0,In Line Petrol Engine
Manual,Maruti Swift,2018.0,Chennai,Petrol,Hatchback,First Owner,38000.0,K Series VVT Engine
Manual,Hyundai i20,2016.0,Chennai,Petrol,Hatchback,Second Owner,76457.0,Kappa VTVT Petrol Engine
Manual,Honda Jazz,2017.0,Chennai,Petrol,Hatchback,Second Owner,78880.0,i-VTEC Petrol Engine
Manual,Maruti Swift Dzire,2015.0,Chennai,Petrol,Sedan,First Owner,19593.0,K Series VVT Engine
Manual,Hyundai i20,2016.0,Chennai,Petrol,Hatchback,First Owner,84429.0,Kappa VTVT Petrol Engine
Manual,Hyundai i20,2021.0,Chennai,Diesel,Hatchback,First Owner,27599.0,1.5 l U2 diesel
Manual,Renault Triber,2020.0,Chennai,Petrol,MUV,First Owner,76898.0,
Manual,Volkswagen Polo,2013.0,Chennai,Petrol,Hatchback,Second Owner,119070.0,In-Line Engine
Manual,Tata Indica,2004.0,Chennai,Diesel,Hatchback,Second Owner,120000.0,
Manual,Maruti Swift Dzire,2017.0,Chennai,Petrol,Sedan,First Owner,32199.0,K Series VVT Engine
Manual,Tata Tiago,2016.0,Chennai,Petrol,Hatchback,First Owner,85607.0,Revotron Engine
Manual,Maruti Baleno,2019.0,Chennai,Petrol,Hatchback,First Owner,30000.0,VVT Petrol Engine
Manual,Mahindra TUV 300,2017.0,Chennai,Diesel,SUV,First Owner,80000.0,mHawk 100 Diesel Engine
Manual,Mahindra Scorpio,2019.0,Chennai,Diesel,SUV,First Owner,1200000.0,mHawk Diesel Engine
Automatic,Honda Jazz,2016.0,Chennai,Petrol,Hatchback,First Owner,45429.0,i-VTEC Petrol Engine
Manual,Renault KWID,2019.0,Chennai,Petrol,Hatchback,First Owner,9000.0,0.8 SCe
Manual,Maruti Alto 800,2019.0,Chennai,Petrol,Hatchback,First Owner,31000.0,F8D Petrol Engine
Manual,Volkswagen Polo,2013.0,Chennai,Diesel,Hatchback,First Owner,81488.0,TDI Diesel Engine
Manual,Volkswagen Polo,2019.0,Chennai,Petrol,Hatchback,First Owner,94439.0,MPI Petrol Engine
Manual,Maruti Swift,2013.0,Chennai,Petrol,Hatchback,Third Owner,98481.0,K Series Dual jet
Manual,Maruti Baleno,2018.0,Chennai,Petrol,Hatchback,First Owner,20000.0,VVT Petrol Engine
Automatic,Volkswagen Vento,2016.0,Chennai,Diesel,Sedan,Second Owner,100894.0,TDI Diesel Engine
Manual,Maruti Swift,2016.0,Chennai,Diesel,Hatchback,First Owner,86215.0,DDiS Diesel Engine
Manual,Ford Fiesta,2006.0,Chennai,Diesel,Sedan,Second Owner,120000.0,
Manual,Volkswagen Polo,2017.0,Chennai,Petrol,Hatchback,Second Owner,98115.0,MPI Petrol Engine
Manual,Maruti Swift Dzire,2019.0,Chennai,Petrol,Sedan,First Owner,47125.0,In-Line Engine
Manual,Maruti Wagon R,2022.0,Chennai,Petrol,Hatchback,First Owner,4453.0,K12N
Manual,Tata Punch,2022.0,Chennai,Petrol,SUV,First Owner,9991.0,1.2 l Revotron Engine
Manual,Maruti Wagon R,2021.0,Chennai,Petrol,Hatchback,First Owner,4564.0,K Series Petrol Engine
Manual,Ford Figo,2012.0,Chennai,Diesel,Hatchback,First Owner,108713.0,Diesel Engine
Manual,Honda City,2021.0,Chennai,Petrol,Sedan,First Owner,13000.0,Water Cooled Inline i-VTEC DOHC with VTC
Manual,Honda WR-V,2017.0,Chennai,Petrol,SUV,Second Owner,55450.0,i-VTEC Petrol Engine
Manual,Hyundai Creta,2016.0,Chennai,Petrol,SUV,First Owner,49000.0,VTVT Petrol Engine
Manual,Hyundai Xcent,2015.0,Chennai,Petrol,Sedan,First Owner,86694.0,1.2L Kappa Dual VTVT Petrol
Manual,Maruti Swift Dzire,2013.0,Chennai,Diesel,Sedan,Second Owner,150000.0,DDiS Diesel Engine
Manual,Honda City,2019.0,Chennai,Petrol,Sedan,,25284.0,i-VTEC
Manual,Toyota Glanza,2021.0,Chennai,Petrol,Hatchback,First Owner,30000.0,Petrol Engine
Automatic,BMW 3 Series,2015.0,Chennai,Diesel,Sedan,Second Owner,109000.0,Diesel Engine
Manual,Kia Carens,2022.0,Chennai,Petrol,MUV,First Owner,4605.0,Smartstream G1.4 T-GDi
Manual,Kia Sonet,2020.0,Chennai,Petrol,SUV,First Owner,49218.0,Smartstream G1.0 T - GDi
Manual,Honda City,2021.0,Chennai,Petrol,Sedan,First Owner,45568.0,Water Cooled Inline i-VTEC DOHC with VTC
Manual,Tata Punch,2022.0,Chennai,Petrol,SUV,First Owner,36035.0,1.2 l Revotron Engine
Manual,Mahindra XUV300,2020.0,Chennai,Diesel,SUV,First Owner,45242.0,1.5L Turbo Diesel with CRDi
Automatic,Land Rover Discovery Sport,2018.0,Chennai,Diesel,SUV,Second Owner,38000.0,SD4 Diesel Engine
Automatic,Tata Tiago,2019.0,Chennai,Petrol,Hatchback,First Owner,52979.0,Revotron Engine
Manual,Honda Amaze,2015.0,Chennai,Diesel,Sedan,Second Owner,67130.0,i-DTEC Diesel Engine
Manual,Honda BR-V,2018.0,Chennai,Petrol,SUV,First Owner,19595.0,i-VTEC Petrol Engine
Manual,Mahindra Scorpio N,2022.0,Chennai,Diesel,SUV,First Owner,23183.0,mHawk
Automatic,BMW 3 Series Gran Limousine,2022.0,Chennai,Diesel,Sedan,First Owner,15000.0,2.0L Turbo Diesel
Manual,Maruti Celerio,2014.0,Chennai,Petrol,Hatchback,First Owner,67558.0,K10B Engine
Manual,Hyundai Alcazar,2021.0,Chennai,Petrol,SUV,First Owner,40000.0,2.0 l petrol MPi engine
Manual,Volkswagen Polo,2014.0,Chennai,Petrol,Hatchback,First Owner,55664.0,MPI Petrol Engine
Manual,Volkswagen Polo,2014.0,Chennai,Petrol,Hatchback,First Owner,55664.0,MPI Petrol Engine
Manual,Hyundai i20,2013.0,Chennai,Diesel,Hatchback,First Owner,109324.0,Diesel
Automatic,Skoda Kodiaq,2018.0,Chennai,Diesel,SUV,First Owner,118008.0,2.0-litre TDI Diesel Engine
Manual,Renault Duster,2016.0,Chennai,Diesel,SUV,First Owner,72000.0,dCi THP Diesel Engine
Manual,Maruti Swift,2013.0,Chennai,Diesel,Hatchback,First Owner,86630.0,DDiS Diesel Engine
Manual,Maruti Wagon R,2014.0,Chennai,Petrol,Hatchback,First Owner,82476.0,K10B Petrol Engine
Automatic,Hyundai Grand i10 Nios,2019.0,Chennai,Petrol,Hatchback,Second Owner,27749.0,1.2 Kappa petrol
Automatic,Hyundai Venue,2020.0,Chennai,Petrol,SUV,First Owner,21609.0,Kappa 1.0 L Turbo GDi Petrol
Manual,Honda City,2019.0,Chennai,Petrol,Sedan,First Owner,89609.0,In-Line Engine
Manual,Ford Freestyle,2019.0,Chennai,Diesel,Hatchback,Second Owner,83556.0,1.5 litre Diesel Engine
Manual,Tata Punch,2022.0,Chennai,Petrol,SUV,First Owner,31513.0,1.2 l Revotron Engine
Manual,Honda City,2016.0,Chennai,Petrol,Sedan,First Owner,45939.0,i-VTEC
Manual,Tata Tiago,2020.0,Chennai,Petrol,Hatchback,First Owner,40531.0,1.2 L Revotron
Manual,Mahindra Bolero,2009.0,Chennai,Diesel,MUV,Third Owner,120000.0,In-Line Engine
Automatic,Maruti Vitara Brezza,2020.0,Chennai,Petrol,SUV,First Owner,17663.0,K15B ISG Petrol Engine
Manual,Hyundai Grand i10,2013.0,Chennai,Petrol,Hatchback,Third Owner,77706.0,Kappa VTVT Petrol Engine
Automatic,Audi Q7,2016.0,Chennai,Diesel,SUV,First Owner,49000.0,V-Type Diesel Engine
Automatic,Volvo XC 90,2019.0,Chennai,Diesel,SUV,First Owner,60000.0,Twin Turbo Diesel Engine
Automatic,BMW 3 Series,2018.0,Chennai,Diesel,Sedan,First Owner,35000.0,TwinPower Turbo 4 Cylinder Engine
Automatic,Jaguar F-Pace,2018.0,Chennai,Diesel,SUV,First Owner,54000.0,Diesel Engine
Manual,Honda New Accord,2010.0,Chennai,Petrol,Sedan,First Owner,110000.0,DOHC i-VTEC
Automatic,Audi Q7,2013.0,Chennai,Diesel,SUV,Second Owner,135000.0,V-Type Diesel Engine
Automatic,Audi A4,2012.0,Chennai,Diesel,Sedan,First Owner,80000.0,TDI Diesel Engine
Manual,Maruti SX4 S Cross,2018.0,Chennai,Diesel,SUV,First Owner,72020.0,DDiS 200 Diesel Engine
Manual,Toyota Innova Crysta,2017.0,Chennai,Diesel,MUV,First Owner,98000.0,2-GD FTV Engine
Manual,Maruti Alto,2007.0,Chennai,Petrol,Hatchback,,36385.0,In-Line Engine
Manual,Hyundai Alcazar,2022.0,Chennai,Diesel,SUV,First Owner,4259.0,1.5 l diesel CRDi engine
Automatic,Tata Harrier,2021.0,Chennai,Diesel,SUV,First Owner,12925.0,Kryotec 2.0 L Turbocharged Engine
Automatic,Volkswagen Taigun,2022.0,Chennai,Petrol,SUV,First Owner,27000.0,1.5L TSI EVO with ACT
Manual,Tata Nexon,2019.0,Chennai,Petrol,SUV,Second Owner,27425.0,Revotron 1.2L Turbocharged engine
Automatic,Maruti Celerio,2021.0,Chennai,Petrol,Hatchback,First Owner,13126.0,K10C
Manual,Maruti Ertiga,2018.0,Chennai,Petrol,MUV,First Owner,57000.0,K15 Smart Hybrid
Automatic,Maruti Baleno,2020.0,Chennai,Petrol,Hatchback,Second Owner,24500.0,VVT Petrol Engine
Manual,Maruti Swift Dzire,2020.0,Chennai,Petrol,Sedan,First Owner,40000.0,
Manual,Renault Triber,2021.0,Chennai,Petrol,MUV,First Owner,27216.0,
Manual,Tata Tiago,2021.0,Chennai,Petrol,Hatchback,First Owner,12060.0,1.2 L Revotron
Manual,Maruti Swift Dzire,2009.0,Chennai,Diesel,Sedan,First Owner,150000.0,In-Line Engine
Manual,Hyundai EON,2012.0,Chennai,Petrol,Hatchback,Second Owner,46931.0,Petrol Engine
Manual,Volkswagen Polo,2014.0,Chennai,Petrol,Hatchback,First Owner,60000.0,In-Line Petrol Engine
Manual,Kia Seltos,2020.0,Chennai,Petrol,SUV,First Owner,45787.0,Smartstream G1.4
Manual,Tata Indigo,2009.0,Chennai,Petrol,Sedan,Second Owner,80000.0,In-Line Engine
Manual,Honda Amaze,2014.0,Chennai,Diesel,Sedan,First Owner,44000.0,i-DTEC Diesel Engine
Automatic,Honda Amaze,2020.0,Chennai,Petrol,Sedan,First Owner,4786.0,i-VTEC Petrol Engine
Manual,Hyundai i20,2018.0,Chennai,Petrol,Hatchback,First Owner,39024.0,Kappa VTVT Petrol Engine
Automatic,BMW 3 Series Gran Limousine,2022.0,Chennai,Petrol,Sedan,First Owner,6000.0,2.0L Turbo Petrol
Manual,Tata Nano,2014.0,Chennai,Petrol,Hatchback,First Owner,40000.0,Petrol Engine 
Manual,Hyundai Creta,2018.0,Chennai,Petrol,SUV,First Owner,114386.0,VTVT Petrol Engine
Manual,Renault Triber,2022.0,Chennai,Petrol,MUV,First Owner,27369.0,
Manual,Toyota Innova Crysta,2019.0,Chennai,Diesel,MUV,First Owner,58000.0,2-GD FTV Engine
Manual,Hyundai Grand i10,2019.0,Chennai,Petrol,Hatchback,Second Owner,16561.0,Kappa VTVT Petrol Engine
Manual,Renault KWID,2021.0,Chennai,Petrol,Hatchback,First Owner,23328.0,Petrol Engine
Manual,Maruti S-Presso,2020.0,Chennai,Petrol,Hatchback,First Owner,16473.0,K10C
Manual,Honda Brio,2017.0,Chennai,Petrol,Hatchback,Second Owner,46375.0,i-VTEC Engine
Manual,Maruti S-Presso,2020.0,Chennai,Petrol,Hatchback,First Owner,16473.0,K10C
Automatic,Maruti Baleno,2017.0,Chennai,Petrol,Hatchback,First Owner,91799.0,VVT Petrol Engine
Manual,Hyundai i20,2016.0,Chennai,Petrol,Hatchback,Third Owner,38919.0,Kappa VTVT Petrol Engine
Manual,Maruti Wagon R,2016.0,Chennai,Petrol,Hatchback,First Owner,70235.0,K Series Petrol Engine
Automatic,Honda Amaze,2020.0,Chennai,Petrol,Sedan,First Owner,3989.0,i-VTEC Petrol Engine
Manual,Honda Amaze,2015.0,Chennai,Diesel,Sedan,First Owner,91773.0,i-DTEC Diesel Engine
Manual,Maruti Alto 800,2019.0,Chennai,Petrol,Hatchback,Second Owner,60000.0,F8D Petrol Engine
Manual,Honda Amaze,2018.0,Chennai,Petrol,Sedan,First Owner,28906.0,i-VTEC Petrol Engine
Manual,Maruti Celerio,2016.0,Chennai,Diesel,Hatchback,First Owner,150000.0,DDiS Diesel Engine
Manual,Hyundai i20,2009.0,Chennai,Petrol,Hatchback,Third Owner,70000.0,In-Line Engine
Manual,Mahindra XUV500,2017.0,Chennai,Diesel,SUV,First Owner,70000.0,mHawk Diesel Engine
Manual,Maruti Alto 800,2014.0,Chennai,Petrol,Hatchback,First Owner,43428.0,F8D Petrol Engine
Manual,Chevrolet Beat,2013.0,Chennai,Diesel,Hatchback,First Owner,67000.0,Smartech Engine
Automatic,Maruti Baleno,2017.0,Chennai,Petrol,Hatchback,First Owner,70528.0,VVT Petrol Engine
Manual,Hyundai i20,2016.0,Chennai,Petrol,Hatchback,First Owner,35413.0,Kappa VTVT Petrol Engine
Manual,Maruti Alto 800,2018.0,Chennai,Petrol,Hatchback,Second Owner,40000.0,F8D Petrol Engine
Automatic,Honda Jazz,2017.0,Chennai,Petrol,Hatchback,First Owner,66285.0,i-VTEC Petrol Engine
Automatic,Kia Seltos,2019.0,Chennai,Petrol,SUV,First Owner,83129.0,Smartstream G1.4
Manual,Honda City,2016.0,Chennai,Petrol,Sedan,First Owner,87055.0,i-VTEC
Manual,Hyundai Grand i10,2019.0,Chennai,Petrol,Hatchback,Second Owner,37218.0,Kappa VTVT Petrol Engine
Manual,Hyundai Venue,2019.0,Chennai,Petrol,SUV,First Owner,60000.0,
Manual,Hyundai i20,2019.0,Chennai,Petrol,Hatchback,First Owner,33640.0,Kappa VTVT Petrol Engine
Manual,Ford Freestyle,2020.0,Chennai,Petrol,Hatchback,First Owner,23608.0,1.2 litre Petrol Engine
Manual,Hyundai i20,2013.0,Chennai,Petrol,Hatchback,First Owner,22353.0,Kappa VTVT Petrol Engine
Automatic,Skoda Rapid,2017.0,Chennai,Diesel,Sedan,First Owner,120000.0,Diesel Engine
Manual,Honda City,2018.0,Chennai,Petrol,Sedan,First Owner,54241.0,i VTEC Engine
Manual,Maruti Wagon R,2012.0,Chennai,Petrol,Hatchback,First Owner,86173.0,K10B Petrol Engine
Manual,Hyundai i10,2011.0,Chennai,Petrol,Hatchback,First Owner,91143.0,Kappa Petrol Engine
Manual,Mahindra TUV 300,2016.0,Chennai,Diesel,SUV,First Owner,36000.0,mHawk 100 Diesel Engine
Manual,Honda City,2015.0,Chennai,Petrol,Sedan,First Owner,108818.0,i VTEC Engine
Manual,Volkswagen Polo,2011.0,Chennai,Diesel,Hatchback,Second Owner,120000.0,In-Line Diesel Engine
Automatic,Mercedes-Benz C-Class,2008.0,Chennai,Diesel,Sedan,Second Owner,107000.0,CDI Blue Efficiency Engin
Manual,Honda City,2014.0,Chennai,Petrol,Sedan,First Owner,90530.0,In-Line Engine
Manual,Hyundai i20,2016.0,Chennai,Petrol,Hatchback,First Owner,77957.0,Kappa VTVT Petrol Engine
Manual,Hyundai Creta,2017.0,Chennai,Petrol,SUV,Second Owner,81394.0,VTVT Petrol Engine
Manual,Maruti Ciaz,2017.0,Chennai,Petrol,Sedan,First Owner,64341.0,k14B VVT Engine
Manual,Hyundai Grand i10,2017.0,Chennai,Petrol,Hatchback,First Owner,33407.0,Kappa VTVT Petrol Engine
Manual,Datsun RediGO,2021.0,Chennai,Petrol,Hatchback,First Owner,14811.0,0.8L Petrol Engine
Manual,Skoda Rapid,2017.0,Chennai,Petrol,Sedan,First Owner,37000.0,Petrol Engine
Manual,Jeep Compass,2017.0,Chennai,Diesel,SUV,Second Owner,49326.0,2.0-Litre 4-Cyl Multijet II Engine
Manual,Honda New Accord,2009.0,Chennai,Petrol,Sedan,Third Owner,120000.0,In-Line Engine
Automatic,Tata Tiago NRG,2022.0,Chennai,Petrol,Hatchback,First Owner,4939.0,Revotron 1.2 l
Automatic,Ford Ecosport,2014.0,Chennai,Petrol,SUV,First Owner,82620.0,Ti-VCT Petrol Engine
Manual,Skoda Superb,2009.0,Chennai,Petrol,Sedan,Second Owner,60000.0,Turbo Charged Petrol Engi
Manual,Volkswagen Polo,2015.0,Chennai,Diesel,Hatchback,First Owner,86857.0,TDI Diesel Engine
Automatic,Mercedes-Benz C-Class,2010.0,Chennai,Diesel,Sedan,Third Owner,70000.0,CDI Blue Efficiency Engin
Automatic,Audi Q7,2012.0,Chennai,Diesel,SUV,Second Owner,120000.0,V-Type Petrol Engine
Automatic,Maruti Wagon R,2022.0,Chennai,Petrol,Hatchback,First Owner,14483.0,K10C
Manual,Hyundai Creta,2022.0,Chennai,Diesel,SUV,First Owner,19000.0,1.5 L U2 CRDi Diesel
Manual,Ford Figo,2016.0,Chennai,Petrol,Hatchback,First Owner,36202.0,Ti-VCT Petrol Engine
Manual,Datsun GO Plus,2017.0,Chennai,Petrol,MUV,First Owner,30000.0,In Line Petrol Engine
Manual,Ford Figo,2017.0,Chennai,Diesel,Hatchback,First Owner,70000.0,TDCi Diesel Engine
Manual,Hyundai Venue,2022.0,Chennai,Petrol,SUV,First Owner,20000.0,1.0 Kappa Turbo GDi
Manual,Datsun RediGO,2021.0,Chennai,Petrol,Hatchback,First Owner,24077.0,0.8L Petrol Engine
Manual,Maruti Swift Dzire,2012.0,Chennai,Diesel,Sedan,First Owner,81985.0,In-Line Engine
Automatic,Maruti Ertiga,2020.0,Chennai,Petrol,MUV,Second Owner,30000.0,K15 Smart Hybrid
Manual,Honda City,2017.0,Chennai,Petrol,Sedan,First Owner,91841.0,i VTEC Engine
Automatic,Ford Ecosport,2016.0,Chennai,Petrol,SUV,Third Owner,64961.0,Ti-VCT Petrol Engine
Automatic,Maruti Alto K10,2018.0,Chennai,Petrol,Hatchback,First Owner,20950.0,K Series Petrol Engine
Manual,Hyundai i20,2016.0,Chennai,Petrol,Hatchback,Second Owner,94348.0,Kappa VTVT Petrol Engine
Manual,Hyundai Venue,2022.0,Chennai,Diesel,SUV,First Owner,32000.0,1.5 U2 CRDi
Manual,Hyundai i20,2019.0,Chennai,Petrol,Hatchback,First Owner,51744.0,Kappa VTVT Petrol Engine
Automatic,Mahindra XUV500,2020.0,Chennai,Diesel,SUV,Second Owner,81152.0,mHawk Diesel Engine
Manual,Honda Amaze,2018.0,Chennai,Petrol,Sedan,First Owner,19516.0,i-VTEC Petrol Engine
Manual,Maruti Swift,2021.0,Chennai,Petrol,Hatchback,First Owner,29093.0,K Series Petrol Engine
Automatic,Honda Amaze,2018.0,Chennai,Diesel,Sedan,First Owner,54408.0,i-DTEC Diesel Engine
Manual,Maruti Baleno,2019.0,Chennai,Petrol,Hatchback,First Owner,16000.0,1.2L VVT Engine
Automatic,Ford Endeavour,2018.0,Chennai,Diesel,SUV,First Owner,100000.0,Diesel Engine
Manual,Datsun RediGO,2016.0,Chennai,Petrol,Hatchback,First Owner,56876.0,0.8L Petrol Engine
Manual,Volkswagen Polo,2014.0,Chennai,Diesel,Hatchback,First Owner,50000.0,In-Line Diesel Engine
Manual,Honda Amaze,2015.0,Chennai,Petrol,Sedan,Second Owner,84505.0,i-VTEC Petrol Engine
Automatic,Toyota Innova Crysta,2021.0,Chennai,Diesel,MUV,First Owner,34000.0,2.4L Diesel Engine
Manual,Maruti Wagon R,2020.0,Chennai,Petrol,Hatchback,First Owner,22305.0,K10B Petrol Engine
Manual,Renault KWID,2019.0,Chennai,Petrol,Hatchback,First Owner,33573.0,Petrol Engine
Manual,Datsun RediGO,2019.0,Chennai,Petrol,Hatchback,First Owner,33615.0,0.8L Petrol Engine
Automatic,Honda Jazz,2018.0,Chennai,Petrol,Hatchback,Second Owner,30000.0,i-VTEC Petrol Engine
Manual,Tata Tigor,2020.0,Chennai,Petrol,Sedan,First Owner,34935.0,Revotron Engine
Automatic,Maruti Celerio,2018.0,Chennai,Petrol,Hatchback,Second Owner,66511.0,K10B Engine
Automatic,Toyota Camry,2021.0,Chennai,Petrol,Sedan,First Owner,24000.0,2AR-FXE Petrol Engine
Manual,Maruti Swift Dzire,2017.0,Chennai,Petrol,Sedan,First Owner,68979.0,K Series VVT Engine
Manual,Maruti Ertiga,2021.0,Chennai,Petrol,MUV,First Owner,50000.0,K15 Smart Hybrid
Automatic,Maruti Wagon R,2019.0,Chennai,Petrol,Hatchback,Second Owner,45161.0,K10B Petrol Engine
Manual,Ford Ecosport,2018.0,Chennai,Diesel,SUV,First Owner,42917.0,TDCi Diesel Engine
Manual,Maruti Baleno,2019.0,Chennai,Petrol,Hatchback,First Owner,20000.0,1.2L VVT Engine
Automatic,Maruti Baleno,2018.0,Chennai,Petrol,Hatchback,First Owner,32000.0,1.2L VVT Engine
Manual,Hyundai i20,2019.0,Chennai,Diesel,Hatchback,First Owner,40000.0,U2 CRDI Diesel Engine
Manual,Honda City,2020.0,Chennai,Petrol,Sedan,First Owner,29911.0,i-VTEC
Automatic,Hyundai Verna,2018.0,Chennai,Petrol,Sedan,First Owner,23000.0,VTVT Petrol Engine
Manual,Tata Zest,2018.0,Chennai,Diesel,Sedan,Second Owner,100000.0,Quadrajet Engine
Manual,Toyota Innova Crysta,2016.0,Chennai,Diesel,MUV,First Owner,42000.0,2-GD FTV Engine
Automatic,Mercedes-Benz C-Class,2016.0,Chennai,Diesel,Sedan,First Owner,58000.0,In-Line Engine
Manual,Maruti Swift,2015.0,Chennai,Diesel,Hatchback,First Owner,53764.0,DDiS Diesel Engine
Manual,Hyundai Grand i10,2015.0,Chennai,Petrol,Hatchback,First Owner,61455.0,Kappa VTVT Petrol Engine
Automatic,Jeep Compass,2018.0,Chennai,Petrol,SUV,Second Owner,52732.0,1.4-Litre 4-Cyl Multiair Engine
Automatic,Honda Jazz,2017.0,Chennai,Petrol,Hatchback,Second Owner,61159.0,i-VTEC Petrol Engine
Manual,Hyundai i20,2010.0,Chennai,Petrol,Hatchback,Second Owner,90000.0,In-Line Engine
Manual,Honda Amaze,2015.0,Chennai,Petrol,Sedan,First Owner,95296.0,i-VTEC Petrol Engine
Manual,Hyundai Creta,2018.0,Chennai,Petrol,SUV,First Owner,106506.0,VTVT Petrol Engine
Automatic,BMW 5 Series,2012.0,Chennai,Diesel,Sedan,Second Owner,70000.0,In-Line Engine
Manual,Hyundai Grand i10,2015.0,Chennai,Petrol,Hatchback,Second Owner,108551.0,Kappa VTVT Petrol Engine
Manual,Honda Amaze,2014.0,Chennai,Diesel,Sedan,First Owner,54186.0,i-DTEC Diesel Engine
Automatic,Honda Amaze,2018.0,Chennai,Petrol,Sedan,First Owner,106848.0,i-VTEC Petrol Engine
Automatic,Volkswagen Vento,2020.0,Chennai,Petrol,Sedan,Second Owner,38464.0,TSI Petrol Engine
Manual,Maruti Ignis,2017.0,Chennai,Petrol,Hatchback,First Owner,59841.0,VVT
Automatic,Toyota Fortuner,2023.0,Chennai,Diesel,SUV,First Owner,3000.0,2.8 L Diesel engine
Automatic,Hyundai Creta,2020.0,Chennai,Petrol,SUV,First Owner,19649.0,1.5 L MPi Petrol
Automatic,BMW 3 Series Gran Limousine,2021.0,Chennai,Diesel,Sedan,First Owner,3300.0,2.0L Turbo Diesel
Manual,Ford Mondeo,2003.0,Chennai,Petrol,Sedan,Third Owner,60000.0,
Automatic,Hyundai Alcazar,2021.0,Chennai,Petrol,SUV,First Owner,40000.0,2.0 l petrol MPi engine
Automatic,Kia Seltos,2020.0,Chennai,Petrol,SUV,First Owner,27000.0,SMARTSTREAM G1.5
Automatic,Maruti Alto K10,2018.0,Chennai,Petrol,Hatchback,First Owner,20950.0,K Series Petrol Engine
Manual,Jeep Compass,2018.0,Chennai,Diesel,SUV,First Owner,50000.0,2.0-Litre 4-Cyl Multijet II Engine
Manual,Tata Nano,2014.0,Chennai,Petrol,Hatchback,First Owner,39000.0,Petrol Engine 
Manual,Hyundai Creta,2017.0,Chennai,Petrol,SUV,First Owner,55927.0,VTVT Petrol Engine
Manual,Hyundai i20,2014.0,Chennai,Petrol,Hatchback,Second Owner,35325.0,Kappa VTVT Petrol Engine
Manual,Maruti Baleno,2020.0,Chennai,Petrol,Hatchback,Second Owner,20000.0,1.2L VVT Engine
Manual,Hyundai i20,2017.0,Chennai,Petrol,Hatchback,First Owner,41248.0,Kappa VTVT Petrol Engine
Manual,Tata Tiago,2016.0,Chennai,Petrol,Hatchback,First Owner,70076.0,Revotron Engine
Manual,Mahindra XUV300,2016.0,Chennai,Petrol,SUV,First Owner,128398.0,1.2L Petrol
Automatic,Maruti Wagon R,2017.0,Chennai,Petrol,Hatchback,Third Owner,20973.0,K10B Petrol Engine
Manual,Maruti Swift,2007.0,Chennai,Petrol,Hatchback,Second Owner,90000.0,In-Line Engine
Manual,Hyundai Aura,2020.0,Chennai,Petrol,Sedan,First Owner,98807.0,1.2 l Kappa dual petrol
Manual,Honda Amaze,2015.0,Chennai,Petrol,Sedan,Second Owner,102249.0,i-VTEC Petrol Engine
Automatic,Hyundai Grand i10,2018.0,Chennai,Petrol,Hatchback,First Owner,18837.0,Kappa VTVT Petrol Engine
Manual,Jeep Compass,2018.0,Chennai,Diesel,SUV,First Owner,50000.0,2.0-Litre 4-Cyl Multijet II Engine
Manual,Hyundai EON,2012.0,Chennai,Petrol,Hatchback,First Owner,120000.0,Petrol Engine
Automatic,Toyota Innova Crysta,2021.0,Chennai,Diesel,MUV,First Owner,19000.0,2.4L Diesel Engine
Manual,Maruti Alto 800,2020.0,Chennai,Petrol,Hatchback,First Owner,10000.0,F8D Petrol Engine
Automatic,Maruti Celerio,2015.0,Chennai,Petrol,Hatchback,First Owner,128876.0,K10B Engine
Manual,Maruti Wagon R,2016.0,Chennai,Petrol,Hatchback,,37942.0,K10B Petrol Engine
Manual,Hyundai Grand i10,2018.0,Chennai,Petrol,Hatchback,First Owner,37300.0,Kappa VTVT Petrol Engine
Automatic,Mercedes-Benz GLC,2017.0,Chennai,Diesel,SUV,Second Owner,30000.0,Diesel Engine
Manual,Maruti Zen,2002.0,Chennai,Petrol,Hatchback,First Owner,60000.0,In-Line Engine
Manual,Hyundai i20,2014.0,Chennai,Diesel,Hatchback,First Owner,82784.0,U2 CRDI Diesel Engine 
Manual,Maruti Swift Dzire,2021.0,Chennai,Petrol,Sedan,First Owner,63274.0,
Automatic,Maruti Alto K10,2015.0,Chennai,Petrol,Hatchback,First Owner,87521.0,K Series Petrol Engine
Manual,Hyundai i20 Active,2017.0,Chennai,Petrol,Hatchback,Second Owner,77388.0,VTVT Petrol Engine
Manual,Maruti Wagon R,2014.0,Chennai,Petrol,Hatchback,First Owner,114772.0,K10B Petrol Engine
Manual,Toyota Innova Crysta,2019.0,Chennai,Diesel,MUV,First Owner,40000.0,2-GD FTV Engine
Manual,Datsun GO Plus,2019.0,Chennai,Petrol,MUV,Second Owner,62493.0,Naturally Aspirated 12V DOHC EFI
Manual,Honda City,2021.0,Chennai,Petrol,Sedan,First Owner,20000.0,Water Cooled Inline i-VTEC DOHC with VTC
Manual,Hyundai Santro,2019.0,Chennai,Petrol,Hatchback,First Owner,59985.0,1.1 litre Petrol Engine
Manual,Maruti Ciaz,2017.0,Chennai,Petrol,Sedan,Second Owner,104073.0,k14B VVT Engine
Manual,Hyundai Xcent,2017.0,Chennai,Diesel,Sedan,Second Owner,100000.0,U2 CRDI Diesel Engine
Manual,Tata Tiago,2017.0,Chennai,Diesel,Hatchback,First Owner,120000.0,Revotorq Engine
Automatic,Maruti Baleno,2017.0,Chennai,Petrol,Hatchback,First Owner,53819.0,VVT Petrol Engine
Manual,Ford Figo,2016.0,Chennai,Diesel,Hatchback,First Owner,98914.0,TDCi Diesel Engine
Manual,Volkswagen Ameo,2017.0,Chennai,Diesel,Sedan,First Owner,110000.0,TDI Diesel Engine
Manual,Mahindra XUV500,2015.0,Chennai,Diesel,SUV,Third Owner,110000.0,mHawk Diesel Engine
Manual,Honda City,2022.0,Chennai,Petrol,Sedan,First Owner,4135.0,i VTEC Engine
Automatic,Hyundai i20,2019.0,Chennai,Petrol,Hatchback,First Owner,35000.0,Kappa VTVT Petrol Engine
Manual,Honda Jazz,2017.0,Chennai,Petrol,Hatchback,First Owner,35983.0,i-VTEC Petrol Engine
Manual,Jeep Compass,2020.0,Chennai,Diesel,SUV,First Owner,45000.0,2.0-Litre 4-Cyl Multijet II Engine
Manual,Tata Harrier,2019.0,Chennai,Diesel,SUV,First Owner,91109.0,Kryotec 2.0LTurbocharged Engine
Manual,Hyundai Xcent,2018.0,Chennai,Petrol,Sedan,First Owner,23325.0,1.2L Kappa Dual VTVT Petrol
Automatic,Honda Jazz,2018.0,Chennai,Petrol,Hatchback,First Owner,51690.0,i-VTEC Petrol Engine
Manual,Hyundai i20 Active,2017.0,Chennai,Petrol,Hatchback,Second Owner,69786.0,VTVT Petrol Engine
Automatic,Tata Tigor,2018.0,Chennai,Petrol,Sedan,Second Owner,53612.0,Revotron Engine
Manual,Maruti Swift,2018.0,Chennai,Petrol,Hatchback,First Owner,41502.0,VTVT Engine
Manual,Honda WR-V,2017.0,Chennai,Petrol,SUV,Second Owner,43841.0,i-VTEC Petrol Engine
Manual,Hyundai i20,2010.0,Chennai,Petrol,Hatchback,Second Owner,110000.0,In-Line Engine
Automatic,Ford Ecosport,2018.0,Chennai,Petrol,SUV,First Owner,77380.0,Ti-VCT Petrol Engine
Manual,Maruti Baleno RS,2018.0,Chennai,Petrol,Hatchback,First Owner,69269.0,Boosterjet Petrol Engine
Manual,Maruti SX4 S Cross,2018.0,Chennai,Diesel,SUV,First Owner,53060.0,DDiS 200 Diesel Engine
Manual,Mitsubishi Cedia,2011.0,Chennai,Petrol,Sedan,Second Owner,70000.0,4 Cylinder In-Line Petrol
Manual,Honda City,2017.0,Chennai,Petrol,Sedan,First Owner,58071.0,In-Line Engine
Automatic,BMW 2 Series,2023.0,Chennai,Petrol,Sedan,First Owner,500.0,
Manual,Ford Ecosport,2021.0,Chennai,Diesel,SUV,First Owner,40000.0,TDCi Diesel Engine
Automatic,Maruti Ertiga,2020.0,Chennai,Petrol,MUV,Second Owner,20000.0,K15 Smart Hybrid
Manual,Maruti Swift Dzire,2008.0,Chennai,Petrol,Sedan,Second Owner,68283.0,In-Line Engine
Manual,Honda Amaze,2014.0,Chennai,Petrol,Sedan,,73045.0,i-VTEC Petrol Engine
Manual,Hyundai Creta,2018.0,Chennai,Diesel,SUV,First Owner,49000.0,U2 CRDI Engine
Manual,Chevrolet Tavera,2009.0,Chennai,Diesel,MUV,First Owner,150000.0,In-Line Engine
Manual,Hyundai i20,2016.0,Chennai,Petrol,Hatchback,Second Owner,47547.0,Kappa VTVT Petrol Engine
Manual,Hyundai i20 Active,2017.0,Chennai,Diesel,Hatchback,Second Owner,100844.0,U2 CRDI Diesel Engine
Manual,Honda Amaze,2013.0,Chennai,Diesel,Sedan,First Owner,158945.0,i-DTEC Diesel Engine
Manual,Hyundai i20,2014.0,Chennai,Diesel,Hatchback,First Owner,111275.0,U2 CRDI Diesel Engine
Automatic,Hyundai Creta,2018.0,Chennai,Petrol,SUV,Second Owner,71770.0,VTVT Petrol Engine
Manual,Hyundai Verna,2019.0,Chennai,Petrol,Sedan,First Owner,40000.0,VTVT Petrol Engine
Manual,Honda WR-V,2017.0,Chennai,Petrol,SUV,First Owner,55435.0,i-VTEC Petrol Engine
Automatic,Maruti Swift Dzire,2016.0,Chennai,Petrol,Sedan,First Owner,51396.0,K Series VVT Engine
Manual,Maruti Wagon R Stingray,2015.0,Chennai,Petrol,Hatchback,Second Owner,79063.0,K 10B Petrol Engine
Manual,Maruti Ciaz,2015.0,Chennai,Petrol,Sedan,First Owner,89570.0,k14B VVT Engine
Manual,Hyundai Verna,2012.0,Chennai,Petrol,Sedan,Second Owner,50000.0,VTVT Petrol Engine
Manual,Tata New Safari,2022.0,Chennai,Diesel,SUV,First Owner,30000.0,Kryotec 2.0 L Turbocharged Engine
Automatic,BMW 3 Series,2012.0,Chennai,Diesel,Sedan,Second Owner,100000.0,Diesel Engine
Manual,Honda City,2021.0,Chennai,Petrol,Sedan,First Owner,18477.0,In-Line Engine
Manual,Volkswagen Polo,2014.0,Chennai,Petrol,Hatchback,Third Owner,120000.0,MPI Petrol Engine
Automatic,Maruti Ciaz,2018.0,Chennai,Petrol,Sedan,First Owner,77204.0,k15B VVT Engine
Automatic,BMW 5 Series,2012.0,Chennai,Diesel,Sedan,Second Owner,70000.0,In-Line Engine
Manual,Toyota Fortuner,2013.0,Chennai,Diesel,SUV,First Owner,78000.0,D-4D Diesel Engine
Automatic,BMW 3 Series,2012.0,Chennai,Diesel,Sedan,Second Owner,55000.0,TwinPower Turbo 4 Cylinder Engine
Manual,Hyundai Grand i10,2017.0,Chennai,Petrol,Hatchback,First Owner,30272.0,Kappa VTVT Petrol Engine
Manual,Ford Ecosport,2018.0,Chennai,Petrol,SUV,First Owner,64285.0,Ecoboost Petrol Engine
Manual,Hyundai i20,2014.0,Chennai,Diesel,Hatchback,Third Owner,76697.0,U2 CRDI Diesel Engine
Automatic,Mini 5 DOOR,2015.0,Chennai,Diesel,Hatchback,First Owner,100000.0,Diesel Engine
Automatic,Maruti Swift Dzire,2017.0,Chennai,Petrol,Sedan,First Owner,95291.0,K Series VVT Engine
Manual,Volkswagen Ameo,2017.0,Chennai,Petrol,Sedan,First Owner,84005.0,MPI Petrol Engine
Automatic,Renault Kiger,2021.0,Chennai,Petrol,SUV,First Owner,8000.0,1.0L energy
Manual,Datsun RediGO,2021.0,Chennai,Petrol,Hatchback,First Owner,49254.0,1.0 L Petrol Engine
Manual,Kia Sonet,2021.0,Chennai,Diesel,SUV,First Owner,20000.0,1.5 L CRDi WGT
Manual,Hyundai Grand i10,2016.0,Chennai,Petrol,Hatchback,Second Owner,97522.0,Kappa VTVT Petrol Engine
Manual,Ford Ecosport,2017.0,Chennai,Petrol,SUV,First Owner,34097.0,Ecoboost Petrol Engine
Automatic,Nissan Magnite,2022.0,Chennai,Petrol,SUV,First Owner,10000.0,HRA0 1.0 TURBO PETROL
Automatic,Mercedes-Benz GLE,2022.0,Chennai,Diesel,SUV,First Owner,3000.0,V Type Engine
Manual,Hyundai i20,2021.0,Chennai,Petrol,Hatchback,,19252.0,1.0 l Turbo GDi petrol
Automatic,Kia Sonet,2020.0,Chennai,Diesel,SUV,First Owner,30000.0,1.5 L CRDi VGT
Manual,Fiat Grande Punto,2010.0,Chennai,Petrol,Hatchback,Third Owner,80000.0,FIRE Engine
Manual,Maruti Swift Dzire,2021.0,Chennai,Petrol,Sedan,First Owner,25581.0,K Series VVT Engine
Automatic,Skoda Kodiaq,2022.0,Chennai,Petrol,SUV,First Owner,34000.0,2.0 L Turbocharged Petrol Engine
Automatic,BMW X1,2018.0,Chennai,Diesel,SUV,First Owner,45000.0,Diesel Engine
Automatic,Renault KWID,2019.0,Chennai,Petrol,Hatchback,Second Owner,20000.0,Petrol Engine
Manual,Nissan Magnite,2021.0,Chennai,Petrol,SUV,First Owner,20000.0,HRA0 1.0 TURBO PETROL
Manual,Maruti Baleno,2016.0,Chennai,Diesel,Hatchback,First Owner,123394.0,DDiS Diesel Engine
Manual,Volkswagen Polo,2018.0,Chennai,Diesel,Hatchback,Second Owner,106275.0,TDI Diesel Engine
Manual,Honda City,2019.0,Chennai,Petrol,Sedan,First Owner,58416.0,i VTEC Engine
Manual,Maruti Alto K10,2017.0,Chennai,Petrol,Hatchback,Second Owner,18704.0,K Series Petrol Engine
Manual,Honda City,2015.0,Chennai,Petrol,Sedan,First Owner,27166.0,i VTEC Engine
Automatic,Honda City,2020.0,Chennai,Petrol,Sedan,Second Owner,30000.0,Water Cooled Inline i-VTEC DOHC with VTC
Automatic,Kia Seltos,2021.0,Chennai,Diesel,SUV,First Owner,76384.0,1.5 L CRDi VGT
Automatic,Hyundai Creta,2017.0,Chennai,Diesel,SUV,First Owner,45000.0,U2 CRDI VGT Engine
Manual,Hyundai i20,2016.0,Chennai,Petrol,Hatchback,First Owner,17160.0,Kappa VTVT Petrol Engine
Manual,Volkswagen Taigun,2022.0,Chennai,Petrol,SUV,First Owner,15817.0,1.0L TSI
Manual,Renault KWID,2021.0,Chennai,Petrol,Hatchback,Second Owner,10000.0,Petrol Engine
Manual,Renault KWID,2020.0,Chennai,Petrol,Hatchback,,31268.0,Petrol Engine
Manual,Maruti Celerio,2019.0,Chennai,Petrol,Hatchback,First Owner,7267.0,K10B Engine
Manual,Honda Jazz,2017.0,Chennai,Petrol,Hatchback,Second Owner,30000.0,i-VTEC Petrol Engine
Manual,Tata Nano,2012.0,Chennai,Petrol,Hatchback,Second Owner,60000.0,"2 cylinder, MPFI"
Manual,Mahindra Scorpio,2013.0,Chennai,Diesel,SUV,Third Owner,100000.0,In-Line Engine
Manual,Honda Amaze,2014.0,Chennai,Petrol,Sedan,First Owner,222996.0,i-VTEC Petrol Engine
Manual,Honda WR-V,2018.0,Chennai,Petrol,SUV,First Owner,30742.0,i-VTEC Petrol Engine
Manual,Maruti Swift,2014.0,Chennai,Diesel,Hatchback,First Owner,110000.0,DDiS Diesel Engine
Manual,Ford Figo,2010.0,Chennai,Diesel,Hatchback,Second Owner,132787.0,Diesel Engine
Automatic,Tata Nexon,2021.0,Chennai,Diesel,SUV,First Owner,29351.0,1.5l Turbocharged Revotorq Engine
Manual,Tata Nexon,2018.0,Chennai,Petrol,SUV,First Owner,10048.0,Revotron 1.2L Turbocharged engine
Manual,Maruti Ciaz,2016.0,Chennai,Petrol,Sedan,Second Owner,50000.0,k14B VVT Engine
Automatic,Maruti Baleno,2017.0,Chennai,Petrol,Hatchback,First Owner,14696.0,VVT Petrol Engine
Manual,Renault KWID,2016.0,Chennai,Petrol,Hatchback,First Owner,27153.0,Petrol Engine
Manual,Hyundai Grand i10,2016.0,Chennai,Petrol,Hatchback,First Owner,50000.0,Kappa VTVT Petrol Engine
Manual,Renault Triber,2021.0,Chennai,Petrol,MUV,First Owner,43879.0,
Manual,Volkswagen Polo,2017.0,Chennai,Petrol,Hatchback,First Owner,40480.0,MPI Petrol Engine
Manual,Ford Ecosport,2018.0,Chennai,Petrol,SUV,First Owner,32112.0,Ti-VCT Petrol Engine
Manual,Maruti Celerio,2017.0,Chennai,Petrol,Hatchback,Second Owner,31239.0,K10C
Manual,Maruti Ciaz,2018.0,Chennai,Diesel,Sedan,First Owner,20000.0,DDIS 200 Engine
Manual,Mahindra XUV500,2014.0,Chennai,Diesel,SUV,Second Owner,80000.0,mHawk Diesel Engine
Manual,Mahindra KUV 100 NXT,2017.0,Chennai,Diesel,Hatchback,First Owner,91112.0,mFALCON D75 Engine
Manual,Maruti Alto,2009.0,Chennai,Petrol,Hatchback,,68767.0,In-Line Engine
Automatic,Kia Carens,2022.0,Chennai,Petrol,MUV,First Owner,30000.0,Smartstream G1.4 T-GDi
Manual,Kia Sonet,2022.0,Chennai,Petrol,SUV,First Owner,10000.0,SMARTSTREAM G1.2
Manual,Maruti Alto 800,2013.0,Chennai,Petrol,Hatchback,First Owner,42600.0,F8D Petrol Engine
Manual,Maruti Baleno,2021.0,Chennai,Petrol,Hatchback,,13270.0,1.2L VVT Engine
Manual,Maruti Swift Dzire,2019.0,Chennai,Petrol,Sedan,First Owner,40000.0,K Series VVT Engine
Manual,Ford Fiesta,2009.0,Chennai,Petrol,Sedan,Third Owner,120000.0,
Manual,Honda City,2017.0,Chennai,Petrol,Sedan,Second Owner,22286.0,i VTEC Engine
Manual,Maruti Wagon R,2022.0,Chennai,Petrol,Hatchback,First Owner,12132.0,K12M Petrol Engine
Manual,Tata Tiago,2018.0,Chennai,Petrol,Hatchback,First Owner,79048.0,1.2 L Revotron
Manual,Tata Tiago,2016.0,Chennai,Petrol,Hatchback,Third Owner,48360.0,Revotron Engine
Manual,Renault KWID,2016.0,Chennai,Petrol,Hatchback,Second Owner,54538.0,Petrol Engine
Manual,Maruti Swift Dzire,2017.0,Chennai,Petrol,Sedan,First Owner,32157.0,K Series VVT Engine
Manual,Kia Seltos,2019.0,Chennai,Petrol,SUV,First Owner,34182.0,SMARTSTREAM G1.5
Manual,Maruti Swift,2009.0,Chennai,Diesel,Hatchback,First Owner,176801.0,DDiS 190 Engine
Manual,Nissan Magnite,2021.0,Chennai,Petrol,SUV,First Owner,81508.0,B4D 1.0 NA PETROL
Automatic,Tata Nexon,2020.0,Chennai,Petrol,SUV,Second Owner,42036.0,1.2l Turbocharged Revotron Engine
Automatic,Mercedes-Benz GLA Class,2015.0,Chennai,Diesel,SUV,First Owner,22500.0,Turbo Diesel Engine
Manual,Chevrolet Aveo,2008.0,Chennai,Petrol,Sedan,Third Owner,80000.0,In-Line Engine
Manual,Honda WR-V,2017.0,Chennai,Petrol,SUV,First Owner,29640.0,i-VTEC Petrol Engine
Automatic,Land Rover Range Rover Velar,2018.0,Chennai,Diesel,SUV,First Owner,52000.0,TD4 Diesel Engine
Manual,Hyundai i20,2012.0,Chennai,Diesel,Hatchback,Third Owner,100000.0,U2 CRDI Diesel Engine 
Manual,Ford Ecosport,2020.0,Chennai,Diesel,SUV,First Owner,32000.0,TDCi Diesel Engine
Manual,Maruti Ciaz,2016.0,Chennai,Petrol,Sedan,Second Owner,23678.0,k14B VVT Engine
Manual,Maruti Baleno,2018.0,Chennai,Petrol,Hatchback,First Owner,38502.0,1.2L VVT Engine
Automatic,Skoda Kodiaq,2018.0,Chennai,Diesel,SUV,First Owner,100000.0,2.0-litre TDI Diesel Engine
Manual,Ford Figo,2020.0,Chennai,Petrol,Hatchback,Second Owner,30000.0,Ti-VCT Petrol Engine
Manual,Hyundai Grand i10,2019.0,Chennai,Petrol,Hatchback,First Owner,40091.0,Kappa VTVT Petrol Engine
Manual,Renault KWID,2016.0,Chennai,Petrol,Hatchback,First Owner,48113.0,Petrol Engine
Automatic,Mercedes-Benz C-Class,2017.0,Chennai,Diesel,Sedan,First Owner,50000.0,In-Line Engine
Manual,Hyundai Venue,2021.0,Chennai,Petrol,SUV,First Owner,50486.0,Kappa 1.0 L Turbo GDi Petrol
Automatic,Honda Jazz,2017.0,Chennai,Petrol,Hatchback,First Owner,26465.0,i-VTEC Petrol Engine
Automatic,Mercedes-Benz C-Class,2008.0,Chennai,Petrol,Sedan,Second Owner,50000.0,Blue Efficiency Engine
Automatic,Maruti Swift Dzire,2017.0,Chennai,Petrol,Sedan,First Owner,33246.0,K Series VVT Engine
Manual,Ford Ecosport,2019.0,Chennai,Diesel,SUV,First Owner,30000.0,TDCi Diesel Engine
Manual,Renault KWID,2021.0,Chennai,Petrol,Hatchback,First Owner,31754.0,Petrol Engine
Manual,Jeep Compass,2018.0,Chennai,Diesel,SUV,Second Owner,91992.0,2.0-Litre 4-Cyl Multijet II Engine
Manual,Maruti Vitara Brezza,2019.0,Chennai,Diesel,SUV,First Owner,70000.0,DDiS 200 Diesel Engine
Manual,Toyota Innova,2013.0,Chennai,Diesel,MUV,First Owner,60000.0,In-Line Engine
Manual,Hyundai Grand i10,2019.0,Chennai,Petrol,Hatchback,First Owner,30000.0,Kappa VTVT Petrol Engine
Automatic,Skoda Rapid,2013.0,Chennai,Petrol,Sedan,Second Owner,50000.0,In-Line Petrol Engine
Manual,Maruti Wagon R,2010.0,Chennai,Petrol,Hatchback,First Owner,53250.0,K10B Petrol Engine
Manual,Skoda Fabia,2010.0,Chennai,Diesel,Hatchback,First Owner,51555.0,In-Line Engine
Manual,Maruti Swift,2022.0,Chennai,Petrol,Hatchback,First Owner,10000.0,K Series Dual jet
Manual,Hyundai i20,2019.0,Chennai,Diesel,Hatchback,First Owner,40000.0,U2 CRDI Diesel Engine
Manual,Honda City,2011.0,Chennai,Petrol,Sedan,First Owner,110000.0,SOHC i-VTEC
Manual,Honda City,2017.0,Chennai,Petrol,Sedan,First Owner,60000.0,i VTEC Engine
Manual,Hyundai EON,2014.0,Chennai,Petrol,Hatchback,Third Owner,85486.0,Petrol Engine
Automatic,Tata Altroz,2022.0,Chennai,Petrol,Hatchback,First Owner,5022.0,1.2 L Revotron
Automatic,Maruti Baleno,2019.0,Chennai,Petrol,Hatchback,First Owner,39386.0,1.2L VVT Engine
Manual,Renault KWID,2016.0,Chennai,Petrol,Hatchback,Second Owner,72679.0,Petrol Engine
Manual,Hyundai Grand i10,2015.0,Chennai,Petrol,Hatchback,Second Owner,83738.0,Kappa VTVT Petrol Engine
Manual,Volkswagen Polo,2021.0,Chennai,Petrol,Hatchback,First Owner,10551.0,MPI Petrol Engine
Automatic,Maruti Celerio,2019.0,Chennai,Petrol,Hatchback,Third Owner,31795.0,K10B Engine
Manual,Maruti Ritz,2009.0,Chennai,Petrol,Hatchback,Second Owner,76656.0,K Series Petrol Engine 
Manual,Datsun RediGO,2017.0,Chennai,Petrol,Hatchback,First Owner,52524.0,0.8L Petrol Engine
Manual,Maruti Swift,2013.0,Chennai,Diesel,Hatchback,First Owner,96165.0,DDiS Diesel Engine
Manual,Hyundai i20,2014.0,Chennai,Diesel,Hatchback,First Owner,92860.0,U2 CRDI Diesel Engine
Manual,Maruti Ertiga,2013.0,Chennai,Petrol,MUV,First Owner,46976.0,K15 Smart Hybrid
Manual,Maruti Alto,2007.0,Chennai,Petrol,Hatchback,First Owner,36383.0,In-Line Engine
Automatic,Mahindra XUV300,2022.0,Chennai,Petrol,SUV,First Owner,2000.0,1.2L Turbo Petrol
Automatic,Kia Sonet,2021.0,Chennai,Petrol,SUV,First Owner,26000.0,Smartstream G1.0 T - GDi
Automatic,Maruti Swift,2018.0,Chennai,Petrol,Hatchback,First Owner,42891.0,VTVT Engine
Manual,Maruti Wagon R,2015.0,Chennai,Petrol,Hatchback,First Owner,34640.0,K Series Petrol Engine
Manual,Maruti Baleno,2017.0,Chennai,Petrol,Hatchback,First Owner,40000.0,VVT Petrol Engine
Manual,Maruti Swift Dzire,2009.0,Chennai,Diesel,Sedan,,129306.0,In-Line Engine
Manual,Volkswagen Taigun,2021.0,Chennai,Petrol,SUV,First Owner,42662.0,1.0L TSI
Automatic,Hyundai Xcent,2016.0,Chennai,Petrol,Sedan,First Owner,64011.0,Kappa VTVT Petrol Engine
Manual,Maruti Swift,2013.0,Chennai,Petrol,Hatchback,Third Owner,85750.0,K Series Dual jet
Manual,Honda Jazz,2021.0,Chennai,Petrol,Hatchback,First Owner,24774.0,1.2 i-VTEC
Manual,Hyundai Grand i10,2019.0,Chennai,Petrol,Hatchback,First Owner,74348.0,Kappa VTVT Petrol Engine
Manual,Tata Tigor,2017.0,Chennai,Petrol,Sedan,First Owner,40711.0,Revotron Engine
Automatic,Maruti Baleno,2019.0,Chennai,Petrol,Hatchback,First Owner,39386.0,1.2L VVT Engine
Manual,Maruti Baleno,2016.0,Chennai,Petrol,Hatchback,Second Owner,93806.0,VVT Petrol Engine
Manual,Ford Figo,2014.0,Chennai,Diesel,Hatchback,First Owner,80000.0,Duratorq Diesel Engine
Manual,Tata Tiago,2016.0,Chennai,Petrol,Hatchback,First Owner,86304.0,Revotron Engine
Manual,Honda WR-V,2019.0,Chennai,Petrol,SUV,Second Owner,46566.0,i-VTEC Petrol Engine
Manual,Maruti Swift,2015.0,Chennai,Petrol,Hatchback,First Owner,74367.0,VTVT Engine
Manual,Maruti Alto 800,2016.0,Chennai,Petrol,Hatchback,First Owner,48098.0,F8D Petrol Engine
Automatic,Honda City,2014.0,Chennai,Petrol,Sedan,Second Owner,36408.0,i VTEC Engine
Manual,Maruti Ertiga,2017.0,Chennai,Diesel,MUV,First Owner,60000.0,D13A SHVS Engine
Manual,Hyundai i10,2014.0,Chennai,Petrol,Hatchback,Second Owner,61696.0,Kappa Petrol Engine
Manual,Tata Indica,2007.0,Chennai,Diesel,Hatchback,First Owner,110000.0,In-Line Engine
Manual,Maruti Celerio,2015.0,Chennai,Petrol,Hatchback,First Owner,85223.0,K10B Engine
Manual,Toyota Innova,2012.0,Chennai,Diesel,MUV,First Owner,120000.0,In-Line Engine
Manual,Tata Indigo,2013.0,Chennai,Diesel,Sedan,Second Owner,110000.0,16V DOHC Common Rail CR4
Manual,Volkswagen Polo,2016.0,Chennai,Petrol,Hatchback,First Owner,33961.0,MPI Petrol Engine
Manual,Honda Amaze,2014.0,Chennai,Petrol,Sedan,Second Owner,76597.0,i-VTEC Petrol Engine
Manual,Maruti Baleno,2017.0,Chennai,Petrol,Hatchback,Third Owner,36573.0,VVT Petrol Engine
Automatic,Toyota Hyryder,2023.0,Chennai,Petrol,SUV,First Owner,10000.0,1.5L K Series
Automatic,Maruti Wagon R,2016.0,Chennai,Petrol,Hatchback,First Owner,45636.0,K10B Petrol Engine
Automatic,Maruti Ciaz,2017.0,Chennai,Petrol,Sedan,First Owner,58698.0,k14B VVT Engine
Manual,Maruti Wagon R,2023.0,Chennai,Petrol,Hatchback,First Owner,10000.0,K10C
Manual,Maruti Baleno,2016.0,Chennai,Diesel,Hatchback,First Owner,77603.0,DDiS Diesel Engine
Automatic,Maruti Vitara Brezza,2019.0,Chennai,Diesel,SUV,First Owner,60000.0,DDiS 200 Diesel Engine
Automatic,Honda Amaze,2018.0,Chennai,Diesel,Sedan,Second Owner,65675.0,i-DTEC Diesel Engine
Manual,Maruti Swift Dzire,2015.0,Chennai,Diesel,Sedan,First Owner,120797.0,DDiS Diesel Engine
Automatic,Hyundai i20,2019.0,Chennai,Petrol,Hatchback,First Owner,10000.0,Kappa VTVT Petrol Engine
Manual,Maruti Alto K10,2018.0,Chennai,Petrol,Hatchback,Second Owner,18228.0,K Series Petrol Engine
Manual,Maruti Swift Dzire,2017.0,Chennai,Diesel,Sedan,First Owner,33654.0,In-Line Engine
Manual,Maruti Zen Estilo,2010.0,Chennai,Petrol,Hatchback,Second Owner,61633.0,K Series Petrol Engine
Manual,Renault KWID,2018.0,Chennai,Petrol,Hatchback,First Owner,45333.0,Petrol Engine
Manual,Hyundai Grand i10,2018.0,Chennai,Diesel,Hatchback,First Owner,63670.0,U2 CRDi  Diesel Engine
Manual,Maruti Swift,2013.0,Chennai,Diesel,Hatchback,First Owner,95535.0,DDiS Diesel Engine
Automatic,Toyota Innova Crysta,2016.0,Chennai,Diesel,MUV,First Owner,175000.0,1-GD FTV Engine
Manual,Volkswagen Polo,2015.0,Chennai,Diesel,Hatchback,Second Owner,80000.0,TDI Diesel Engine
Automatic,Toyota Innova Crysta,2020.0,Chennai,Diesel,MUV,First Owner,55500.0,2-GD FTV Engine
Manual,Honda WR-V,2017.0,Chennai,Petrol,SUV,Second Owner,42375.0,i-VTEC Petrol Engine
Manual,Hyundai Xcent,2018.0,Chennai,Diesel,Sedan,Second Owner,63155.0,1.2L U2 CRDi Diesel
Manual,Toyota Fortuner,2015.0,Chennai,Diesel,SUV,Second Owner,85000.0,D-4D Diesel Engine
Manual,Maruti Swift Dzire,2014.0,Chennai,Diesel,Sedan,First Owner,106121.0,DDiS Diesel Engine
Manual,Maruti Swift,2022.0,Chennai,Petrol,Hatchback,First Owner,51012.0,K Series Dual jet
Manual,Maruti Swift Dzire,2012.0,Chennai,Petrol,Sedan,First Owner,62930.0,K Series VVT Engine
Manual,Mahindra TUV 300,2019.0,Chennai,Diesel,SUV,First Owner,111242.0,mHawk 100 Diesel Engine
Manual,Kia Sonet,2022.0,Chennai,Petrol,SUV,First Owner,16000.0,SMARTSTREAM G1.2
Manual,Renault Duster,2018.0,Chennai,Diesel,SUV,First Owner,72898.0,dCi THP Diesel Engine
Manual,Hyundai i20,2018.0,Chennai,Petrol,Hatchback,First Owner,97326.0,Kappa VTVT Petrol Engine
Manual,Honda WR-V,2018.0,Chennai,Diesel,SUV,First Owner,1870.0,i-DTEC Diesel Engine
Automatic,Hyundai Santro,2022.0,Chennai,Petrol,Hatchback,First Owner,10000.0,1.1 L Petrol
Manual,Chevrolet Beat,2016.0,Chennai,Diesel,Hatchback,First Owner,110000.0,XSDE Engine
Manual,Maruti Ignis,2017.0,Chennai,Petrol,Hatchback,First Owner,20000.0,1.2-Litre VVT Petrol Engine
Manual,Hyundai Creta,2018.0,Chennai,Diesel,SUV,First Owner,70000.0,U2 CRDI VGT Engine
Manual,Datsun RediGO,2018.0,Chennai,Petrol,Hatchback,First Owner,30000.0,0.8L Petrol Engine
Manual,Honda City,2015.0,Chennai,Petrol,Sedan,,167332.0,i VTEC Engine
Manual,Honda City,2015.0,Chennai,Petrol,Sedan,Second Owner,71887.0,i VTEC Engine
Manual,Ford Figo,2011.0,Chennai,Diesel,Hatchback,Second Owner,100000.0,Diesel Engine
Automatic,Skoda Kushaq,2021.0,Chennai,Petrol,SUV,Second Owner,20000.0,1.0 TSI Petrol Engine
Manual,Renault Duster,2018.0,Chennai,Petrol,SUV,Second Owner,61426.0,H4K Petrol Engine
Manual,Toyota Etios Liva,2012.0,Chennai,Petrol,Hatchback,Second Owner,121735.0,
Automatic,Hyundai Creta,2022.0,Chennai,Petrol,SUV,First Owner,15000.0,1.5 L MPi Petrol
Manual,Maruti Swift,2013.0,Chennai,Diesel,Hatchback,First Owner,71195.0,DDiS Diesel Engine
Automatic,Volkswagen Vento,2016.0,Chennai,Petrol,Sedan,First Owner,91700.0,TSI Petrol Engine
Manual,Maruti Alto K10,2015.0,Chennai,Petrol,Hatchback,,132724.0,K Series Petrol Engine
Manual,Maruti Vitara Brezza,2016.0,Chennai,Diesel,SUV,First Owner,59232.0,DDiS 200 Diesel Engine
Automatic,Volkswagen Polo,2017.0,Chennai,Petrol,Hatchback,First Owner,55023.0,TSI Petrol Engine
Manual,Hyundai Creta,2020.0,Chennai,Diesel,SUV,First Owner,58323.0,1.5 L U2 CRDi Diesel
Manual,Mahindra TUV 300,2016.0,Chennai,Diesel,SUV,Second Owner,73498.0,mHawk 100 Diesel Engine
Manual,Maruti Vitara Brezza,2018.0,Chennai,Diesel,SUV,First Owner,52743.0,DDiS 200 Diesel Engine
Automatic,BMW X1,2018.0,Chennai,Diesel,SUV,First Owner,49000.0,sDrive20d Diesel Engine
Manual,Hyundai Verna,2012.0,Chennai,Diesel,Sedan,Second Owner,100000.0,VGT CRDi Diesel Engine 
Manual,Maruti Swift,2011.0,Chennai,Petrol,Hatchback,First Owner,111350.0,In-Line Engine
Automatic,Land Rover Range Rover Evoque,2013.0,Chennai,Diesel,SUV,Second Owner,105000.0,SD4 Diesel  Engine
Manual,Skoda Octavia,2005.0,Chennai,Diesel,Sedan,First Owner,150000.0,In-Line Engine 
Manual,Tata Tiago,2022.0,Chennai,CNG,Hatchback,First Owner,20000.0,1.2 L i-CNG
Manual,Ford Aspire,2017.0,Chennai,Diesel,Sedan,First Owner,63134.0,TDCi Diesel Engine
Automatic,Honda City,2019.0,Chennai,Petrol,Sedan,First Owner,89547.0,i VTEC Engine
Manual,Ford Ecosport,2018.0,Chennai,Diesel,SUV,First Owner,25000.0,TDCi Diesel Engine
Manual,Volkswagen Polo,2016.0,Chennai,Petrol,Hatchback,Second Owner,61583.0,MPI Petrol Engine
Manual,Honda Amaze,2015.0,Chennai,Diesel,Sedan,First Owner,102002.0,i-DTEC Diesel Engine
Manual,Maruti Wagon R,2016.0,Chennai,Petrol,Hatchback,Second Owner,38980.0,K Series Petrol Engine
Automatic,Hyundai Elantra,2017.0,Chennai,Petrol,Sedan,First Owner,108463.0,Nu 2.0 MPi Petrol Engine
Manual,Honda WR-V,2017.0,Chennai,Petrol,SUV,First Owner,30033.0,i-VTEC Petrol Engine
Manual,Renault KWID,2016.0,Chennai,Petrol,Hatchback,First Owner,29084.0,Petrol Engine
Manual,Maruti Celerio,2016.0,Chennai,Petrol,Hatchback,Third Owner,69437.0,K10B Engine
Manual,Honda New Accord,2009.0,Chennai,Petrol,Sedan,Second Owner,70000.0,DOHC i-VTEC
Manual,Maruti Swift,2013.0,Chennai,Petrol,Hatchback,Third Owner,88122.0,K Series Dual jet
Manual,Volkswagen Vento,2011.0,Chennai,Petrol,Sedan,Second Owner,98263.0,In Line Petrol Engine
Manual,Honda Jazz,2016.0,Chennai,Petrol,Hatchback,Second Owner,73674.0,i-VTEC Petrol Engine
Manual,Maruti Celerio,2016.0,Chennai,Petrol,Hatchback,First Owner,37718.0,K10B Engine
Manual,Honda Jazz,2016.0,Chennai,Diesel,Hatchback,First Owner,66030.0,i-DTEC Diesel Engine
Manual,Hyundai Santro Xing,2006.0,Chennai,Petrol,Hatchback,First Owner,72110.0,
Automatic,Volvo XC 90,2017.0,Chennai,Petrol,Hybrids,First Owner,35000.0,Twin Turbo & Super Charge Petrol Engine
Manual,Honda City,2008.0,Chennai,Petrol,Sedan,First Owner,100000.0,In-Line Engine
Manual,Hyundai Grand i10,2013.0,Chennai,Petrol,Hatchback,First Owner,10000.0,Kappa VTVT Petrol Engine
Manual,Maruti Ritz,2010.0,Chennai,Petrol,Hatchback,First Owner,20000.0,K Series Petrol Engine 
Manual,Maruti Versa,2002.0,Chennai,Petrol,Minivans,Third Owner,90000.0,In-Line Engine
Manual,Fiat Punto,2014.0,Chennai,Petrol,Hatchback,Fourth Owner,90000.0,FIRE Engine 
Automatic,Toyota Glanza,2020.0,Chennai,Petrol,Hatchback,First Owner,56118.0,Petrol Engine
Manual,Hyundai i10,2012.0,Chennai,Petrol,Hatchback,First Owner,93968.0,Kappa Petrol Engine
Manual,Hyundai Grand i10 Nios,2021.0,Chennai,Petrol,Hatchback,First Owner,30000.0,1.2 Kappa petrol
Manual,Volkswagen Polo,2020.0,Chennai,Petrol,Hatchback,Second Owner,41364.0,1.0L MPI Petrol
Automatic,Honda City,2013.0,Chennai,Petrol,Sedan,Second Owner,108898.0,SOHC i-VTEC
Automatic,Toyota Innova Crysta,2022.0,Chennai,Petrol,MUV,First Owner,3500.0,2.7 L Dual VVT
Manual,Kia Seltos,2020.0,Chennai,Petrol,SUV,First Owner,35589.0,SMARTSTREAM G1.5
Manual,Mitsubishi Lancer,2003.0,Chennai,Petrol,Sedan,First Owner,150000.0,In-Line Engine
Manual,Hyundai i10,2016.0,Chennai,Petrol,Hatchback,First Owner,41514.0,IRDE2 Engine
Manual,Renault Triber,2021.0,Chennai,Petrol,MUV,First Owner,27925.0,
Automatic,Skoda Slavia,2022.0,Chennai,Petrol,Sedan,First Owner,10000.0,1.5 L TSI Petrol
Manual,Mahindra KUV 100,2017.0,Chennai,Petrol,SUV,Second Owner,40000.0,mFALCON G80 Engine
Manual,Hyundai EON,2014.0,Chennai,Petrol,Hatchback,Second Owner,60000.0,Petrol Engine
Manual,Hyundai Verna,2008.0,Chennai,Petrol,Sedan,Fifth Owner,90000.0,In-Line Engine
Manual,Volkswagen Polo,2013.0,Chennai,Petrol,Hatchback,Third Owner,65744.0,MPI Petrol Engine
Automatic,Maruti A-Star,2011.0,Chennai,Petrol,Hatchback,Fourth Owner,80000.0,K Series Petrol Engine
Automatic,Maruti Ertiga,2020.0,Chennai,Petrol,MUV,Second Owner,30000.0,K15 Smart Hybrid
Manual,Tata Indica,2007.0,Chennai,Diesel,Hatchback,Third Owner,60000.0,In-Line Engine
Automatic,Skoda Kushaq,2022.0,Chennai,Petrol,SUV,First Owner,20000.0,1.0 TSI Petrol Engine
Manual,Volkswagen Vento,2012.0,Chennai,Petrol,Sedan,Third Owner,90000.0,In Line Petrol Engine
Manual,Volkswagen Taigun,2021.0,Chennai,Petrol,SUV,First Owner,18655.0,1.5L TSI EVO with ACT
Manual,Tata Tiago,2020.0,Chennai,Petrol,Hatchback,First Owner,51578.0,1.2 L Revotron
Manual,Ford Figo,2012.0,Chennai,Diesel,Hatchback,First Owner,113000.0,TDCi Diesel Engine
Manual,Renault KWID,2016.0,Chennai,Petrol,Hatchback,First Owner,27861.0,Petrol Engine
Manual,Maruti Ciaz,2020.0,Chennai,Petrol,Sedan,First Owner,20419.0,k15B VVT Engine
Manual,Volkswagen Vento,2013.0,Chennai,Petrol,Sedan,Second Owner,49165.0,MPI Petrol Engine
Manual,Honda WR-V,2018.0,Chennai,Petrol,SUV,Second Owner,38309.0,i-VTEC Petrol Engine
Automatic,Toyota Urban cruiser,2022.0,Chennai,Petrol,SUV,First Owner,12000.0,k-series1.5l
Automatic,Honda Jazz,2017.0,Chennai,Petrol,Hatchback,First Owner,27872.0,i-VTEC Petrol Engine
Manual,Renault KWID,2022.0,Chennai,Petrol,Hatchback,First Owner,14023.0,0.8 SCe
Manual,Maruti Ertiga,2019.0,Chennai,Petrol,MUV,First Owner,30000.0,K15 Smart Hybrid
Manual,Tata Nexon,2021.0,Chennai,Diesel,SUV,First Owner,30000.0,1.5L Revotorq Turbocharged
Manual,Hyundai Verna,2012.0,Chennai,Diesel,Sedan,Second Owner,116377.0,U2 VGT Diesel Engine 
Manual,Volkswagen Polo,2021.0,Chennai,Diesel,Hatchback,First Owner,13109.0,In-Line Diesel Engine
Manual,Ford Aspire,2015.0,Chennai,Diesel,Sedan,First Owner,67500.0,TDCi Diesel Engine
Manual,Hyundai Santro Xing,2007.0,Chennai,Petrol,Hatchback,First Owner,84169.0,
Automatic,Audi A3,2016.0,Chennai,Diesel,Sedan,Second Owner,50000.0,TDI Diesel Engine 
Manual,Ford Figo,2011.0,Chennai,Petrol,Hatchback,Third Owner,80000.0,Petrol Engine
Manual,Maruti Ertiga,2022.0,Chennai,Petrol,MUV,First Owner,14475.0,K Series Petrol Engine
Automatic,Hyundai Grand i10 Nios,2020.0,Chennai,Petrol,Hatchback,Third Owner,20000.0,1.2 Kappa petrol
Automatic,Maruti Baleno,2018.0,Chennai,Petrol,Hatchback,First Owner,53631.0,VVT Petrol Engine
Automatic,Ford Ecosport,2018.0,Chennai,Petrol,SUV,First Owner,92562.0,Ti-VCT Petrol Engine
Manual,Maruti SX4,2010.0,Chennai,Petrol,Sedan,Third Owner,90000.0,In-Line Engine
Manual,Maruti Alto 800,2021.0,Chennai,Petrol,Hatchback,First Owner,24690.0,F8D Petrol Engine
Automatic,Renault KWID,2020.0,Chennai,Petrol,Hatchback,First Owner,15915.0,Petrol Engine
Manual,Ford Figo,2011.0,Chennai,Diesel,Hatchback,Second Owner,100000.0,Diesel Engine
Manual,Renault Kiger,2021.0,Chennai,Petrol,SUV,First Owner,36390.0,1.0L Turbo
Manual,Maruti Ritz,2012.0,Chennai,Petrol,Hatchback,First Owner,9112.0,K Series Petrol Engine 
Automatic,Ford Figo,2021.0,Chennai,Petrol,Hatchback,First Owner,13923.0,1.2 L Petrol Engine
Manual,Maruti Celerio,2017.0,Chennai,Petrol,Hatchback,First Owner,58263.0,K10C
Manual,Maruti Eeco,2021.0,Chennai,Petrol,Minivans,First Owner,20000.0,G12B
Manual,Maruti Ritz,2015.0,Chennai,Diesel,Hatchback,Third Owner,80000.0,DDiS Diesel Engine 
Manual,Maruti Swift,2013.0,Chennai,Diesel,Hatchback,,65991.0,DDiS Diesel Engine
Manual,Mahindra KUV 100 NXT,2016.0,Chennai,Diesel,Hatchback,First Owner,13397.0,mFALCON D75 Engine
Automatic,Maruti Ciaz,2015.0,Chennai,Petrol,Sedan,Second Owner,57121.0,k14B VVT Engine
Manual,Tata Zest,2015.0,Chennai,Petrol,Sedan,First Owner,70418.0,Revotron Engine
Automatic,Honda Amaze,2019.0,Chennai,Petrol,Sedan,,22421.0,i-VTEC Petrol Engine
Manual,Tata Indica,2009.0,Chennai,Diesel,Hatchback,,83045.0,In-Line Engine
Manual,Hyundai i10,2008.0,Chennai,Petrol,Hatchback,,86715.0,Petrol Engine
Manual,Hyundai i10,2008.0,Chennai,Petrol,Hatchback,,77032.0,IRDE2 Engine
Manual,Datsun RediGO,2019.0,Chennai,Petrol,Hatchback,First Owner,21614.0,0.8L Petrol Engine
Manual,Maruti Alto 800,2020.0,Chennai,Petrol,Hatchback,First Owner,35375.0,F8D Petrol Engine
Manual,Volkswagen Vento,2010.0,Chennai,Diesel,Sedan,,89545.0,Common Rail Diesel Engine
Manual,Hyundai i20,2019.0,Chennai,Petrol,Hatchback,First Owner,83298.0,Kappa VTVT Petrol Engine
Automatic,Maruti Ignis,2022.0,Chennai,Petrol,Hatchback,First Owner,33250.0,VVT
Manual,Honda Jazz,2015.0,Chennai,Petrol,Hatchback,Second Owner,75000.0,i-VTEC Petrol Engine
Manual,Ford Ecosport,2018.0,Chennai,Diesel,SUV,First Owner,87026.0,TDCi Diesel Engine
Automatic,Toyota Innova Crysta,2021.0,Chennai,Diesel,MUV,First Owner,33000.0,2.4L Diesel Engine
Manual,Honda City,2020.0,Chennai,Petrol,Sedan,Second Owner,37294.0,Water Cooled Inline i-VTEC DOHC with VTC
Manual,Renault KWID,2016.0,Chennai,Petrol,Hatchback,First Owner,65840.0,Petrol Engine
Automatic,Isuzu MU-X,2019.0,Chennai,Diesel,SUV,Second Owner,45000.0,Isuzu Ddi VGS TurboEngine
Manual,Honda Amaze,2015.0,Chennai,Petrol,Sedan,First Owner,62865.0,i-VTEC Petrol Engine
Manual,Mahindra KUV 100 NXT,2017.0,Chennai,Diesel,Hatchback,First Owner,62442.0,mFALCON D75 Engine
Manual,Volkswagen Vento,2014.0,Chennai,Petrol,Sedan,Second Owner,154931.0,MPI Petrol Engine
Manual,Honda City,2017.0,Chennai,Petrol,Sedan,First Owner,63318.0,i VTEC Engine
Manual,Honda City,2017.0,Chennai,Petrol,Sedan,First Owner,47146.0,In-Line Engine
Automatic,Hyundai Grand i10,2016.0,Chennai,Petrol,Hatchback,First Owner,17797.0,Kappa VTVT Petrol Engine
Manual,Maruti Swift,2015.0,Chennai,Petrol,Hatchback,First Owner,52802.0,K Series Petrol Engine
Manual,Honda WR-V,2018.0,Chennai,Diesel,SUV,Second Owner,46830.0,i-DTEC Diesel Engine
Automatic,BMW 3 Series GT,2016.0,Chennai,Diesel,Sedan,First Owner,34000.0,TwinPower Turbo 4-Cylinder Diesel Engine
Manual,Ford Ecosport,2018.0,Chennai,Petrol,SUV,First Owner,70038.0,Ti-VCT Petrol Engine
Manual,Tata Altroz,2021.0,Chennai,Petrol,Hatchback,First Owner,15957.0,1.2 l i-Turbo
Manual,Honda Amaze,2014.0,Chennai,Petrol,Sedan,Second Owner,63860.0,i-VTEC Petrol Engine
Automatic,Maruti Swift Dzire,2017.0,Chennai,Petrol,Sedan,First Owner,51252.0,K Series VVT Engine
Automatic,Ford Ecosport,2015.0,Chennai,Petrol,SUV,Second Owner,56071.0,Ti-VCT Petrol Engine
Manual,Honda Jazz,2017.0,Chennai,Diesel,Hatchback,First Owner,38100.0,i-DTEC Diesel Engine
Automatic,Mahindra XUV500,2017.0,Chennai,Diesel,SUV,Third Owner,87634.0,mHawk Diesel Engine
Manual,Hyundai i10,2010.0,Chennai,Petrol,Hatchback,First Owner,14424.0,Kappa Petrol Engine
Automatic,Tata Tigor,2018.0,Chennai,Petrol,Sedan,Second Owner,39542.0,Revotron Engine
Manual,Hyundai Grand i10,2016.0,Chennai,Petrol,Hatchback,Second Owner,114507.0,Kappa VTVT Petrol Engine
Manual,Fiat Punto Pure,2015.0,Chennai,Diesel,Hatchback,First Owner,67129.0,MULTIJET Engine 
Manual,Volkswagen Polo,2021.0,Chennai,Petrol,Hatchback,First Owner,35405.0,1.0L TSI Petrol
Manual,Volkswagen Polo,2010.0,Chennai,Diesel,Hatchback,First Owner,62992.0,In-Line Diesel Engine
Manual,Hyundai Santro Xing,2009.0,Chennai,Petrol,Hatchback,First Owner,94241.0,Petrol Engine 
Manual,Tata Indica,2013.0,Chennai,Diesel,Hatchback,Second Owner,101423.0,Common Rail CR4
Manual,Toyota Etios,2013.0,Chennai,Petrol,Sedan,First Owner,21647.0,Petrol Engine
Manual,Nissan Micra,2010.0,Chennai,Petrol,Hatchback,Fourth Owner,78210.0, In Line Petrol Engine
Manual,Hyundai Grand i10,2015.0,Chennai,Petrol,Hatchback,First Owner,39922.0,Kappa VTVT Petrol Engine
Manual,Maruti Wagon R,2017.0,Chennai,Petrol,Hatchback,Second Owner,61372.0,K10B Petrol Engine
Manual,Hyundai i10,2008.0,Chennai,Petrol,Hatchback,First Owner,60250.0,IRDE2 Engine
Automatic,Hyundai Grand i10,2014.0,Chennai,Petrol,Hatchback,Third Owner,91617.0,Kappa VTVT Petrol Engine
Automatic,Hyundai i20 N Line,2021.0,Chennai,Petrol,Hatchback,First Owner,23899.0,1.0 Turbo GDI
Manual,Maruti Swift,2015.0,Chennai,Petrol,Hatchback,First Owner,89000.0,VTVT Engine
Automatic,Maruti Celerio,2017.0,Chennai,Petrol,Hatchback,Second Owner,97445.0,K10B Engine
Manual,Hyundai i10,2012.0,Chennai,Petrol,Hatchback,Second Owner,69680.0,Kappa Petrol Engine
Manual,Hyundai i20,2014.0,Chennai,Petrol,Hatchback,First Owner,87431.0,Kappa VTVT Petrol Engine
Manual,Hyundai EON,2015.0,Chennai,Petrol,Hatchback,First Owner,98204.0,Petrol Engine
Manual,Honda Mobilio,2014.0,Chennai,Diesel,MUV,First Owner,161471.0,i-DTEC Engine
Manual,Honda City,2012.0,Chennai,Petrol,Sedan,Second Owner,108338.0,SOHC i-VTEC
Manual,Hyundai i20,2016.0,Chennai,Petrol,Hatchback,First Owner,47045.0,Kappa VTVT Petrol Engine
Automatic,Tata Tigor,2018.0,Chennai,Petrol,Sedan,First Owner,18079.0,Revotron Engine
Manual,Hyundai i10,2009.0,Chennai,Petrol,Hatchback,First Owner,44985.0,IRDE2 Engine
Manual,Maruti Ciaz,2017.0,Chennai,Diesel,Sedan,First Owner,84095.0,DDIS 200 Engine
Manual,Jeep Compass,2020.0,Chennai,Diesel,SUV,First Owner,50520.0,2.0-Litre 4-Cyl Multijet II Engine
Manual,Mahindra Renault Logan,2010.0,Chennai,Diesel,Sedan,Third Owner,82124.0,In-Line Engine
Manual,Hyundai Santro Xing,2005.0,Chennai,Petrol,Hatchback,Second Owner,91644.0,
Manual,Hyundai Santro Xing,2005.0,Chennai,Petrol,Hatchback,Fourth Owner,100658.0,
Automatic,Honda Amaze,2018.0,Chennai,Petrol,Sedan,First Owner,3228.0,i-VTEC Petrol Engine
Manual,Tata Indigo,2010.0,Chennai,Petrol,Sedan,First Owner,41516.0,MPFi Petrol Engine
Manual,Chevrolet Beat,2012.0,Chennai,Diesel,Hatchback,Second Owner,86147.0,Smartech Engine
Manual,Honda City,2010.0,Chennai,Petrol,Sedan,Third Owner,101566.0,In-Line Engine
Manual,Skoda Rapid,2018.0,Chennai,Diesel,Sedan,First Owner,73139.0,Diesel Engine
Automatic,Honda Amaze,2019.0,Chennai,Diesel,Sedan,First Owner,16787.0,i-DTEC Diesel Engine
Automatic,Skoda Rapid,2016.0,Chennai,Petrol,Sedan,Second Owner,99715.0,Petrol Engine
Manual,Datsun GO Plus,2018.0,Chennai,Petrol,MUV,First Owner,44386.0,Naturally Aspirated 12V DOHC EFI
Manual,Volkswagen Polo,2014.0,Chennai,Petrol,Hatchback,First Owner,56200.0,In-Line Engine
Manual,Datsun GO Plus,2018.0,Chennai,Petrol,MUV,First Owner,17003.0,Naturally Aspirated 12V DOHC EFI
Automatic,Hyundai Grand i10,2014.0,Chennai,Petrol,Hatchback,First Owner,44632.0,Kappa VTVT Petrol Engine
Automatic,Hyundai Creta,2018.0,Chennai,Petrol,SUV,First Owner,32091.0,VTVT Petrol Engine
Automatic,Renault Triber,2021.0,Chennai,Petrol,MUV,Second Owner,22740.0,
Automatic,Mercedes-Benz GLE,2016.0,Chennai,Diesel,SUV,Second Owner,98000.0,In Line Engine
Manual,Volkswagen Ameo,2018.0,Chennai,Petrol,Sedan,First Owner,95495.0,MPI Petrol Engine
Manual,Hyundai Verna,2010.0,Chennai,Petrol,Sedan,Second Owner,122533.0,VTVT Petrol Engine 
Manual,Maruti Swift Dzire,2013.0,Chennai,Petrol,Sedan,First Owner,55320.0,
Manual,Hyundai i20,2012.0,Chennai,Diesel,Hatchback,First Owner,68459.0,U2 CRDI Diesel Engine
Manual,Honda Amaze,2016.0,Chennai,Petrol,Sedan,First Owner,14195.0,i-VTEC Petrol Engine
Manual,Hyundai i20,2012.0,Chennai,Petrol,Hatchback,First Owner,67900.0,Kappa VTVT Petrol Engine
Automatic,Maruti Wagon R,2017.0,Chennai,Petrol,Hatchback,First Owner,47756.0,K10B Petrol Engine
Automatic,Hyundai Grand i10,2016.0,Chennai,Petrol,Hatchback,First Owner,42856.0,Kappa VTVT Petrol Engine
Manual,Volkswagen Polo,2014.0,Chennai,Diesel,Hatchback,First Owner,43000.0,TDI Diesel Engine
Manual,Toyota Yaris,2019.0,Chennai,Petrol,Sedan,Second Owner,27652.0,1.5 Dual VVT-i Engine
Manual,Renault Triber,2021.0,Chennai,Petrol,MUV,First Owner,23539.0,
Manual,Maruti Ciaz,2015.0,Chennai,Petrol,Sedan,First Owner,50000.0,k14B VVT Engine
Manual,Maruti Alto K10,2017.0,Chennai,Petrol,Hatchback,Second Owner,18861.0,K10C
Manual,Maruti Swift,2017.0,Chennai,Petrol,Hatchback,First Owner,41138.0,K Series VVT Engine
Manual,Hyundai i10,2012.0,Chennai,Petrol,Hatchback,First Owner,55039.0,IRDE2 Engine
Manual,Hyundai i20,2018.0,Chennai,Petrol,Hatchback,Second Owner,41361.0,Kappa VTVT Petrol Engine
Manual,Ford Ecosport,2015.0,Chennai,Diesel,SUV,First Owner,81037.0,TDCi Diesel Engine
Automatic,Honda Jazz,2017.0,Chennai,Petrol,Hatchback,Second Owner,28897.0,i-VTEC Petrol Engine
Manual,Mahindra KUV 100,2016.0,Chennai,Petrol,SUV,Second Owner,46308.0,mFALCON G80 Engine
Manual,Hyundai Santro Xing,2009.0,Chennai,Petrol,Hatchback,First Owner,80033.0,
Automatic,Mini Cooper Countryman,2015.0,Chennai,Diesel,SUV,Second Owner,15000.0,Diesel Engine
Manual,Maruti Wagon R,2012.0,Chennai,Petrol,Hatchback,First Owner,100056.0,K12M Petrol Engine
Manual,Hyundai i20,2018.0,Chennai,Petrol,Hatchback,First Owner,90062.0,Kappa VTVT Petrol Engine
Manual,Chevrolet Optra,2005.0,Chennai,Petrol,Sedan,Third Owner,80030.0,In-Line Engine
Automatic,Mahindra TUV 300,2016.0,Chennai,Diesel,SUV,First Owner,90042.0,mHawk 80 Diesel Engine
Manual,Maruti Wagon R,2017.0,Chennai,Petrol,Hatchback,First Owner,78030.0,K12M Petrol Engine
Automatic,BMW X3,2013.0,Chennai,Diesel,SUV,Second Owner,55000.0,xDrive20d Diesel Engine 
Automatic,Hyundai Santa Fe,2014.0,Chennai,Diesel,SUV,First Owner,100049.0,CRDi Diesel Engine
Manual,Chevrolet Tavera,2010.0,Chennai,Diesel,SUV,First Owner,138033.0,In-Line Engine
Manual,Datsun GO Plus,2018.0,Chennai,Petrol,MUV,First Owner,14126.0,Naturally Aspirated 12V DOHC EFI
Manual,Renault Duster,2020.0,Chennai,Petrol,SUV,First Owner,35464.0,1.3L Turbo Petrol Engine
Manual,Mahindra Ssangyong Rexton,2013.0,Chennai,Diesel,SUV,Second Owner,100036.0,RX270 XDi Diesel Engine
Manual,Hyundai Grand i10,2015.0,Chennai,Petrol,Hatchback,Third Owner,55161.0,Kappa VTVT Petrol Engine
Automatic,Hyundai Santro,2019.0,Chennai,Petrol,Hatchback,First Owner,33771.0,1.1 litre Petrol Engine
Manual,Chevrolet Enjoy,2016.0,Chennai,Diesel,MUV,First Owner,75011.0,SMARTECH Diesel Engine
Manual,Hyundai Verna,2016.0,Chennai,Petrol,Sedan,First Owner,41659.0,VTVT Petrol Engine
Automatic,Volvo S 80,2012.0,Chennai,Diesel,Sedan,Second Owner,126055.0,In Line Twin Turbo Engine
Manual,Tata Tigor,2020.0,Chennai,Petrol,Sedan,First Owner,19935.0,Revotron Engine
Manual,Datsun RediGO,2016.0,Chennai,Petrol,Hatchback,First Owner,61126.0,0.8L Petrol Engine
Manual,Mitsubishi Pajero,2012.0,Chennai,Diesel,SUV,Second Owner,100043.0,DI-Diesel Engine
Manual,Mitsubishi Pajero,2013.0,Chennai,Diesel,SUV,First Owner,70034.0,DI-Diesel Engine
Manual,Volkswagen Polo,2018.0,Chennai,Diesel,Hatchback,Second Owner,90068.0,TDI Diesel Engine
Manual,Hyundai Xcent,2015.0,Chennai,Petrol,Sedan,First Owner,86694.0,Kappa VTVT Petrol Engine
Automatic,Mercedes-Benz C-Class,2011.0,Chennai,Diesel,Sedan,Second Owner,86000.0,In-Line Engine
Manual,Maruti Ciaz,2015.0,Chennai,Petrol,Sedan,First Owner,79399.0,k14B VVT Engine
Automatic,Audi A4,2012.0,Chennai,Diesel,Sedan,First Owner,86038.0,In-Line Engine
Manual,Maruti Wagon R,2015.0,Chennai,Petrol,Hatchback,First Owner,69863.0,K Series Petrol Engine
Manual,Toyota Innova Crysta,2017.0,Chennai,Diesel,MUV,First Owner,2000022.0,2-GD FTV Engine
Manual,Hyundai i10,2013.0,Chennai,Petrol,Hatchback,First Owner,133727.0,Kappa Petrol Engine
Automatic,Hyundai Creta,2016.0,Chennai,Petrol,SUV,First Owner,85781.0,VTVT Petrol Engine
Manual,Tata Altroz,2022.0,Chennai,Diesel,Hatchback,First Owner,8837.0,1.5 l Turbocharged Revotorq
Manual,Toyota Corolla Altis,2011.0,Chennai,Diesel,Sedan,Second Owner,120057.0,SOHC D-4D Diesel Engine
Manual,Toyota Glanza,2019.0,Chennai,Petrol,Hatchback,First Owner,48527.0,1.2 L Petrol Engine
Manual,Honda WR-V,2017.0,Chennai,Diesel,SUV,Second Owner,71096.0,i-DTEC Diesel Engine
Manual,Honda Amaze,2020.0,Chennai,Petrol,Sedan,First Owner,22000.0,i-VTEC Petrol Engine
Manual,Hyundai Grand i10 Nios,2020.0,Chennai,Petrol,Hatchback,First Owner,110054.0,1.2 Kappa petrol
Manual,Honda City,2012.0,Chennai,Petrol,Sedan,First Owner,85028.0,i VTEC Engine
Manual,Honda City,2021.0,Chennai,Petrol,Sedan,First Owner,10990.0,Water Cooled Inline i-VTEC DOHC with VTC
Manual,Hyundai Elantra,2017.0,Chennai,Petrol,Sedan,Second Owner,115484.0,Nu 2.0 MPi Petrol Engine
Manual,Skoda Yeti,2011.0,Chennai,Diesel,SUV,Second Owner,80062.0,Diesel Engine
Manual,Skoda Rapid,2012.0,Chennai,Diesel,Sedan,First Owner,80039.0,Turbocharged Diesel Engin
Manual,Maruti S-Presso,2020.0,Chennai,Petrol,Hatchback,First Owner,16473.0,K10C
Automatic,BMW X5,2022.0,Chennai,Petrol,SUV,First Owner,8000.0,TwinPower Turbo 6-cylinder engine
Automatic,Maruti Baleno,2017.0,Chennai,Petrol,Hatchback,First Owner,53819.0,VVT Petrol Engine
Manual,Mahindra Scorpio,2011.0,Chennai,Diesel,MUV,Second Owner,100060.0,In-Line Engine
Automatic,Volkswagen Vento,2017.0,Chennai,Petrol,Sedan,First Owner,93000.0,TSI Petrol Engine
Manual,Maruti Ertiga,2013.0,Chennai,Diesel,MUV,First Owner,82000.0,DDiS Diesel Engine
Automatic,BMW 5 Series,2013.0,Chennai,Diesel,Sedan,First Owner,100057.0,Diesel Engine
Manual,Volkswagen Ameo,2016.0,Chennai,Diesel,Sedan,First Owner,100425.0,TDI Diesel Engine
Manual,Hyundai Verna,2018.0,Chennai,Diesel,Sedan,First Owner,102497.0,U2 VGT Diesel Engine
Manual,Toyota Etios,2011.0,Chennai,Petrol,Sedan,Second Owner,97942.0,Petrol Engine
Manual,Volkswagen Polo,2019.0,Chennai,Petrol,Hatchback,First Owner,78423.0,MPI Petrol Engine
Manual,Maruti Alto 800,2014.0,Chennai,Petrol,Hatchback,Second Owner,43088.0,F8D Petrol Engine
Manual,Renault Kiger,2021.0,Chennai,Petrol,SUV,First Owner,14103.0,1.0L Turbo
Automatic,Mercedes-Benz C-Class,2011.0,Chennai,Diesel,Sedan,First Owner,74000.0,In-Line Engine
Automatic,Toyota Urban cruiser,2022.0,Chennai,Petrol,SUV,First Owner,41285.0,k-series1.5l
Manual,Ford Figo,2012.0,Chennai,Petrol,Hatchback,Third Owner,76554.0,Duratec Petrol Engine
Manual,Datsun GO Plus,2018.0,Chennai,Petrol,MUV,First Owner,25119.0,Naturally Aspirated 12V DOHC EFI
Manual,Volkswagen Taigun,2022.0,Chennai,Petrol,SUV,First Owner,4977.0,1.0L TSI
Automatic,Volvo XC40,2023.0,Chennai,Petrol,SUV,First Owner,10000.0,
Automatic,Honda New Accord,2004.0,Chennai,Petrol,Sedan,Third Owner,85037.0,Petrol Engine
Manual,Maruti S-Presso,2021.0,Chennai,Petrol,Hatchback,Second Owner,2177.0,K10C
Manual,Ford Ecosport,2018.0,Chennai,Diesel,SUV,First Owner,40511.0,TDCi Diesel Engine
Manual,Hyundai Venue,2021.0,Chennai,Petrol,SUV,First Owner,30400.0,Kappa 1.0 L Turbo GDi Petrol
Manual,Honda WR-V,2017.0,Chennai,Diesel,SUV,First Owner,75000.0,i-DTEC Diesel Engine
Automatic,Skoda Kushaq,2021.0,Chennai,Petrol,SUV,First Owner,27600.0,1.0 TSI Petrol Engine
Manual,Hyundai Grand i10,2015.0,Chennai,Diesel,Hatchback,First Owner,53908.0,U2 CRDi  Diesel Engine
Automatic,Mercedes-Benz E-Class,2020.0,Chennai,Diesel,Sedan,First Owner,30000.0,CDI In-line Engine
Automatic,Mercedes-Benz GLE,2017.0,Chennai,Diesel,SUV,First Owner,46000.0,In Line Engine
Automatic,Tata Punch,2021.0,Chennai,Petrol,SUV,First Owner,9471.0,1.2 l Revotron Engine
Automatic,Tata Tiago,2020.0,Chennai,Petrol,Hatchback,First Owner,12011.0,Revotron Engine
Automatic,Volkswagen Vento,2011.0,Chennai,Petrol,Sedan,Second Owner,85000.0,In Line Petrol Engine
Automatic,Hyundai Creta,2016.0,Chennai,Petrol,SUV,First Owner,27370.0,VTVT Petrol Engine
Manual,Hyundai EON,2016.0,Chennai,Petrol,Hatchback,Second Owner,53098.0,Petrol Engine
Manual,Datsun RediGO,2019.0,Chennai,Petrol,Hatchback,First Owner,51680.0,0.8L Petrol Engine
Automatic,Honda City,2018.0,Chennai,Petrol,Sedan,Second Owner,35821.0,i VTEC Engine
Automatic,Land Rover Range Rover Evoque,2013.0,Chennai,Petrol,Coupe,Second Owner,60000.0,Si4 Petrol Engine
Automatic,Hyundai i20,2018.0,Chennai,Petrol,Hatchback,Second Owner,39323.0,Kappa VTVT Petrol Engine
Manual,Renault KWID,2016.0,Chennai,Petrol,Hatchback,First Owner,60799.0,Petrol Engine
Automatic,Mercedes-Benz C-Class,2014.0,Chennai,Diesel,Sedan,Second Owner,130000.0,CDI Blue Efficiency Engin
Automatic,Toyota Camry,2014.0,Chennai,Petrol,Sedan,First Owner,63000.0,2AR FXE Petrol Engine 
Automatic,Mercedes-Benz E-Class,2017.0,Chennai,Diesel,Sedan,First Owner,50000.0,V6 Diesel Engine
Automatic,BMW 3 Series Gran Limousine,2021.0,Chennai,Diesel,Sedan,First Owner,22600.0,2.0L Turbo Diesel
Manual,Maruti Ciaz,2021.0,Chennai,Petrol,Sedan,First Owner,30000.0,K15 Smart Hybrid Petrol Engine
Manual,Hyundai Verna,2018.0,Chennai,Petrol,Sedan,First Owner,58619.0,VTVT Petrol Engine
Manual,Ford Ecosport,2019.0,Chennai,Petrol,SUV,First Owner,23300.0,Ti-VCT Petrol Engine
Manual,Hyundai i20,2010.0,Chennai,Petrol,Hatchback,Third Owner,121032.0,In-Line Engine
Manual,Hyundai i10,2010.0,Chennai,Petrol,Hatchback,First Owner,91000.0,Kappa Petrol Engine
Manual,Kia Seltos,2020.0,Chennai,Diesel,SUV,First Owner,30000.0,1.5 L CRDi VGT
Manual,Maruti Baleno,2019.0,Chennai,Petrol,Hatchback,Second Owner,82171.0,VVT Petrol Engine
Manual,Tata Tiago,2022.0,Chennai,CNG,Hatchback,First Owner,18551.0,1.2 L i-CNG
Automatic,Hyundai i20,2020.0,Chennai,Petrol,Hatchback,First Owner,35000.0,1.0 l Turbo GDi petrol
Manual,Maruti Alto 800,2016.0,Chennai,Petrol,Hatchback,First Owner,50252.0,F8D Petrol Engine
Manual,Honda Amaze,2019.0,Chennai,Petrol,Sedan,Second Owner,34715.0,i-VTEC Petrol Engine
Automatic,MG Hector,2020.0,Chennai,Petrol,SUV,First Owner,30197.0,
Manual,Hyundai Creta,2018.0,Chennai,Petrol,SUV,Second Owner,79089.0,VTVT Petrol Engine
Manual,Nissan Sunny,2011.0,Chennai,Petrol,Sedan,Second Owner,24035.0,HR15 Petrol Engine
Manual,Hyundai Grand i10 Nios,2020.0,Chennai,Diesel,Hatchback,First Owner,39605.0,1.2 U2 CRDi diesel
Automatic,Maruti Wagon R,2016.0,Chennai,Petrol,Hatchback,First Owner,66992.0,K10B Petrol Engine
Automatic,Mercedes-Benz GLC,2021.0,Chennai,Diesel,SUV,First Owner,50000.0,OM 654 Diesel engine
Manual,Maruti Celerio,2017.0,Chennai,Petrol,Hatchback,First Owner,29973.0,K10B Engine
Manual,Renault KWID,2018.0,Chennai,Petrol,Hatchback,First Owner,49791.0,Petrol Engine
Automatic,MG Hector,2020.0,Chennai,Petrol,SUV,First Owner,52609.0,
Manual,Honda Jazz,2010.0,Chennai,Petrol,Hatchback,First Owner,70000.0,SOHC i-VTEC
Manual,Honda WR-V,2018.0,Chennai,Petrol,SUV,First Owner,23000.0,i-VTEC Petrol Engine
Manual,Maruti Alto,2010.0,Chennai,Petrol,Hatchback,First Owner,52172.0,In-Line Engine
Manual,Hyundai Creta,2022.0,Chennai,Diesel,SUV,First Owner,29041.0,1.5 L U2 CRDi Diesel
Automatic,Nissan Micra,2017.0,Chennai,Petrol,Hatchback,First Owner,67022.0,In Line Petrol Engine
Automatic,Audi A8,2021.0,Chennai,Petrol,Sedan,First Owner,9900.0,V6 petrol engine
Manual,Volkswagen Ameo,2016.0,Chennai,Diesel,Sedan,Second Owner,103651.0,TDI Diesel Engine
Automatic,Honda Amaze,2016.0,Chennai,Petrol,Sedan,First Owner,49682.0,i-VTEC Petrol Engine
Automatic,Volvo XC60,2018.0,Chennai,Diesel,SUV,First Owner,31000.0,Turbo Diesel Engine
Manual,Renault KWID,2018.0,Chennai,Petrol,Hatchback,Third Owner,53751.0,Petrol Engine
Manual,Maruti Alto 800,2015.0,Chennai,Petrol,Hatchback,Second Owner,111283.0,F8D Petrol Engine
Manual,Ford Ecosport,2013.0,Chennai,Diesel,SUV,Second Owner,63000.0,TDCi Diesel Engine
Manual,Datsun GO Plus,2016.0,Chennai,Petrol,MUV,First Owner,52509.0,In Line Petrol Engine
Manual,Nissan Micra,2017.0,Chennai,Diesel,Hatchback,First Owner,69319.0,In-Line Diesel Engine
Manual,Maruti Celerio,2018.0,Chennai,Petrol,Hatchback,First Owner,89191.0,K10C
Manual,Mahindra KUV 100,2017.0,Chennai,Diesel,SUV,First Owner,123152.0,mFALCON D75 Engine
Automatic,Audi A6,2013.0,Chennai,Diesel,Sedan,Second Owner,65000.0,TDI Diesel Engine 
Manual,Honda Amaze,2014.0,Chennai,Diesel,Sedan,First Owner,116413.0,i-DTEC Diesel Engine
Automatic,Audi A6,2015.0,Chennai,Petrol,Sedan,First Owner,56000.0,In Line Petrol Engine
Automatic,Audi A6,2015.0,Chennai,Petrol,Sedan,First Owner,78000.0,In Line Petrol Engine
Automatic,Mercedes-Benz GLE,2020.0,Chennai,Diesel,SUV,First Owner,30000.0,V Type Engine
Automatic,Mercedes-Benz AMG GLA 35,2022.0,Chennai,Petrol,SUV,First Owner,2000.0,AMG 35 4MATIC
Automatic,Mercedes-Benz AMG A 35,2022.0,Chennai,Petrol,Sedan,First Owner,300.0,AMG 2.0-LITRE 4-CYLINDER ENGINE
Manual,Hyundai Venue,2022.0,Chennai,Petrol,SUV,First Owner,11600.0,1.2 Kappa Petrol
Manual,MG Hector,2021.0,Chennai,Petrol,SUV,First Owner,18377.0,
Automatic,Honda City,2010.0,Chennai,Petrol,Sedan,Second Owner,97000.0,In-Line Engine
Manual,Hyundai EON,2015.0,Chennai,Petrol,Hatchback,First Owner,75184.0,Petrol Engine
Manual,Maruti Swift Dzire,2014.0,Chennai,Petrol,Sedan,Second Owner,49387.0,
Manual,Hyundai i10,2011.0,Chennai,Petrol,Hatchback,First Owner,81000.0,Kappa Petrol Engine
Manual,Maruti Wagon R,2010.0,Chennai,Petrol,Hatchback,First Owner,80320.0,K Series Petrol Engine
Automatic,Skoda Rapid,2021.0,Chennai,Petrol,Sedan,First Owner,8608.0,1.0L TSI Petrol
Automatic,Hyundai Verna,2018.0,Chennai,Petrol,Sedan,First Owner,23000.0,VTVT Petrol Engine
Manual,Nissan Terrano,2015.0,Chennai,Diesel,SUV,Third Owner,96892.0,K9K Diesel Engine
Manual,Renault Duster,2016.0,Chennai,Diesel,SUV,First Owner,75000.0,dCi THP Diesel Engine
Manual,Maruti Alto 800,2016.0,Chennai,Petrol,Hatchback,First Owner,61237.0,F8D Petrol Engine
Manual,Nissan Magnite,2021.0,Chennai,Petrol,SUV,First Owner,32806.0,HRA0 1.0 TURBO PETROL
Manual,Renault KWID,2019.0,Chennai,Petrol,Hatchback,First Owner,52138.0,Petrol Engine
Manual,Volkswagen Ameo,2016.0,Chennai,Petrol,Sedan,First Owner,37429.0,MPI Petrol Engine
Manual,Maruti Wagon R,2010.0,Chennai,Petrol,Hatchback,Second Owner,78978.0,K10B Petrol Engine
Manual,Toyota Fortuner,2012.0,Chennai,Diesel,SUV,Second Owner,100000.0,D-4D Diesel Engine
Automatic,Mercedes-Benz M-Class,2014.0,Chennai,Diesel,SUV,Second Owner,96000.0,Diesel Engine
Automatic,Skoda Kodiaq,2018.0,Chennai,Diesel,SUV,First Owner,69000.0,2.0-litre TDI Diesel Engine
Manual,Honda Brio,2015.0,Chennai,Petrol,Hatchback,First Owner,52044.0,i-VTEC Engine
Automatic,Audi A3,2019.0,Chennai,Petrol,Sedan,First Owner,37000.0,TFSI Petrol Engine
Manual,Renault Triber,2023.0,Chennai,Petrol,MUV,First Owner,8541.0,
Automatic,Skoda Rapid,2019.0,Chennai,Petrol,Sedan,Second Owner,30000.0,Petrol Engine
Automatic,Maruti Celerio X,2018.0,Chennai,Petrol,Hatchback,First Owner,44768.0,K10B Petrol Engine
Manual,Ford Ecosport,2020.0,Chennai,Petrol,SUV,First Owner,27062.0,Ti-VCT Petrol Engine
Manual,Hyundai Verna,2018.0,Chennai,Petrol,Sedan,First Owner,46973.0,VTVT Petrol Engine
Manual,Volkswagen Virtus,2022.0,Chennai,Petrol,Sedan,First Owner,22239.0,1.0L TSI
Manual,Tata Nexon,2021.0,Chennai,Petrol,SUV,First Owner,16455.0,1.2l Turbocharged Revotron Engine
Automatic,BMW 5 Series,2021.0,Chennai,Diesel,Sedan,First Owner,20000.0,TwinPower Turbo Inline 4 Cylinder Engine
Automatic,Tata Altroz,2022.0,Chennai,Petrol,Hatchback,First Owner,5107.0,1.2 L Revotron
Manual,Hyundai Grand i10 Nios,2022.0,Chennai,Petrol,Hatchback,First Owner,34000.0,1.2 Kappa petrol
Automatic,Jeep Compass,2018.0,Chennai,Petrol,SUV,First Owner,88923.0,1.4-Litre 4-Cyl Multiair Engine
Manual,Maruti Wagon R,2013.0,Chennai,Petrol,Hatchback,Second Owner,94581.0,K Series Petrol Engine
Automatic,Land Rover Discovery,2017.0,Chennai,Diesel,SUV,First Owner,71000.0,3.0L TD6 Diesel Engine
Manual,Hyundai i20,2021.0,Chennai,Petrol,Hatchback,First Owner,30924.0,1.0 l Turbo GDi petrol
Manual,Maruti Alto K10,2011.0,Chennai,Petrol,Hatchback,Second Owner,58747.0,K Series Petrol Engine
Manual,Maruti Alto,2012.0,Chennai,Petrol,Hatchback,First Owner,63697.0,In-Line Engine
Manual,Honda WR-V,2017.0,Chennai,Diesel,SUV,First Owner,53000.0,i-DTEC Diesel Engine
Manual,Ford Ecosport,2016.0,Chennai,Diesel,SUV,First Owner,43000.0,TDCi Diesel Engine
Automatic,Toyota Camry,2020.0,Chennai,Petrol,Sedan,First Owner,21000.0,2.5 Gasoline Hybrid Petrol Engine
Manual,Honda Amaze,2013.0,Chennai,Diesel,Sedan,Second Owner,108513.0,i-DTEC Diesel Engine
Automatic,Skoda Rapid,2015.0,Chennai,Diesel,Sedan,First Owner,91000.0,Diesel Engine
Automatic,Lexus ES,2018.0,Chennai,Petrol,Sedan,First Owner,37000.0,"A25B-FXS, 4 Cylinders In-line Petrol Eng"
Manual,Honda WR-V,2021.0,Chennai,Diesel,SUV,First Owner,71721.0,i-DTEC
Manual,Renault KWID,2019.0,Chennai,Petrol,Hatchback,First Owner,39276.0,Petrol Engine
Automatic,Jaguar XF,2014.0,Chennai,Diesel,Sedan,First Owner,35000.0,Diesel Engine
Automatic,Maruti Vitara Brezza,2019.0,Chennai,Diesel,SUV,First Owner,85616.0,DDiS 200 Diesel Engine
Manual,Toyota Etios,2016.0,Chennai,Petrol,Sedan,First Owner,56380.0,Petrol Engine
Manual,Hyundai i20,2009.0,Chennai,Petrol,Hatchback,Third Owner,83000.0,In-Line Engine
Manual,Maruti Vitara Brezza,2016.0,Chennai,Diesel,SUV,First Owner,66211.0,DDiS 200 Diesel Engine
Automatic,Audi A3,2019.0,Chennai,Petrol,Sedan,First Owner,37000.0,TFSI Petrol Engine
Manual,Hyundai Grand i10,2016.0,Chennai,Petrol,Hatchback,First Owner,60662.0,Kappa VTVT Petrol Engine
Automatic,Tata Punch,2021.0,Chennai,Petrol,SUV,First Owner,24140.0,1.2 l Revotron Engine
Automatic,Audi A6,2015.0,Chennai,Petrol,Sedan,First Owner,56000.0,In Line Petrol Engine
Automatic,Audi Q3,2017.0,Chennai,Petrol,SUV,First Owner,47000.0,TFSI Petrol Engine
Automatic,Audi Q3,2016.0,Chennai,Diesel,SUV,First Owner,54700.0,TDI Quattro Diesel Engine
Automatic,Hyundai i20,2021.0,Chennai,Petrol,Hatchback,First Owner,27000.0,1.0 l Turbo GDi petrol
Manual,Chevrolet Beat,2013.0,Chennai,Diesel,Hatchback,Second Owner,63000.0,Smartech Engine
Automatic,BMW X1,2019.0,Chennai,Diesel,SUV,First Owner,65000.0,Diesel Engine
Automatic,Audi A6,2013.0,Chennai,Diesel,Sedan,Fourth Owner,81000.0,V-Type Diesel Engine
Automatic,Mercedes-Benz GL-Class,2014.0,Chennai,Diesel,SUV,Second Owner,94000.0,V-Type Diesel Engine
Automatic,Kia Carens,2022.0,Chennai,Petrol,MUV,First Owner,11000.0,Smartstream G1.4 T-GDi
Automatic,Volkswagen Virtus,2022.0,Chennai,Petrol,Sedan,First Owner,12901.0,1.0L TSI
Automatic,Datsun GO,2019.0,Chennai,Petrol,Hatchback,First Owner,29708.0,Naturally Aspirated 12V
Automatic,MG Astor,2021.0,Chennai,Petrol,SUV,First Owner,22186.0,VTi-TECH
Manual,Datsun GO Plus,2019.0,Chennai,Petrol,MUV,First Owner,71413.0,Naturally Aspirated 12V DOHC EFI
Manual,Hyundai i20,2011.0,Chennai,Petrol,Hatchback,Third Owner,50046.0,In-Line Engine
Automatic,Kia Seltos,2019.0,Chennai,Petrol,SUV,First Owner,57600.0,
Manual,Datsun GO,2019.0,Chennai,Petrol,Hatchback,Second Owner,46116.0,Naturally Aspirated 12V DOHC EFI
Automatic,Audi Q2,2020.0,Chennai,Petrol,SUV,First Owner,11700.0,2.0 L 40 TFS
Automatic,Tata New Safari,2021.0,Chennai,Diesel,SUV,First Owner,24602.0,Kryotec 2.0 L Turbocharged Engine
Manual,Volkswagen Polo,2018.0,Chennai,Petrol,Hatchback,First Owner,81454.0,MPI Petrol Engine
Automatic,BMW 3 Series,2022.0,Chennai,Petrol,Sedan,First Owner,6000.0,TwinPower Turbo 4 Cylinder Petrol Engine
Automatic,Ford Ecosport,2019.0,Chennai,Petrol,SUV,First Owner,37655.0,Ti-VCT Petrol Engine
Automatic,Audi A4,2013.0,Chennai,Diesel,Sedan,Second Owner,73000.0,TDI Diesel Engine
Manual,Volkswagen Vento,2017.0,Chennai,Petrol,Sedan,First Owner,15100.0,MPI Petrol Engine
Automatic,Audi Q3,2016.0,Chennai,Diesel,SUV,Second Owner,70000.0,TDI Quattro Diesel Engine
Automatic,Audi Q3,2016.0,Chennai,Diesel,SUV,Second Owner,75000.0,TDI Quattro Diesel Engine
Automatic,Audi Q3,2022.0,Chennai,Petrol,SUV,,15000.0,40 TFSI quattro S tronic
Manual,Kia Sonet,2020.0,Chennai,Petrol,SUV,First Owner,23700.0,Smartstream G1.0 T - GDi
Manual,Renault Kiger,2022.0,Chennai,Petrol,SUV,,7087.0,1.0L Turbo
Manual,Hyundai Grand i10 Nios,2020.0,Chennai,Petrol,Hatchback,First Owner,40000.0,1.2 Kappa petrol
Manual,Renault KWID,2016.0,Chennai,Petrol,Hatchback,Second Owner,58155.0,Petrol Engine
Automatic,Ford Ecosport,2020.0,Chennai,Petrol,SUV,Third Owner,30015.0,Ti-VCT Petrol Engine
Automatic,Hyundai Aura,2022.0,Chennai,Petrol,Sedan,First Owner,5239.0,1.2 l Kappa dual petrol
Manual,Hyundai i10,2011.0,Chennai,Petrol,Hatchback,Second Owner,62606.0,Kappa Petrol Engine
Manual,Tata Tiago,2017.0,Chennai,Petrol,Hatchback,First Owner,65287.0,Revotron Engine
Automatic,Audi A3,2019.0,Chennai,Diesel,Sedan,Second Owner,12000.0,TDI Diesel Engine
Automatic,Maruti Ciaz,2018.0,Chennai,Diesel,Sedan,First Owner,50267.0,DDIS 200 Engine
Automatic,Maruti Alto K10,2015.0,Chennai,Petrol,Hatchback,First Owner,87277.0,K Series Petrol Engine
Manual,Maruti SX4 S Cross,2021.0,Chennai,Petrol,SUV,First Owner,11323.0,K15B Smart Hybrid
Automatic,Maruti Celerio,2016.0,Chennai,Petrol,Hatchback,First Owner,90487.0,K10C
Manual,Maruti Zen Estilo,2010.0,Chennai,Petrol,Hatchback,First Owner,55405.0,K Series Petrol Engine
Automatic,BMW 3 Series Gran Limousine,2022.0,Chennai,Diesel,Sedan,First Owner,15000.0,2.0L Turbo Diesel
Manual,Mahindra TUV 300,2017.0,Chennai,Diesel,SUV,First Owner,31450.0,mHawk 100 Diesel Engine
Automatic,Audi Q3,2013.0,Chennai,Diesel,SUV,First Owner,90000.0,TDI Diesel Engine
Automatic,Mercedes-Benz C-Class,2012.0,Chennai,Petrol,Sedan,Second Owner,36000.0,In Line Engine
Automatic,Audi Q3,2017.0,Chennai,Diesel,SUV,Second Owner,40000.0,TDI Quattro Diesel Engine
Automatic,Honda CR-V,2017.0,Chennai,Petrol,SUV,First Owner,95000.0,i-VTEC Petrol Engine
Manual,Hyundai i20,2010.0,Chennai,Petrol,Hatchback,Second Owner,107280.0,In-Line Engine
Manual,Nissan Kicks,2019.0,Chennai,Diesel,SUV,First Owner,45700.0,1.5 K9K Diesel
Manual,Fiat Punto,2013.0,Chennai,Diesel,Hatchback,First Owner,74686.0,MULTIJET
Manual,Maruti Celerio,2018.0,Chennai,Petrol,Hatchback,First Owner,119004.0,K10C
Manual,Hyundai Venue,2019.0,Chennai,Diesel,SUV,First Owner,117079.0,
Manual,Honda Jazz,2017.0,Chennai,Petrol,Hatchback,First Owner,35000.0,i-VTEC Petrol Engine
Manual,Hyundai Santro Xing,2012.0,Chennai,Petrol,Hatchback,First Owner,76730.0,Petrol Engine
Manual,Hyundai Venue,2022.0,Chennai,Petrol,SUV,First Owner,21123.0,Kappa 1.0 L Turbo GDi Petrol
Automatic,Toyota Corolla Altis,2014.0,Chennai,Petrol,Sedan,First Owner,98000.0,2ZR-FE Petrol Engine
Manual,Tata Tiago,2018.0,Chennai,Petrol,Hatchback,First Owner,69684.0,Revotron Engine
Automatic,Renault Duster,2020.0,Chennai,Petrol,SUV,First Owner,16600.0,1.3L Turbo Petrol Engine
Manual,Volkswagen Vento,2016.0,Chennai,Petrol,Sedan,Second Owner,90403.0,MPI Petrol Engine
Manual,Volkswagen Polo,2016.0,Chennai,Diesel,Hatchback,Third Owner,81009.0,TDI Diesel Engine
Manual,Volkswagen Taigun,2021.0,Chennai,Petrol,SUV,First Owner,16500.0,1.5L TSI EVO with ACT
Manual,Tata Tiago,2017.0,Chennai,Diesel,Hatchback,Second Owner,84741.0,Revotorq Engine
Manual,Mahindra TUV 300 Plus,2018.0,Chennai,Diesel,SUV,First Owner,51122.0,mHawk 120 Diesel Engine
Automatic,Mercedes-Benz E-Class,2016.0,Chennai,Diesel,Sedan,Second Owner,60000.0,In-Line Diesel Engine
Manual,Ford Figo,2010.0,Chennai,Diesel,Hatchback,Fourth Owner,96094.0,Duratorq Diesel Engine
Automatic,Maruti Swift,2018.0,Chennai,Petrol,Hatchback,First Owner,42891.0,VTVT Engine
Manual,Renault Duster,2018.0,Chennai,Diesel,SUV,First Owner,59100.0,dCi THP Diesel Engine
Automatic,Tata Nexon,2018.0,Chennai,Petrol,SUV,First Owner,55913.0,Revotron 1.2L Turbocharged engine
Automatic,Volkswagen Tiguan,2017.0,Chennai,Diesel,SUV,First Owner,65000.0,Common Rail Direct Injection
Automatic,BMW 3 Series GT,2019.0,Chennai,Diesel,Sedan,First Owner,60000.0,TwinPower Turbo 4-Cylinder Diesel Engine
Automatic,Kia Seltos,2022.0,Delhi,Diesel,SUV,First Owner,10000.0,1.5 L CRDi VGT
Manual,Hyundai Creta,2016.0,Delhi,Petrol,SUV,Second Owner,57437.0,VTVT Petrol Engine
Automatic,Mercedes-Benz GLC,2020.0,Delhi,Petrol,SUV,First Owner,8000.0,M 264 petrol engine
Manual,Maruti Swift,2018.0,Delhi,Petrol,Hatchback,Second Owner,28151.0,K Series Dual jet
Manual,Hyundai Creta,2017.0,Delhi,Petrol,SUV,First Owner,60000.0,VTVT Petrol Engine
Manual,Kia Sonet,2021.0,Delhi,Petrol,SUV,First Owner,20000.0,SMARTSTREAM G1.2
Manual,Hyundai Aura,2021.0,Delhi,CNG,Sedan,First Owner,42682.0,1.2 l Bi-fuel
Manual,Volkswagen Polo,2017.0,Delhi,Petrol,Hatchback,First Owner,44653.0,MPI Petrol Engine
Manual,Hyundai Grand i10 Nios,2022.0,Delhi,CNG,Hatchback,First Owner,7000.0,1.2 Bi-Fuel
Manual,Maruti Baleno,2019.0,Delhi,Petrol,Hatchback,First Owner,67823.0,1.2L VVT Engine
Automatic,Honda Brio,2014.0,Delhi,Petrol,Hatchback,First Owner,50000.0,i-VTEC Engine
Manual,Nissan Kicks,2019.0,Delhi,Diesel,SUV,First Owner,97055.0,1.5 K9K Diesel
Automatic,Toyota Camry,2017.0,Delhi,Petrol,Sedan,First Owner,114000.0,2AR-FXE Petrol Engine
Manual,Kia Sonet,2022.0,Delhi,Diesel,SUV,First Owner,24000.0,1.5L CRDi WGT
Automatic,BMW 5 Series,2016.0,Delhi,Diesel,Sedan,First Owner,30000.0,Diesel Engine
Automatic,Mini Cooper SE,2023.0,Delhi,Electric,Hatchback,First Owner,6000.0,
Manual,Toyota Innova Crysta,2022.0,Delhi,Petrol,MUV,First Owner,7000.0,2.7 L Dual VVT
Automatic,MG Gloster,2021.0,Delhi,Diesel,SUV,First Owner,34000.0,Diesel 2.0 Twin Turbo
Automatic,BMW X1,2013.0,Delhi,Diesel,SUV,First Owner,29000.0,sDrive20d Diesel Engine
Automatic,Mercedes-Benz GLC,2020.0,Delhi,Petrol,SUV,First Owner,38000.0,M 264 petrol engine
Manual,Tata Safari Storme,2013.0,Delhi,Diesel,SUV,First Owner,150000.0,VTT VariCOR Diesel Engine
Manual,Hyundai Venue,2019.0,Delhi,Diesel,SUV,First Owner,83329.0,
Manual,Maruti Zen Estilo,2008.0,Delhi,Petrol,Hatchback,First Owner,43000.0,"1.1L, 4-Cyl, F10D Petrol"
Manual,Hyundai Grand i10 Nios,2022.0,Delhi,Petrol,Hatchback,First Owner,8000.0,1.2 Kappa petrol
Automatic,Skoda Kushaq,2021.0,Delhi,Petrol,SUV,First Owner,11404.0,1.0 TSI Petrol Engine
Manual,Hyundai Creta,2019.0,Delhi,Petrol,SUV,Second Owner,70000.0,VTVT Petrol Engine
Manual,Tata Altroz,2023.0,Delhi,Diesel,Hatchback,First Owner,23000.0,1.5 l Turbocharged Revotorq
Manual,Maruti Ignis,2022.0,Delhi,Petrol,Hatchback,First Owner,19044.0,VVT
Automatic,BMW 7 Series,2017.0,Delhi,Petrol,Sedan,First Owner,23500.0,TwinPower Turbo Inline 6 Cylinder Engine
Manual,Hyundai Creta,2019.0,Delhi,Petrol,SUV,First Owner,17367.0,VTVT Petrol Engine
Manual,Kia Seltos,2020.0,Delhi,Diesel,SUV,First Owner,3800.0,1.5 L CRDi VGT
Automatic,BMW 3 Series GT,2017.0,Delhi,Petrol,Sedan,First Owner,45000.0,TwinPower Turbo 4-Cylinder Petrol Engine
Automatic,Hyundai Grand i10,2014.0,Delhi,Petrol,Hatchback,Second Owner,43124.0,Kappa VTVT Petrol Engine
Manual,Mahindra XUV500,2020.0,Delhi,Diesel,SUV,First Owner,20000.0,mHawk155 Diesel Engine
Automatic,Hyundai Creta,2017.0,Delhi,Diesel,SUV,First Owner,60000.0,U2 CRDI VGT Engine
Manual,Maruti Baleno,2018.0,Delhi,Petrol,Hatchback,First Owner,36000.0,1.2L VVT Engine
Automatic,Hyundai Grand i10,2015.0,Delhi,Petrol,Hatchback,First Owner,44559.0,Kappa VTVT Petrol Engine
Manual,MG Hector Plus,2022.0,Delhi,Petrol,SUV,First Owner,10000.0,1.5L Turbocharged Intercooled
Manual,Tata Altroz,2021.0,Delhi,Petrol,Hatchback,First Owner,37587.0,1.2 l Revotron
Manual,Honda Amaze,2016.0,Delhi,Petrol,Sedan,First Owner,90000.0,i-VTEC Petrol Engine
Manual,Hyundai i10,2010.0,Delhi,Petrol,Hatchback,First Owner,73786.0,Petrol Engine
Automatic,Toyota Corolla Altis,2009.0,Delhi,Petrol,Sedan,First Owner,50000.0,DOHC Dual VVT-i Petrol En
Manual,Maruti Swift,2018.0,Delhi,Petrol,Hatchback,First Owner,22000.0,VTVT Engine
Automatic,Maruti Baleno,2019.0,Delhi,Petrol,Hatchback,First Owner,38103.0,1.2L VVT Engine
Manual,Maruti Ignis,2022.0,Delhi,Petrol,Hatchback,First Owner,15000.0,VVT
Automatic,Toyota Innova Crysta,2018.0,Delhi,Diesel,MUV,First Owner,69000.0,1-GD FTV Engine
Manual,Hyundai Grand i10,2013.0,Delhi,Petrol,Hatchback,Second Owner,48327.0,Kappa VTVT Petrol Engine
Manual,Maruti Zen Estilo,2008.0,Delhi,Petrol,Hatchback,First Owner,40000.0,"1.1L, 4-Cyl, F10D Petrol"
Manual,Kia Seltos,2020.0,Delhi,Petrol,SUV,First Owner,38967.0,Smartstream G1.4
Manual,Kia Seltos,2020.0,Delhi,Diesel,SUV,First Owner,50000.0,1.5 L CRDi VGT
Manual,Maruti Baleno,2016.0,Delhi,Petrol,Hatchback,First Owner,33000.0,1.2L VVT Engine
Manual,Toyota Etios,2014.0,Delhi,Petrol,Sedan,First Owner,70000.0,Petrol Engine
Manual,Maruti Wagon R,2006.0,Delhi,Petrol,Hatchback,Third Owner,120000.0,K Series Petrol Engine
Automatic,Isuzu MU-X,2018.0,Delhi,Diesel,SUV,First Owner,72000.0,Isuzu Ddi VGS TurboEngine
Manual,Hyundai Creta,2017.0,Delhi,Petrol,SUV,First Owner,58511.0,VTVT Petrol Engine
Manual,Maruti Swift Dzire,2014.0,Delhi,Diesel,Sedan,First Owner,60000.0,DDiS Diesel Engine
Manual,Mahindra Scorpio,2019.0,Delhi,Diesel,SUV,Third Owner,40000.0,mHawk Diesel Engine
Manual,Maruti Swift,2019.0,Delhi,Petrol,Hatchback,First Owner,43500.0,VTVT Engine
Manual,Maruti Swift Dzire,2019.0,Delhi,Petrol,Sedan,First Owner,68192.0,In-Line Engine
Manual,Mahindra XUV500,2017.0,Delhi,Diesel,SUV,Third Owner,100000.0,mHawk Diesel Engine
Manual,Honda Jazz,2015.0,Delhi,Diesel,Hatchback,First Owner,74872.0,i-DTEC Diesel Engine
Manual,Toyota Innova Crysta,2019.0,Delhi,Diesel,MUV,First Owner,47000.0,2.4L Diesel Engine
Manual,Maruti Brezza,2022.0,Delhi,Petrol,SUV,First Owner,9000.0,K15C Smart Hybrid
Manual,Volkswagen Polo,2019.0,Delhi,Petrol,Hatchback,First Owner,31000.0,MPI Petrol Engine
Manual,Tata Tiago,2018.0,Delhi,Petrol,Hatchback,Second Owner,33709.0,Revotron Engine
Manual,Maruti Ignis,2018.0,Delhi,Petrol,Hatchback,First Owner,123617.0,1.2-Litre VVT Petrol Engine
Automatic,Audi A6,2015.0,Delhi,Diesel,Sedan,First Owner,31000.0,TDI Diesel Engine
Manual,Hyundai Santro,2019.0,Delhi,CNG,Hatchback,First Owner,45000.0,
Manual,Maruti Wagon R,2014.0,Delhi,CNG,Hatchback,First Owner,82000.0,K10B Petrol Engine
Automatic,Maruti Celerio,2015.0,Delhi,Petrol,Hatchback,First Owner,36400.0,K10B Engine
Automatic,Mercedes-Benz S-Class,2017.0,Delhi,Diesel,Sedan,Second Owner,75000.0,L6 Diesel Engine
Manual,Honda Brio,2013.0,Delhi,Petrol,Hatchback,First Owner,69000.0,i-VTEC Engine
Manual,Fiat Linea,2015.0,Delhi,Diesel,Sedan,First Owner,110000.0,Advanced Multijet Diesel 
Automatic,Nissan Terrano,2016.0,Delhi,Diesel,SUV,First Owner,62500.0,K9K Diesel Engine
Manual,Renault KWID,2021.0,Delhi,Petrol,Hatchback,First Owner,20000.0,0.8 SCe
Manual,Honda City,2014.0,Delhi,Petrol,Sedan,Second Owner,70307.0,i VTEC Engine
Automatic,Audi Q5,2015.0,Delhi,Diesel,SUV,First Owner,50000.0,TDI Quattro Engine 
Manual,Maruti Ignis,2020.0,Delhi,Petrol,Hatchback,First Owner,30000.0,1.2-Litre VVT Petrol Engine
Automatic,BMW X5,2017.0,Delhi,Diesel,SUV,First Owner,65000.0,Diesel Engine
Manual,Maruti Ignis,2022.0,Delhi,Petrol,Hatchback,Second Owner,4108.0,VVT
Manual,Hyundai i20,2020.0,Delhi,Petrol,Hatchback,First Owner,40000.0,Kappa VTVT Petrol Engine
Manual,Hyundai i10,2012.0,Delhi,Petrol,Hatchback,First Owner,91926.0,Kappa Petrol Engine
Automatic,Mercedes-Benz E-Class,2014.0,Delhi,Diesel,Sedan,First Owner,40000.0,In-Line Diesel Engine
Manual,Maruti Ertiga,2021.0,Delhi,CNG,MUV,First Owner,40000.0,K15B
Manual,Maruti Baleno,2019.0,Delhi,Petrol,Hatchback,First Owner,60000.0,VVT Petrol Engine
Manual,Toyota Glanza,2021.0,Delhi,Petrol,Hatchback,First Owner,23200.0,Petrol Engine
Automatic,Kia Seltos,2021.0,Delhi,Diesel,SUV,First Owner,36000.0,1.5 L CRDi VGT
Manual,Hyundai Grand i10,2015.0,Delhi,Petrol,Hatchback,First Owner,50000.0,Kappa VTVT Petrol Engine
Manual,Jeep Compass,2017.0,Delhi,Diesel,SUV,First Owner,39000.0,2.0-Litre 4-Cyl Multijet II Engine
Automatic,Maruti Baleno,2016.0,Delhi,Petrol,Hatchback,First Owner,55000.0,VVT Petrol Engine
Manual,Tata Altroz,2020.0,Delhi,Petrol,Hatchback,First Owner,55000.0,1.2 l Revotron
Manual,Renault Triber,2019.0,Delhi,Petrol,MUV,First Owner,24777.0,
Manual,Maruti Vitara Brezza,2016.0,Delhi,Diesel,SUV,First Owner,50000.0,DDiS 200 Diesel Engine
Automatic,Jeep Wrangler,2021.0,Delhi,Petrol,SUV,First Owner,15000.0,2.0L GME T4 DI TC
Manual,Maruti Swift Dzire,2012.0,Delhi,Petrol,Sedan,Second Owner,50854.0,
Automatic,Audi A6,2014.0,Delhi,Diesel,Sedan,First Owner,134000.0,TDI Diesel Engine 
Automatic,MG Gloster,2021.0,Delhi,Diesel,SUV,First Owner,33000.0,Diesel 2.0 Twin Turbo
Automatic,Hyundai Elantra,2019.0,Delhi,Petrol,Sedan,First Owner,34000.0,Nu 2.0 MPi Petrol Engine
Manual,Maruti Swift Dzire,2014.0,Delhi,Petrol,Sedan,First Owner,52515.0,
Manual,Toyota Innova Crysta,2020.0,Delhi,Petrol,MUV,First Owner,45000.0,2.7L Dual VVT
Automatic,Audi A6,2015.0,Delhi,Diesel,Sedan,First Owner,59000.0,In Line Diesel Engine
Manual,Fiat Linea,2009.0,Delhi,Petrol,Sedan,Second Owner,29582.0,Front Wheel Drive
Manual,Mahindra Scorpio N,2023.0,Delhi,Petrol,SUV,First Owner,10000.0,mStallion
Automatic,Toyota Corolla Altis,2017.0,Delhi,Petrol,Sedan,First Owner,41000.0,2ZR-FE Petrol Engine
Manual,Renault KWID,2017.0,Delhi,Petrol,Hatchback,Second Owner,57806.0,Petrol Engine
Automatic,Honda City,2019.0,Delhi,Petrol,Sedan,First Owner,20000.0,i VTEC Engine
Manual,Datsun RediGO,2018.0,Delhi,Petrol,Hatchback,First Owner,66227.0,0.8L Petrol Engine
Manual,Hyundai i10,2010.0,Delhi,Petrol,Hatchback,Third Owner,100000.0,IRDE2 Engine
Automatic,Tata Tiago,2019.0,Delhi,Petrol,Hatchback,Second Owner,43220.0,Revotron Engine
Manual,Hyundai Xcent,2015.0,Delhi,Petrol,Sedan,First Owner,100000.0,Kappa VTVT Petrol Engine
Manual,Renault KWID,2018.0,Delhi,Petrol,Hatchback,Second Owner,13500.0,Petrol Engine
Manual,Tata Tigor,2016.0,Delhi,Petrol,Sedan,Second Owner,60000.0,Revotron Engine
Manual,Maruti Baleno,2016.0,Delhi,Petrol,Hatchback,First Owner,43929.0,VVT Petrol Engine
Manual,Maruti Wagon R,2017.0,Delhi,Petrol,Hatchback,First Owner,70000.0,K10B Petrol Engine
Manual,Mahindra XUV500,2018.0,Delhi,Diesel,SUV,Second Owner,70000.0,mHawk Diesel Engine
Manual,Maruti Baleno,2020.0,Delhi,Petrol,Hatchback,First Owner,50000.0,1.2L VVT Engine
Manual,Hyundai i10,2010.0,Delhi,Petrol,Hatchback,Third Owner,100000.0,IRDE2 Engine
Manual,Renault KWID,2018.0,Delhi,Petrol,Hatchback,First Owner,34250.0,Petrol Engine
Manual,Honda Brio,2012.0,Delhi,Petrol,Hatchback,Second Owner,90000.0,i-VTEC Engine
Manual,Hyundai Grand i10 Nios,2020.0,Delhi,CNG,Hatchback,First Owner,64847.0,1.2 Kappa petrol
Manual,Hyundai Creta,2021.0,Delhi,Diesel,SUV,First Owner,50000.0,1.5 L U2 CRDi Diesel
Manual,Honda Brio,2012.0,Delhi,Petrol,Hatchback,Second Owner,90000.0,i-VTEC Engine
Manual,Hyundai i10,2015.0,Delhi,Petrol,Hatchback,First Owner,62150.0,IRDE2 Engine
Automatic,Maruti Ignis,2018.0,Delhi,Petrol,Hatchback,First Owner,41200.0,1.2-Litre VVT Petrol Engine
Automatic,Ford Ecosport,2018.0,Delhi,Petrol,SUV,First Owner,67000.0,Ti-VCT Petrol Engine
Manual,Hyundai EON,2011.0,Delhi,Petrol,Hatchback,Second Owner,41705.0,Petrol Engine
Automatic,Mahindra Thar,2021.0,Delhi,Petrol,SUV,First Owner,9000.0,mStallion 150 TGDi Engine
Automatic,Mercedes-Benz GLA Class,2019.0,Delhi,Petrol,SUV,First Owner,27120.0,2.0-litre Petrol Engine
Manual,Maruti Swift,2014.0,Delhi,Diesel,Hatchback,First Owner,120000.0,DDiS Diesel Engine
Manual,Maruti Swift,2017.0,Delhi,Petrol,Hatchback,First Owner,55000.0,K Series VVT Engine
Manual,Hyundai Creta,2017.0,Delhi,Petrol,SUV,First Owner,69000.0,VTVT Petrol Engine
Manual,Hyundai i10,2009.0,Delhi,Petrol,Hatchback,Second Owner,90000.0,Petrol Engine
Manual,Toyota Glanza,2019.0,Delhi,Petrol,Hatchback,First Owner,40000.0,Petrol Engine
Automatic,Maruti Vitara Brezza,2021.0,Delhi,Petrol,SUV,First Owner,18432.0,K15B ISG Petrol Engine
Manual,Honda Amaze,2016.0,Delhi,Petrol,Sedan,First Owner,43584.0,i-VTEC Petrol Engine
Manual,Maruti Baleno,2017.0,Delhi,Petrol,Hatchback,First Owner,17665.0,VVT Petrol Engine
Manual,Ford Ecosport,2017.0,Delhi,Diesel,SUV,Second Owner,70000.0,TDCi Diesel Engine
Manual,Tata Tigor,2022.0,Delhi,Petrol,Sedan,First Owner,10203.0,1.2L Revotron Engine
Manual,Hyundai Grand i10,2015.0,Delhi,Petrol,Hatchback,Second Owner,70000.0, Kappa VTVT Petrol Engine
Manual,Honda City,2015.0,Delhi,Petrol,Sedan,First Owner,63000.0,SOHC i-VTEC
Manual,Volkswagen Polo,2013.0,Delhi,Petrol,Hatchback,Second Owner,45244.0,In-Line Engine
Manual,Hyundai i10,2009.0,Delhi,Petrol,Hatchback,Second Owner,80000.0,Petrol Engine
Manual,Maruti Baleno,2016.0,Delhi,Petrol,Hatchback,Second Owner,77611.0,VVT Petrol Engine
Manual,Hyundai Creta,2016.0,Delhi,Petrol,SUV,First Owner,68000.0,VTVT Petrol Engine
Manual,Maruti A-Star,2012.0,Delhi,Petrol,Hatchback,First Owner,110000.0,K Series Petrol Engine
Manual,Honda City,2021.0,Delhi,Petrol,Sedan,First Owner,30000.0,i-VTEC
Automatic,Toyota Innova Crysta,2022.0,Delhi,Petrol,MUV,First Owner,15000.0,2.7 L Dual VVT
Manual,Honda City,2014.0,Delhi,Petrol,Sedan,First Owner,67000.0,SOHC i-VTEC
Manual,Mitsubishi Pajero,2014.0,Delhi,Diesel,SUV,First Owner,70000.0,DI-Diesel Engine
Manual,Maruti Swift,2017.0,Delhi,Petrol,Hatchback,Second Owner,34568.0,K Series VVT Engine
Automatic,Mahindra XUV700,2022.0,Delhi,Petrol,SUV,First Owner,10000.0,2.0L Turbo Petrol
Manual,Volkswagen Polo,2017.0,Delhi,Petrol,Hatchback,First Owner,54101.0,MPI Petrol Engine
Manual,Toyota Etios Cross,2015.0,Delhi,Diesel,Hatchback,First Owner,120000.0,D-4D Diesel Engine
Manual,Honda Amaze,2016.0,Delhi,Petrol,Sedan,First Owner,67000.0,i-VTEC Petrol Engine
Automatic,Volkswagen Vento,2016.0,Delhi,Petrol,Sedan,Second Owner,88952.0,TSI Petrol Engine
Manual,Maruti Wagon R,2019.0,Delhi,Petrol,Hatchback,First Owner,65000.0,K12M Petrol Engine
Automatic,Honda City,2015.0,Delhi,Petrol,Sedan,Second Owner,69000.0,i VTEC Engine
Manual,Maruti Wagon R,2012.0,Delhi,Petrol,Hatchback,First Owner,50979.0,K Series Petrol Engine
Automatic,Audi A4,2014.0,Delhi,Diesel,Sedan,Second Owner,95000.0,TDI Diesel Engine
Manual,Hyundai i20,2016.0,Delhi,Petrol,Hatchback,First Owner,58696.0,Kappa VTVT Petrol Engine
Automatic,BMW X4,2022.0,Delhi,Petrol,SUV,First Owner,8000.0,
Automatic,Mercedes-Benz GLA Class,2019.0,Delhi,Diesel,SUV,First Owner,45000.0,2.2-litre Diesel Engine
Automatic,Hyundai Venue,2022.0,Delhi,Petrol,SUV,First Owner,30000.0,Kappa 1.0 L Turbo GDi Petrol
Manual,Maruti Ignis,2020.0,Delhi,Petrol,Hatchback,First Owner,44000.0,VVT
Automatic,Land Rover Defender,2023.0,Delhi,Petrol,SUV,First Owner,1600.0,2.0L Turbocharged I4
Automatic,Maruti Swift Dzire,2022.0,Delhi,Petrol,Sedan,First Owner,30000.0,
Automatic,Mahindra Thar,2022.0,Delhi,Diesel,SUV,Second Owner,35011.0,mHawk 130 Engine
Manual,Tata Nexon,2021.0,Delhi,Petrol,SUV,First Owner,18110.0,1.2l Turbocharged Revotron Engine
Manual,Mahindra XUV500,2014.0,Delhi,Diesel,SUV,First Owner,90000.0,mHawk Diesel Engine
Manual,Honda WR-V,2017.0,Delhi,Petrol,SUV,Second Owner,24349.0,i-VTEC Petrol Engine
Manual,Hyundai Creta,2019.0,Delhi,Diesel,SUV,First Owner,60000.0,U2 CRDI Engine
Manual,Hyundai i20,2017.0,Delhi,Petrol,Hatchback,First Owner,81711.0,Kappa VTVT Petrol Engine
Automatic,Land Rover Defender,2023.0,Delhi,Petrol,SUV,First Owner,101.0,2.0L Turbocharged I4
Manual,Tata Tiago,2022.0,Delhi,CNG,Hatchback,First Owner,30400.0,1.2 L i-CNG
Manual,Hyundai EON,2013.0,Delhi,Petrol,Hatchback,Second Owner,23961.0,Petrol Engine
Manual,Toyota Etios Liva,2018.0,Delhi,Petrol,Hatchback,First Owner,66300.0,Petrol Engine
Automatic,Mercedes-Benz GLC Coupe,2020.0,Delhi,Diesel,Coupe,First Owner,38000.0,Diesel Engine
Manual,Maruti Celerio X,2019.0,Delhi,Petrol,Hatchback,First Owner,20802.0,K10B Petrol Engine
Manual,Maruti Wagon R Stingray,2013.0,Delhi,Petrol,Hatchback,First Owner,54420.0,K 10B Petrol Engine
Automatic,Mercedes-Benz S-Class,2014.0,Delhi,Diesel,Sedan,Second Owner,72000.0,V-Type Engine 
Automatic,Lexus RX,2020.0,Delhi,Petrol,SUV,First Owner,19000.0,2 GR FXS
Manual,Hyundai Verna,2012.0,Delhi,Petrol,Sedan,First Owner,92000.0,VTVT Petrol Engine
Automatic,Audi A3,2019.0,Delhi,Diesel,Sedan,First Owner,24000.0,TDI Diesel Engine
Automatic,Hyundai Creta,2018.0,Delhi,Petrol,SUV,First Owner,59801.0,VTVT Petrol Engine
Automatic,Maruti Vitara Brezza,2020.0,Delhi,Petrol,SUV,First Owner,32228.0,K15B ISG Petrol Engine
Manual,Mitsubishi Outlander,2012.0,Delhi,Petrol,SUV,Third Owner,102788.0,Petrol
Manual,Honda Amaze,2018.0,Delhi,Diesel,Sedan,First Owner,88594.0,i-DTEC Diesel Engine
Automatic,Mercedes-Benz CLA,2018.0,Delhi,Petrol,Sedan,Second Owner,21000.0,In Line Petrol Engine 
Manual,Hyundai Creta,2017.0,Delhi,Diesel,SUV,Second Owner,33756.0,U2 CRDI VGT Engine
Manual,Honda WR-V,2017.0,Delhi,Petrol,SUV,First Owner,38192.0,i-VTEC Petrol Engine
Automatic,Kia Carnival,2020.0,Delhi,Diesel,MUV,First Owner,50000.0,D2.2L VGT Diesel
Manual,Honda Amaze,2017.0,Delhi,Petrol,Sedan,First Owner,97411.0,i-VTEC Petrol Engine
Automatic,Honda Jazz,2021.0,Delhi,Petrol,Hatchback,First Owner,11077.0,1.2 i-VTEC
Manual,Hyundai Creta,2020.0,Delhi,Diesel,SUV,Second Owner,55000.0,U2 CRDI VGT Engine
Automatic,Skoda Rapid,2016.0,Delhi,Petrol,Sedan,First Owner,43100.0,Petrol Engine
Manual,Ford Ecosport,2018.0,Delhi,Diesel,SUV,First Owner,82501.0,TDCi Diesel Engine
Manual,Maruti Baleno,2016.0,Delhi,Petrol,Hatchback,First Owner,91881.0,VVT Petrol Engine
Manual,Maruti Swift,2017.0,Delhi,Petrol,Hatchback,Second Owner,36000.0,K Series VVT Engine
Automatic,Maruti Baleno,2018.0,Delhi,Petrol,Hatchback,Second Owner,62479.0,VVT Petrol Engine
Manual,Mahindra Scorpio,2016.0,Delhi,Diesel,SUV,Second Owner,53000.0,mHawk Diesel Engine
Manual,Honda Brio,2013.0,Delhi,Petrol,Hatchback,Second Owner,51000.0,i-VTEC Engine
Manual,Hyundai i20,2015.0,Delhi,Petrol,Hatchback,First Owner,63774.0,Kappa VTVT Petrol Engine
Manual,Honda Amaze,2017.0,Delhi,Petrol,Sedan,First Owner,45000.0,i-VTEC Petrol Engine
Manual,Hyundai Aura,2021.0,Delhi,Petrol,Sedan,First Owner,21900.0,1.2 l Kappa dual petrol
Manual,Hyundai Verna,2016.0,Delhi,Petrol,Sedan,First Owner,27381.0,VTVT Petrol Engine
Manual,Maruti Alto 800,2017.0,Delhi,CNG,Hatchback,Second Owner,54147.0,F8D Engine
Manual,Maruti Wagon R,2020.0,Delhi,CNG,Hatchback,First Owner,56716.0,K10B Petrol Engine
Automatic,Land Rover Range Rover Sport,2017.0,Delhi,Diesel,SUV,Second Owner,68000.0,V-Type Engine
Manual,Maruti Wagon R,2015.0,Delhi,Petrol,Hatchback,Second Owner,49000.0,K10B Petrol Engine
Manual,Maruti Swift Dzire,2016.0,Delhi,Petrol,Sedan,First Owner,63000.0,K Series VVT Engine
Manual,Tata Indica V2,2011.0,Delhi,Diesel,Hatchback,First Owner,77000.0,CR4 Diesel Engine
Automatic,BMW X1,2023.0,Delhi,Diesel,SUV,First Owner,3000.0,
Automatic,Toyota Innova Crysta,2019.0,Delhi,Diesel,MUV,First Owner,54000.0,1-GD FTV Engine
Manual,Honda City,2018.0,Delhi,Petrol,Sedan,First Owner,55000.0,i VTEC Engine
Automatic,Skoda Octavia,2018.0,Delhi,Petrol,Sedan,Second Owner,50000.0,1.8TSI Petrol Engine
Automatic,Mercedes-Benz GLS,2022.0,Delhi,Petrol,SUV,First Owner,16000.0,3.0-litre petrol
Manual,Hyundai Verna,2019.0,Delhi,Petrol,Sedan,Second Owner,14598.0,VTVT Petrol Engine
Automatic,Toyota Fortuner,2015.0,Delhi,Diesel,SUV,Second Owner,96000.0,D-4D Diesel Engine
Manual,Maruti Vitara Brezza,2018.0,Delhi,Diesel,SUV,Second Owner,40190.0,DDiS 200 Diesel Engine
Automatic,Audi Q7,2022.0,Delhi,Petrol,SUV,First Owner,8000.0,3.0L V6 TFSI
Automatic,Hyundai Creta,2016.0,Delhi,Diesel,SUV,First Owner,80000.0,U2 CRDI VGT Engine
Manual,Hyundai Creta,2016.0,Delhi,Petrol,SUV,First Owner,46445.0,VTVT Petrol Engine
Manual,Toyota Innova Crysta,2022.0,Delhi,Petrol,MUV,First Owner,6000.0,2.7L Dual VVT
Automatic,BMW 6 Series,2021.0,Delhi,Petrol,Sedan,First Owner,26000.0,TwinPower Turbo inline 4-cylinder engine
Manual,Maruti Ciaz,2017.0,Delhi,Petrol,Sedan,First Owner,65083.0,k14B VVT Engine
Automatic,Mercedes-Benz M-Class,2014.0,Delhi,Diesel,SUV,Second Owner,150000.0,V-Type Diesel Engine
Automatic,Honda City,2021.0,Delhi,Petrol,Sedan,First Owner,5378.0,Water Cooled Inline i-VTEC DOHC with VTC
Automatic,Honda City,2016.0,Delhi,Petrol,Sedan,First Owner,63001.0,i VTEC Engine
Automatic,Audi A4,2014.0,Delhi,Diesel,Sedan,Second Owner,68000.0,TDI Diesel Engine
Manual,Renault Triber,2022.0,Delhi,Petrol,MUV,First Owner,15000.0,
Automatic,Audi Q5,2017.0,Delhi,Diesel,SUV,First Owner,106180.0,TDI Quattro Engine
Manual,Tata Harrier,2020.0,Delhi,Diesel,SUV,First Owner,68000.0,Kryotec 2.0 L Turbocharged Engine
Automatic,Hyundai Creta,2022.0,Delhi,Petrol,SUV,First Owner,11000.0,1.4 L Turbo GDi Petrol
Manual,Hyundai Creta,2021.0,Delhi,Petrol,SUV,First Owner,24000.0,1.5 L MPi Petrol
Manual,Honda City,2018.0,Delhi,Petrol,Sedan,First Owner,55000.0,i VTEC Engine
Manual,Mahindra Thar,2020.0,Delhi,Diesel,SUV,First Owner,12010.0,mHawk 130 Engine
Manual,Maruti Baleno,2020.0,Delhi,Petrol,Hatchback,First Owner,60665.0,1.2L VVT Engine
Manual,Hyundai Creta,2021.0,Delhi,Petrol,SUV,Second Owner,10000.0,1.5 L MPi Petrol
Manual,Maruti Ertiga,2012.0,Delhi,Diesel,MUV,Second Owner,82896.0,DDiS Diesel Engine
Automatic,Mercedes-Benz CLS-Class,2019.0,Delhi,Diesel,Coupe,Second Owner,35000.0,Diesel Engine
Automatic,Maruti Jimny,2023.0,Delhi,Petrol,SUV,First Owner,1000.0,K15B with Idle Start Stop
Manual,Honda City,2015.0,Delhi,Petrol,Sedan,First Owner,57463.0,i VTEC Engine
Manual,Hyundai Creta,2023.0,Delhi,Petrol,SUV,First Owner,3100.0,1.5 L MPi Petrol
Automatic,Volvo XC60,2020.0,Delhi,Diesel,SUV,Second Owner,25000.0,Turbo Diesel Engine
Manual,Ford Ecosport,2016.0,Delhi,Petrol,SUV,First Owner,58716.0,Ti-VCT Petrol Engine
Manual,Hyundai i20,2021.0,Delhi,Petrol,Hatchback,First Owner,27000.0,1.2 l Kappa petrol
Manual,Maruti Baleno,2017.0,Delhi,Petrol,Hatchback,First Owner,51017.0,VVT Petrol Engine
Automatic,Mini Cooper Clubman,2020.0,Delhi,Petrol,Hatchback,First Owner,25000.0,2.0-Litre 4-Cyl Turbocharged
Automatic,Land Rover Discovery,2017.0,Delhi,Petrol,SUV,Second Owner,33000.0,2.0L SD4 Diesel Engine
Manual,Maruti Baleno,2022.0,Delhi,Petrol,Hatchback,First Owner,17000.0,1.2 L K Series Engine
Automatic,Toyota Fortuner,2014.0,Delhi,Diesel,SUV,First Owner,95000.0,D-4D Diesel Engine
Automatic,Mercedes-Benz GLE,2020.0,Delhi,Diesel,SUV,Second Owner,15000.0,V Type Engine
Automatic,Maruti Ciaz,2016.0,Delhi,Petrol,Sedan,First Owner,49000.0,k14B VVT Engine
Automatic,Audi A4,2015.0,Delhi,Petrol,Sedan,Second Owner,34000.0,TFSI Petrol Engine
Manual,Maruti Swift Dzire,2013.0,Delhi,Petrol,Sedan,First Owner,70000.0,K Series VVT Engine
Manual,Kia Sonet,2020.0,Delhi,Petrol,SUV,First Owner,29100.0,Smartstream G1.0 T - GDi
Manual,Tata Tigor,2018.0,Delhi,Petrol,Sedan,First Owner,57116.0,Revotron Engine
Manual,Hyundai EON,2016.0,Delhi,Petrol,Hatchback,First Owner,56000.0,Petrol Engine
Manual,Honda WR-V,2021.0,Delhi,Petrol,SUV,First Owner,9343.0,i-VTEC
Automatic,Audi A6,2021.0,Delhi,Petrol,Sedan,Second Owner,15000.0,In Line Petrol Engine
Manual,Toyota Fortuner,2022.0,Delhi,Diesel,SUV,First Owner,13000.0,2.8 L Diesel engine
Automatic,Hyundai Creta,2017.0,Delhi,Petrol,SUV,Second Owner,90347.0,VTVT Petrol Engine
Automatic,Mercedes-Benz S-Class,2021.0,Delhi,Diesel,Sedan,First Owner,36000.0,L6 Diesel Engine
Automatic,BMW X1,2017.0,Delhi,Diesel,SUV,First Owner,60000.0,sDrive20d Diesel Engine
Manual,Ford Aspire,2019.0,Delhi,Petrol,Sedan,First Owner,64668.0,Ti-VCT Petrol Engine
Automatic,MG Gloster,2023.0,Delhi,Diesel,SUV,,7800.0,DIESEL 2.0L TWIN TURBO
Manual,Honda City,2014.0,Delhi,Petrol,Sedan,First Owner,87313.0,i VTEC Engine
Automatic,Volvo XC60,2018.0,Delhi,Diesel,SUV,Second Owner,60000.0,Turbo Diesel Engine
Manual,Honda Jazz,2015.0,Delhi,Petrol,Hatchback,First Owner,39000.0,i-VTEC Petrol Engine
Automatic,MG Hector Plus,2021.0,Delhi,Petrol,SUV,First Owner,18000.0,1.5L Turbocharged Intercooled
Automatic,Land Rover Discovery Sport,2020.0,Delhi,Diesel,SUV,Second Owner,18000.0,Diesel Engine
Automatic,Lexus RX,2016.0,Delhi,Petrol,SUV,First Owner,11000.0,2 GR FXS
Automatic,Jeep Wrangler,2021.0,Delhi,Petrol,SUV,First Owner,30000.0,2.0L GME T4 DI TC
Automatic,Mercedes-Benz GLA Class,2018.0,Delhi,Diesel,SUV,First Owner,8000.0,2.2-litre Diesel Engine
Automatic,Mercedes-Benz E-Class,2017.0,Delhi,Petrol,Sedan,First Owner,57000.0,In-Line Petrol Engine
Automatic,Audi Q7,2016.0,Delhi,Diesel,SUV,Second Owner,89500.0,V-Type Diesel Engine
Manual,Honda WR-V,2017.0,Delhi,Petrol,SUV,Second Owner,27684.0,i-VTEC Petrol Engine
Automatic,Mercedes-Benz C-Class,2017.0,Delhi,Petrol,Sedan,First Owner,22000.0,In-Line Engine
Manual,Ford Figo,2019.0,Delhi,Petrol,Hatchback,First Owner,71566.0,Ti-VCT Petrol Engine
Automatic,Audi Q7,2016.0,Delhi,Diesel,SUV,Second Owner,75000.0,V-Type Diesel Engine
Automatic,Mercedes-Benz CLS-Class,2017.0,Delhi,Diesel,Sedan,Second Owner,58000.0,Diesel Engine
Automatic,Honda City,2015.0,Delhi,Petrol,Sedan,Second Owner,75455.0,i VTEC Engine
Automatic,MG Astor,2022.0,Delhi,Petrol,SUV,First Owner,10000.0,VTi-TECH
Automatic,Ford Endeavour,2017.0,Delhi,Diesel,SUV,First Owner,80000.0,Diesel Engine
Automatic,Hyundai Creta,2018.0,Delhi,Petrol,SUV,First Owner,85031.0,VTVT Petrol Engine
Automatic,Land Rover Range Rover Evoque,2021.0,Delhi,Diesel,SUV,First Owner,22000.0,Diesel engine
Manual,Ford Ecosport,2020.0,Delhi,Diesel,SUV,First Owner,37527.0,TDCi Diesel Engine
Manual,Maruti Vitara Brezza,2019.0,Delhi,Diesel,SUV,First Owner,80000.0,DDiS 200 Diesel Engine
Automatic,Mercedes-Benz AMG A 35,2022.0,Delhi,Petrol,Sedan,First Owner,14000.0,AMG 2.0-LITRE 4-CYLINDER ENGINE
Automatic,Mahindra XUV500,2018.0,Delhi,Diesel,SUV,First Owner,40000.0,mHawk Diesel Engine
Manual,Toyota Glanza,2020.0,Delhi,Petrol,Hatchback,First Owner,10000.0,Petrol Engine
Automatic,Porsche Cayenne,2016.0,Delhi,Diesel,SUV,First Owner,50000.0,V6 Diesel Engine 
Automatic,BMW X1,2017.0,Delhi,Diesel,SUV,Second Owner,65000.0,Diesel Engine
Automatic,Audi Q3,2015.0,Delhi,Diesel,SUV,First Owner,72011.0,TDI Quattro Diesel Engine
Automatic,Jeep Compass,2021.0,Delhi,Diesel,SUV,First Owner,40011.0,2.0L Multijet Diesel
Manual,Maruti Ertiga,2016.0,Delhi,Petrol,MUV,First Owner,85000.0,K15 Smart Hybrid
Manual,Ford Ecosport,2018.0,Delhi,Petrol,SUV,Second Owner,36206.0,Ti-VCT Petrol Engine
Manual,Toyota Innova Crysta,2017.0,Delhi,Diesel,MUV,First Owner,48011.0,2-GD FTV Engine
Manual,Maruti Baleno,2019.0,Delhi,Petrol,Hatchback,Second Owner,86919.0,VVT Petrol Engine
Automatic,Mercedes-Benz AMG G 63,2022.0,Delhi,Petrol,SUV,First Owner,4000.0,V8
Manual,Honda Amaze,2014.0,Delhi,CNG,Sedan,Second Owner,69650.0,i-VTEC Petrol Engine
Manual,Volkswagen Ameo,2018.0,Delhi,Petrol,Sedan,First Owner,41051.0,MPI Petrol Engine
Automatic,Toyota Innova Crysta,2019.0,Delhi,Diesel,MUV,First Owner,52011.0,1-GD FTV Engine
Manual,Hyundai i10,2013.0,Delhi,Petrol,Hatchback,First Owner,52439.0,IRDE2 Engine
Automatic,Maruti Ciaz,2014.0,Delhi,Petrol,Sedan,Second Owner,82347.0,k14B VVT Engine
Automatic,Audi Q7,2014.0,Delhi,Diesel,SUV,Second Owner,52001.0,V-Type Diesel Engine
Manual,Maruti Ciaz,2014.0,Delhi,Petrol,Sedan,First Owner,97249.0,k14B VVT Engine
Automatic,Audi Q7,2023.0,Delhi,Petrol,SUV,First Owner,11800.0,3.0L V6 TFSI
Manual,Tata New Safari,2022.0,Delhi,Diesel,SUV,First Owner,5700.0,Kryotec 2.0 L Turbocharged Engine
Automatic,Tata New Safari,2021.0,Delhi,Diesel,SUV,First Owner,52011.0,Kryotec 2.0 L Turbocharged Engine
Manual,Maruti Vitara Brezza,2018.0,Delhi,Diesel,SUV,First Owner,52368.0,DDiS 200 Diesel Engine
Automatic,Mercedes-Benz GLE,2020.0,Delhi,Diesel,SUV,First Owner,33500.0,V Type Engine
Manual,Honda Amaze,2020.0,Delhi,Petrol,Sedan,First Owner,80000.0,i-VTEC Petrol Engine
Manual,Honda WR-V,2017.0,Delhi,Diesel,SUV,Second Owner,85162.0,i-DTEC Diesel Engine
Automatic,Maruti Ertiga,2017.0,Delhi,Petrol,MUV,First Owner,83863.0,K14B Petrol Engine
Automatic,BMW X7,2019.0,Delhi,Petrol,SUV,First Owner,9500.0,TwinPower Turbo 6-cylinder engine
Manual,Honda Jazz,2016.0,Delhi,Petrol,Hatchback,First Owner,62526.0,i-VTEC Petrol Engine
Manual,Maruti Swift,2018.0,Delhi,Petrol,Hatchback,First Owner,40000.0,VTVT Engine
Manual,Renault Duster,2019.0,Delhi,Diesel,SUV,First Owner,35331.0,
Automatic,Land Rover Discovery Sport,2020.0,Delhi,Diesel,SUV,First Owner,40000.0,Diesel Engine
Automatic,Audi Q3 Sportback,2023.0,Delhi,Petrol,SUV,First Owner,10000.0,
Manual,Hyundai Santro,2019.0,Delhi,Petrol,Hatchback,First Owner,14893.0,1.1 litre Petrol Engine
Manual,Maruti Wagon R,2011.0,Delhi,Petrol,Hatchback,Second Owner,110000.0,K Series Petrol Engine
Automatic,Mercedes-Benz S-Class,2021.0,Delhi,Diesel,Sedan,First Owner,7900.0,L6 Diesel Engine
Manual,Hyundai Grand i10,2016.0,Delhi,Petrol,Hatchback,First Owner,55215.0,Kappa VTVT Petrol Engine
Manual,Honda City,2014.0,Delhi,Petrol,Sedan,First Owner,100000.0,i VTEC Engine
Manual,Hyundai Verna,2021.0,Delhi,Diesel,Sedan,First Owner,49930.0,1.5 l U2 CRDi diesel
Manual,Maruti Vitara Brezza,2017.0,Delhi,Diesel,SUV,First Owner,54000.0,DDiS 200 Diesel Engine
Automatic,Mercedes-Benz AMG A 35,2021.0,Delhi,Petrol,Sedan,First Owner,1200.0,AMG 2.0-LITRE 4-CYLINDER ENGINE
Automatic,Audi Q2,2020.0,Delhi,Petrol,SUV,First Owner,7000.0,2.0 L 40 TFS
Manual,Maruti Ertiga,2021.0,Delhi,CNG,MUV,First Owner,40000.0,K15B
Automatic,Mercedes-Benz M-Class,2014.0,Delhi,Diesel,SUV,Third Owner,83000.0,Diesel Engine
Manual,Hyundai i10,2011.0,Delhi,Petrol,Hatchback,Second Owner,60000.0,DOHC Kappa2 Engine 
Manual,Maruti Swift Dzire Tour,2018.0,Delhi,CNG,Sedan,First Owner,100000.0,VVT
Manual,Hyundai i10,2009.0,Delhi,Petrol,Hatchback,Second Owner,60000.0,Petrol Engine
Automatic,Volvo XC40,2020.0,Delhi,Petrol,SUV,First Owner,25000.0,2.0 litre petrol Engine
Manual,Honda Amaze,2015.0,Delhi,Petrol,Sedan,First Owner,67593.0,i-VTEC Petrol Engine
Automatic,Hyundai Creta,2020.0,Delhi,Diesel,SUV,First Owner,50000.0,1.5L CRDi Diesel
Manual,Maruti Baleno,2016.0,Delhi,Petrol,Hatchback,First Owner,88882.0,VVT Petrol Engine
Manual,Toyota Corolla Altis,2016.0,Delhi,Petrol,Sedan,First Owner,78986.0,2ZR-FE Petrol Engine
Manual,Maruti Swift Dzire,2014.0,Delhi,Diesel,Sedan,First Owner,100000.0,DDiS Diesel Engine
Manual,Hyundai i20 Active,2015.0,Delhi,Petrol,Hatchback,Second Owner,24727.0,VTVT Petrol Engine
Automatic,Audi Q3,2014.0,Delhi,Diesel,SUV,Third Owner,70000.0,TDI Diesel Engine
Automatic,Mercedes-Benz S-Class,2019.0,Delhi,Petrol,Sedan,First Owner,34000.0,4.0L V8 biturbo
Automatic,Honda Jazz,2017.0,Delhi,Petrol,Hatchback,First Owner,79328.0,i-VTEC Petrol Engine
Manual,Maruti Alto K10,2017.0,Delhi,Petrol,Hatchback,First Owner,50000.0,K Series Petrol Engine
Manual,Maruti Baleno,2017.0,Delhi,Petrol,Hatchback,Second Owner,62113.0,VVT Petrol Engine
Manual,Hyundai Creta,2023.0,Delhi,Petrol,SUV,First Owner,2300.0,1.5 L MPi Petrol
Automatic,Toyota Corolla Altis,2013.0,Delhi,Petrol,Sedan,Third Owner,120000.0,DOHC Dual VVT-i Petrol En
Manual,Tata Tiago,2018.0,Delhi,Diesel,Hatchback,Second Owner,120000.0,Revotorq Engine
Automatic,Toyota Corolla Altis,2013.0,Delhi,Petrol,Sedan,Third Owner,120000.0,DOHC Dual VVT-i Petrol En
Automatic,Volvo XC40,2022.0,Delhi,Petrol,SUV,First Owner,5000.0,2.0 litre petrol Engine
Manual,Hyundai Creta,2021.0,Delhi,Petrol,SUV,Second Owner,10000.0,1.5 L MPi Petrol
Manual,Hyundai Verna,2018.0,Delhi,Petrol,Sedan,Second Owner,60000.0,VTVT Petrol Engine
Manual,Maruti Baleno,2021.0,Delhi,Petrol,Hatchback,First Owner,30000.0,1.2L VVT Engine
Manual,Jeep Compass,2018.0,Delhi,Diesel,SUV,First Owner,67000.0,2.0-Litre 4-Cyl Multijet II Engine
Manual,Hyundai Grand i10,2016.0,Delhi,Petrol,Hatchback,First Owner,86183.0,Kappa VTVT Petrol Engine
Manual,Toyota Etios,2013.0,Delhi,Diesel,Sedan,First Owner,70000.0,D-4D Diesel Engine
Manual,Maruti Swift,2013.0,Delhi,Petrol,Hatchback,First Owner,88991.0,K Series Dual jet
Automatic,BMW X4,2019.0,Delhi,Diesel,SUV,Second Owner,18000.0,TwinPower Turbo 4-cylinder engine
Automatic,Jeep Compass,2019.0,Delhi,Petrol,SUV,First Owner,55000.0,1.4-Litre 4-Cyl Multiair Engine
Manual,Maruti S-Presso,2021.0,Delhi,CNG,Hatchback,First Owner,62657.0,K10B
Automatic,Renault KWID,2017.0,Delhi,Petrol,Hatchback,First Owner,16452.0,Petrol Engine
Automatic,Mercedes-Benz CLA,2017.0,Delhi,Petrol,Sedan,Second Owner,40000.0,In Line Petrol Engine
Manual,Tata Tiago,2022.0,Delhi,CNG,Hatchback,First Owner,31029.0,1.2 L i-CNG
Manual,Maruti Swift,2018.0,Delhi,Petrol,Hatchback,Second Owner,40000.0,VTVT Engine
Manual,Hyundai i20,2014.0,Delhi,Petrol,Hatchback,Second Owner,46724.0,Kappa VTVT Petrol Engine
Automatic,Mercedes-Benz C-Class,2011.0,Delhi,Petrol,Sedan,First Owner,86000.0,In-Line Engine
Manual,Mahindra XUV500,2015.0,Delhi,Diesel,SUV,First Owner,40000.0,mHawk Diesel Engine
Automatic,Toyota Camry,2015.0,Delhi,Petrol,Sedan,First Owner,80000.0,2AR-FXE Petrol Engine 
Automatic,Toyota Camry,2015.0,Delhi,Petrol,Sedan,First Owner,70000.0,2AR-FXE Petrol Engine 
Manual,Honda City,2016.0,Delhi,Petrol,Sedan,First Owner,60000.0,i VTEC Engine
Manual,Maruti Wagon R,2009.0,Delhi,Petrol,Hatchback,First Owner,60000.0,FC Petrol Engine
Manual,Maruti Ertiga,2021.0,Delhi,CNG,MUV,First Owner,40000.0,K15B
Manual,Maruti Celerio,2015.0,Delhi,Diesel,Hatchback,Fourth Owner,80000.0,DDiS Diesel Engine
Automatic,Ford Endeavour,2019.0,Delhi,Diesel,SUV,First Owner,90000.0,Diesel Engine
Manual,Hyundai Grand i10 Nios,2021.0,Delhi,CNG,Hatchback,First Owner,71727.0,1.2 Kappa petrol
Automatic,Mercedes-Benz E-Class,2013.0,Delhi,Diesel,Sedan,First Owner,73000.0,4-in-line
Manual,Honda WR-V,2017.0,Delhi,Petrol,SUV,First Owner,85482.0,i-VTEC Petrol Engine
Automatic,Mercedes-Benz GLA,2016.0,Delhi,Petrol,SUV,Second Owner,54500.0,Petrol Engine
Manual,Maruti Celerio,2016.0,Delhi,CNG,Hatchback,Second Owner,60000.0,K10B Engine 
Manual,Hyundai Verna,2017.0,Delhi,Petrol,Sedan,First Owner,89581.0,VTVT Petrol Engine
Automatic,Skoda Rapid,2014.0,Delhi,Petrol,Sedan,Second Owner,110000.0,In-Line Petrol Engine
Automatic,Mercedes-Benz GLS,2016.0,Delhi,Diesel,SUV,First Owner,79500.0,V-Type Engine
Manual,Toyota Etios,2011.0,Delhi,Petrol,Sedan,Second Owner,69164.0,
Automatic,Honda CR-V,2016.0,Delhi,Petrol,SUV,First Owner,28000.0,i-VTEC Petrol Engine
Manual,Maruti Vitara Brezza,2018.0,Delhi,Diesel,SUV,First Owner,66175.0,DDiS 200 Diesel Engine
Automatic,Porsche Macan,2020.0,Delhi,Petrol,SUV,Second Owner,22000.0,Twin-Turbocharged Engine
Manual,Tata Tigor,2017.0,Delhi,Petrol,Sedan,First Owner,47001.0,Revotron Engine
Automatic,Toyota Fortuner,2016.0,Delhi,Diesel,SUV,First Owner,145000.0,1-GD FTV Engine
Automatic,Mercedes-Benz E-Class,2021.0,Delhi,Petrol,Sedan,First Owner,19000.0,In-Line 4 Cylinder Petrol Engine
Automatic,Audi A4,2015.0,Delhi,Diesel,Sedan,Second Owner,43600.0,TDI Diesel Engine
Manual,Hyundai Grand i10,2016.0,Delhi,Petrol,Hatchback,First Owner,63521.0,Kappa VTVT Petrol Engine
Manual,Maruti Swift Dzire,2021.0,Delhi,Petrol,Sedan,First Owner,18021.0,
Manual,Maruti Wagon R,2008.0,Delhi,Petrol,Hatchback,First Owner,90000.0,In-Line Engine
Automatic,Mercedes-Benz G,2021.0,Delhi,Diesel,SUV,First Owner,38000.0,L6 diesel Engine
Manual,Ford Figo,2021.0,Delhi,Petrol,Hatchback,First Owner,39076.0,Ti-VCT Petrol Engine
Automatic,Mercedes-Benz GLC,2020.0,Delhi,Petrol,SUV,First Owner,36000.0,M 264 petrol engine
Manual,Maruti Celerio,2018.0,Delhi,CNG,Hatchback,First Owner,106848.0,K10C
Manual,Toyota Innova Crysta,2017.0,Delhi,Diesel,MUV,First Owner,105000.0,2-GD FTV Engine
Automatic,Mini Cooper Convertible,2020.0,Delhi,Petrol,Convertibles,Second Owner,6500.0,Petrol Engine
Manual,Hyundai i10,2010.0,Delhi,Petrol,Hatchback,Second Owner,111237.0,Kappa Petrol Engine
Automatic,Volkswagen Polo,2018.0,Delhi,Petrol,Hatchback,Second Owner,70000.0,TSI Petrol Engine
Automatic,Volvo XC 90,2015.0,Delhi,Diesel,SUV,Second Owner,95000.0,Twin Turbo Diesel Engine
Manual,Nissan Magnite,2022.0,Delhi,Petrol,SUV,First Owner,13278.0,B4D 1.0 NA PETROL
Automatic,Mahindra Thar,2022.0,Delhi,Diesel,SUV,Second Owner,35000.0,mHawk 130 Engine
Manual,Nissan Magnite,2022.0,Delhi,Petrol,SUV,First Owner,12255.0,HRA0 1.0 TURBO PETROL
Automatic,Mercedes-Benz GLS,2017.0,Delhi,Petrol,SUV,First Owner,68000.0,V-Type Engine
Manual,Tata Hexa,2019.0,Delhi,Diesel,SUV,First Owner,67000.0,2.2 LTR. VARICOR 400
Manual,Maruti Baleno,2019.0,Delhi,Diesel,Hatchback,First Owner,37000.0,DDiS Diesel Engine
Automatic,Mercedes-Benz C-Class,2020.0,Delhi,Petrol,Sedan,First Owner,8000.0,2L Petrol Engine
Manual,Maruti SX4 S Cross,2017.0,Delhi,Diesel,SUV,First Owner,54000.0,DDiS 200 Diesel Engine
Manual,Honda City,2014.0,Delhi,Diesel,Sedan,First Owner,120000.0,i DTEC Diesel Engine 
Manual,Maruti Swift Dzire,2010.0,Delhi,Petrol,Sedan,Second Owner,70000.0,In-Line Engine
Automatic,Mercedes-Benz GLC,2022.0,Delhi,Petrol,SUV,First Owner,17000.0,M 264 petrol engine
Automatic,Mercedes-Benz GLS,2016.0,Delhi,Diesel,SUV,First Owner,45000.0,V-Type Engine
Manual,Maruti Celerio,2018.0,Delhi,Petrol,Hatchback,First Owner,19717.0,K10C
Automatic,BMW 3 Series Gran Limousine,2021.0,Delhi,Petrol,Sedan,First Owner,20000.0,2.0L Turbo Petrol
Manual,Maruti Alto K10,2017.0,Delhi,Petrol,Hatchback,First Owner,35495.0,K10C
Automatic,Mercedes-Benz GLA Class,2016.0,Delhi,Petrol,SUV,Second Owner,25000.0,Petrol Engine
Automatic,Jeep Compass,2018.0,Delhi,Petrol,SUV,First Owner,27401.0,1.4-Litre 4-Cyl Multiair Engine
Manual,Maruti S-Presso,2019.0,Delhi,Petrol,Hatchback,First Owner,15981.0,K10C
Automatic,MG Hector,2022.0,Delhi,Petrol,SUV,First Owner,7500.0,1.5 L Turbocharged Intercooled
Automatic,Audi A4,2022.0,Delhi,Petrol,Sedan,First Owner,6300.0,2.0 L TFSI petrol engine
Manual,Hyundai i10,2011.0,Delhi,Petrol,Hatchback,First Owner,73052.0,DOHC Kappa2 Engine
Automatic,Honda City,2014.0,Delhi,Petrol,Sedan,First Owner,61000.0,i VTEC Engine
Manual,Tata Punch,2021.0,Delhi,Petrol,SUV,First Owner,15036.0,1.2 l Revotron Engine
Automatic,BMW 5 Series,2015.0,Delhi,Diesel,Sedan,First Owner,94000.0,
Manual,Hyundai Xcent,2018.0,Delhi,Petrol,Sedan,First Owner,39000.0,Kappa VTVT Petrol Engine
Manual,Mahindra KUV 100,2016.0,Delhi,Petrol,SUV,Third Owner,90000.0,mFALCON G80 Engine
Manual,Skoda Fabia,2011.0,Delhi,Petrol,Hatchback,First Owner,90000.0,In-Line Engine
Automatic,Mercedes-Benz GLS,2017.0,Delhi,Diesel,SUV,Second Owner,44000.0,V-Type Engine
Manual,Maruti Wagon R,2006.0,Delhi,Petrol,Hatchback,Second Owner,120000.0,K Series Petrol Engine
Manual,Renault KWID,2018.0,Delhi,Petrol,Hatchback,First Owner,30000.0,Petrol Engine
Automatic,Volvo XC60,2021.0,Delhi,Petrol,SUV,First Owner,4900.0,Turbo Petrol Engine
Automatic,Mini Cooper,2015.0,Delhi,Petrol,Hatchback,Second Owner,36000.0,Petrol Engine
Manual,Maruti Ignis,2022.0,Delhi,Petrol,Hatchback,First Owner,4975.0,VVT
Manual,Maruti Alto 800,2014.0,Delhi,CNG,Hatchback,Second Owner,48000.0,F8D Engine
Manual,Renault Triber,2021.0,Delhi,Petrol,MUV,First Owner,36758.0,
Automatic,BMW 3 Series Gran Limousine,2022.0,Delhi,Petrol,Sedan,First Owner,3500.0,2.0L Turbo Petrol
Automatic,Renault Kiger,2022.0,Delhi,Petrol,SUV,First Owner,10000.0,1.0L Turbo
Manual,Nissan Magnite,2021.0,Delhi,Petrol,SUV,First Owner,61882.0,B4D 1.0 NA PETROL
Manual,Volkswagen Polo,2011.0,Delhi,Petrol,Hatchback,First Owner,66000.0,In-Line Engine
Automatic,Land Rover Discovery Sport,2018.0,Delhi,Petrol,SUV,First Owner,46000.0,2.0 Litre Petrol Engine
Manual,Maruti Ignis,2021.0,Delhi,Petrol,Hatchback,First Owner,6088.0,VVT
Automatic,Hyundai i20,2018.0,Delhi,Petrol,Hatchback,First Owner,23000.0,Kappa VTVT Petrol Engine
Manual,Maruti Baleno,2018.0,Delhi,Petrol,Hatchback,First Owner,41732.0,VVT Petrol Engine
Automatic,BMW 5 Series,2018.0,Delhi,Diesel,Sedan,Second Owner,55000.0,TwinPower Turbo Inline 4 Cylinder Engine
Manual,Maruti Vitara Brezza,2019.0,Delhi,Diesel,SUV,First Owner,51000.0,DDiS 200 Diesel Engine
Manual,Hyundai EON,2015.0,Delhi,Petrol,Hatchback,First Owner,38000.0,Petrol Engine
Manual,Mahindra XUV500,2016.0,Delhi,Diesel,SUV,First Owner,60000.0,mHawk Diesel Engine
Automatic,Mercedes-Benz GLE,2016.0,Delhi,Diesel,SUV,First Owner,75000.0,In Line Engine
Automatic,Audi Q5,2014.0,Delhi,Diesel,SUV,Third Owner,92000.0,TDI Quattro Engine 
Manual,Honda Jazz,2009.0,Delhi,Petrol,Hatchback,Third Owner,90000.0,SOHC i-VTEC
Automatic,Audi Q5,2013.0,Delhi,Diesel,SUV,Second Owner,92000.0,TDI Quattro Engine 
Manual,Hyundai i20,2019.0,Delhi,Petrol,Hatchback,First Owner,49010.0,Kappa VTVT Petrol Engine
Manual,Maruti Baleno,2019.0,Delhi,Petrol,Hatchback,First Owner,26089.0,VVT Petrol Engine
Manual,Mahindra Scorpio,2014.0,Delhi,Diesel,SUV,First Owner,54000.0,mHawk Diesel  Engine
Manual,Maruti Alto K10,2018.0,Delhi,Petrol,Hatchback,First Owner,37302.0,K10C
Automatic,Mercedes-Benz CLA,2018.0,Delhi,Diesel,Sedan,Second Owner,42000.0,In Line Diesel Engine
Automatic,Maruti Baleno,2021.0,Delhi,Petrol,Hatchback,First Owner,37000.0,VVT Petrol Engine
Manual,Maruti Alto 800,2015.0,Delhi,Petrol,Hatchback,First Owner,36483.0,F8D Petrol Engine
Automatic,Hyundai Elantra,2015.0,Delhi,Petrol,Sedan,First Owner,62000.0,Nu 2.0 MPi Petrol Engine
Manual,Hyundai Creta,2019.0,Delhi,Petrol,SUV,First Owner,38010.0,VTVT Petrol Engine
Automatic,Maruti Celerio,2018.0,Delhi,Petrol,Hatchback,Second Owner,35123.0,K10B Engine
Automatic,Honda City,2016.0,Delhi,Petrol,Sedan,First Owner,43000.0,i VTEC Engine
Manual,Ford Ecosport,2019.0,Delhi,Diesel,SUV,Second Owner,25154.0,TDCi Diesel Engine
Automatic,BMW 5 Series,2020.0,Delhi,Diesel,Sedan,First Owner,10000.0,TwinPower Turbo Inline 4 Cylinder Engine
Automatic,Tata Harrier,2021.0,Delhi,Diesel,SUV,Second Owner,30600.0,Kryotec 2.0 L Turbocharged Engine
Manual,Hyundai Venue,2020.0,Delhi,Petrol,SUV,First Owner,55000.0,Kappa 1.2 L MPi Petrol
Automatic,Mahindra Thar,2021.0,Delhi,Petrol,SUV,Second Owner,14500.0,mStallion 150 TGDi Engine
Automatic,Mercedes-Benz GLS,2017.0,Delhi,Diesel,SUV,Second Owner,80000.0,V-Type Engine
Automatic,Hyundai Elantra,2013.0,Delhi,Petrol,Sedan,First Owner,76000.0,Dual VTVT Petrol Engine
Automatic,Honda Amaze,2018.0,Delhi,Petrol,Sedan,First Owner,58000.0,i-VTEC Petrol Engine
Automatic,Kia Seltos,2020.0,Delhi,Petrol,SUV,First Owner,34000.0,
Automatic,Audi Q7,2019.0,Delhi,Diesel,SUV,First Owner,25000.0,V-Type Diesel Engine
Manual,Maruti Baleno,2017.0,Delhi,Petrol,Hatchback,First Owner,25367.0,VVT Petrol Engine
Automatic,Mercedes-Benz CLA,2016.0,Delhi,Petrol,Sedan,First Owner,29000.0,In Line Petrol Engine
Manual,Maruti Baleno,2017.0,Delhi,Petrol,Hatchback,First Owner,27240.0,VVT Petrol Engine
Automatic,Mercedes-Benz S-Class,2015.0,Delhi,Petrol,Sedan,First Owner,55000.0,V-Type Petrol Engine
Manual,Hyundai Creta,2020.0,Delhi,Diesel,SUV,First Owner,28000.0,1.5 L U2 CRDi Diesel
Manual,Maruti Baleno,2016.0,Delhi,Petrol,Hatchback,Second Owner,20755.0,VVT Petrol Engine
Automatic,Toyota Vellfire,2023.0,Delhi,Petrol,,First Owner,10500.0,2.5-litre a Hybrid
Automatic,Mercedes-Benz AMG G 63,2023.0,Delhi,Petrol,SUV,First Owner,3500.0,V8
Manual,Maruti Swift,2014.0,Delhi,Petrol,Hatchback,First Owner,56722.0,VTVT Engine
Automatic,Honda CR-V,2013.0,Delhi,Petrol,SUV,Second Owner,81000.0,i-VTEC Engine
Manual,Maruti A-Star,2011.0,Delhi,Petrol,Hatchback,First Owner,55566.0,K Series Petrol Engine
Automatic,Audi A6,2020.0,Delhi,Petrol,Sedan,First Owner,5500.0,In Line Petrol Engine
Manual,Hyundai Creta,2023.0,Delhi,Diesel,SUV,First Owner,4000.0,1.5 L U2 CRDi Diesel
Automatic,Hyundai Verna,2023.0,Delhi,Petrol,Sedan,First Owner,950.0,1.5L Turbo GDi Petrol
Manual,Mahindra Bolero Power Plus,2017.0,Delhi,Diesel,SUV,First Owner,71000.0,mHAWK D70 Diesel Engine
Manual,Toyota Innova Crysta,2019.0,Delhi,Diesel,MUV,First Owner,28000.0,2-GD FTV Engine
Manual,Hyundai Verna,2018.0,Delhi,Petrol,Sedan,First Owner,35000.0,VTVT Petrol Engine
Automatic,Jeep Compass,2020.0,Delhi,Petrol,SUV,First Owner,80000.0,1.4 turbo petrol
Automatic,Maruti Ciaz,2016.0,Delhi,Petrol,Sedan,Second Owner,60000.0,k14B VVT Engine
Manual,Mahindra XUV300,2021.0,Delhi,Petrol,SUV,First Owner,12710.0,1.2L Turbo Petrol
Manual,Maruti Wagon R,2011.0,Delhi,Petrol,Hatchback,First Owner,64694.0,K Series Petrol Engine
Automatic,BMW 3 Series,2019.0,Delhi,Diesel,Sedan,Second Owner,67510.0,TwinPower Turbo 4 Cylinder Engine
Manual,Hyundai Grand i10,2018.0,Delhi,Petrol,Hatchback,First Owner,21867.0,Kappa VTVT Petrol Engine
Automatic,BMW X5,2022.0,Delhi,Diesel,SUV,Second Owner,18000.0,
Automatic,Audi A3,2018.0,Delhi,Petrol,Sedan,First Owner,78010.0,TFSI Petrol Engine
Manual,Tata Tiago,2021.0,Delhi,Petrol,Hatchback,First Owner,36247.0,1.2 L Revotron
Automatic,Jeep Wrangler,2022.0,Delhi,Petrol,SUV,First Owner,3106.0,2.0L GME T4 DI TC
Automatic,Mercedes-Benz GLC,2020.0,Delhi,Petrol,SUV,Second Owner,40000.0,M 264 petrol engine
Manual,Maruti Baleno,2019.0,Delhi,Petrol,Hatchback,First Owner,55566.0,1.2L VVT Engine
Automatic,Mercedes-Benz CLA,2016.0,Delhi,Petrol,Sedan,First Owner,91000.0,In Line Petrol Engine
Manual,Nissan Magnite,2021.0,Delhi,Petrol,SUV,First Owner,46318.0,B4D 1.0 NA PETROL
Manual,Maruti Ciaz,2023.0,Delhi,Petrol,Sedan,First Owner,7359.0,K15 Smart Hybrid Petrol Engine
Automatic,Mercedes-Benz GLC,2022.0,Delhi,Diesel,SUV,First Owner,35060.0,OM 654 Diesel engine
Automatic,BMW X1,2020.0,Delhi,Diesel,SUV,First Owner,22060.0,sDrive20d Diesel Engine
Automatic,BMW 3 Series GT,2017.0,Delhi,Petrol,Sedan,First Owner,68060.0,TwinPower Turbo 4-Cylinder Petrol Engine
Manual,Maruti Vitara Brezza,2017.0,Delhi,Diesel,SUV,First Owner,27000.0,DDiS 200 Diesel Engine
Manual,Hyundai Accent,2010.0,Delhi,Petrol,Sedan,Second Owner,53000.0,In-Line Engine
Manual,Honda Amaze,2013.0,Delhi,Diesel,Sedan,First Owner,50000.0,i-DTEC Diesel Engine
Manual,Toyota Corolla Altis,2010.0,Delhi,CNG,Sedan,Fourth Owner,120000.0,2ZR-FE Gasoline 4Cylinder
Automatic,Mercedes-Benz C-Class,2020.0,Delhi,Diesel,Sedan,First Owner,15000.0,In-Line Engine
Manual,Honda City,2015.0,Delhi,Petrol,Sedan,First Owner,99373.0,i VTEC Engine
Manual,Ford Ecosport,2016.0,Delhi,Diesel,SUV,First Owner,120000.0,TDCi Diesel Engine
Manual,Maruti Alto 800,2017.0,Delhi,Petrol,Hatchback,First Owner,11815.0,F8D Petrol Engine
Manual,Maruti Swift Dzire,2016.0,Delhi,Petrol,Sedan,First Owner,39412.0,K Series VVT Engine
Manual,Maruti Baleno,2016.0,Delhi,Petrol,Hatchback,Second Owner,60000.0,VVT Petrol Engine
Manual,Maruti Swift,2018.0,Delhi,Petrol,Hatchback,First Owner,33015.0,K Series Dual jet
Manual,Honda Brio,2012.0,Delhi,Petrol,Hatchback,Second Owner,44371.0,i-VTEC Engine
Automatic,Toyota Land Cruiser 300,2023.0,Delhi,Diesel,SUV,First Owner,3500.0,V6 3.3l Turbo Diesel Engine
Manual,Maruti Wagon R,2013.0,Delhi,Petrol,Hatchback,First Owner,39045.0,K Series Petrol Engine
Manual,Hyundai i10,2013.0,Delhi,Petrol,Hatchback,First Owner,49000.0,IRDE2 Engine
Automatic,Honda City,2021.0,Delhi,Petrol,Sedan,First Owner,7936.0,Water Cooled Inline i-VTEC DOHC with VTC
Automatic,Audi A6,2014.0,Delhi,Diesel,Sedan,Second Owner,66000.0,TDI Diesel Engine
Manual,Hyundai EON,2016.0,Delhi,Petrol,Hatchback,First Owner,65739.0,Petrol Engine
Automatic,Maruti Celerio,2016.0,Delhi,Petrol,Hatchback,First Owner,52407.0,K10B Engine
Automatic,Hyundai i10,2011.0,Delhi,Petrol,Hatchback,First Owner,30000.0,DOHC Kappa2 Engine
Automatic,BMW 5 Series,2018.0,Delhi,Diesel,Sedan,First Owner,48000.0,TwinPower Turbo Inline 6 Cylinder Engine
Manual,Maruti Wagon R,2013.0,Delhi,Petrol,Hatchback,First Owner,86816.0,K10B Petrol Engine
Manual,Toyota Etios Liva,2015.0,Delhi,Petrol,Hatchback,First Owner,63000.0,Petrol Engine
Manual,Tata Tiago,2018.0,Delhi,Petrol,Hatchback,First Owner,67000.0,Revotron Engine
Automatic,Audi A4,2014.0,Delhi,Diesel,Sedan,Second Owner,59000.0,TDI Diesel Engine
Manual,Hyundai i20,2016.0,Delhi,Petrol,Hatchback,First Owner,68838.0,Kappa VTVT Petrol Engine
Manual,Hyundai Grand i10,2017.0,Delhi,Petrol,Hatchback,First Owner,46835.0,Kappa VTVT Petrol Engine
Automatic,Honda City,2022.0,Delhi,Petrol,Sedan,Second Owner,5242.0,Water Cooled Inline i-VTEC DOHC with VTC
Manual,Maruti Baleno,2022.0,Delhi,Petrol,Hatchback,First Owner,17457.0,1.2 L K Series Engine
Manual,Honda Amaze,2015.0,Delhi,Petrol,Sedan,First Owner,62789.0,i-VTEC Petrol Engine
Automatic,Maruti Alto K10,2016.0,Delhi,Petrol,Hatchback,First Owner,33618.0,K Series Petrol Engine
Manual,Honda City,2010.0,Delhi,Petrol,Sedan,First Owner,75946.0,In-Line Engine
Manual,Toyota Fortuner,2013.0,Delhi,Diesel,SUV,First Owner,230000.0,D-4D Diesel Engine
Manual,Maruti Wagon R,2013.0,Delhi,Petrol,Hatchback,First Owner,87208.0,K10B Petrol Engine
Manual,Datsun RediGO,2016.0,Delhi,Petrol,Hatchback,First Owner,42736.0,1.0L Petrol Engine
Manual,Toyota Etios,2011.0,Delhi,Petrol,Sedan,First Owner,55556.0,Petrol Engine
Manual,Maruti Brezza,2023.0,Delhi,Petrol,SUV,First Owner,2054.0,K15C
Automatic,Mercedes-Benz E-Class,2023.0,Delhi,Petrol,Sedan,First Owner,1700.0,In-Line 4 Cylinder Petrol Engine
Automatic,Kia Seltos,2021.0,Delhi,Petrol,SUV,First Owner,30120.0,Smartstream G1.4
Manual,Hyundai Verna,2011.0,Delhi,Petrol,Sedan,First Owner,32000.0,VTVT Petrol Engine
Automatic,Toyota Fortuner Legender,2023.0,Delhi,Diesel,SUV,First Owner,1200.0,2.8 L Diesel engine
Automatic,Audi Q2,2021.0,Delhi,Petrol,SUV,First Owner,9600.0,2.0 L 40 TFS
Manual,Honda City,2017.0,Delhi,Petrol,Sedan,First Owner,70000.0,i VTEC Engine
Automatic,Toyota Fortuner,2014.0,Delhi,Diesel,SUV,First Owner,85000.0,D-4D Diesel Engine
Automatic,Maruti Wagon R,2019.0,Delhi,Petrol,Wagon,First Owner,40000.0,K12M Petrol Engine
Manual,Maruti Baleno,2019.0,Delhi,Petrol,Hatchback,First Owner,14163.0,VVT Petrol Engine
Manual,Mahindra Thar,2022.0,Delhi,Diesel,SUV,First Owner,15000.0,mHawk 130 Engine
Manual,Hyundai Aura,2020.0,Delhi,Petrol,Sedan,First Owner,4764.0,1.2 l Kappa dual petrol
Automatic,MG Gloster,2023.0,Delhi,Diesel,SUV,First Owner,20000.0,DIESEL 2.0L TWIN TURBO
Manual,Toyota Innova Crysta,2022.0,Delhi,Petrol,MUV,First Owner,7600.0,2.7 L Dual VVT
Automatic,Honda City,2016.0,Delhi,Petrol,Sedan,First Owner,69815.0,i VTEC Engine
Manual,Hyundai Creta,2018.0,Delhi,Diesel,SUV,First Owner,82000.0,U2 CRDI Engine
Automatic,BMW X1,2021.0,Delhi,Petrol,SUV,First Owner,8400.0,TwinPower Turbo 4-Cylinder engine
Manual,Maruti Swift,2013.0,Delhi,Petrol,Hatchback,First Owner,75463.0,K Series Dual jet
Manual,Maruti Wagon R,2013.0,Delhi,CNG,Hatchback,First Owner,66000.0,K10B Petrol Engine
Manual,Maruti Baleno,2017.0,Delhi,Petrol,Hatchback,First Owner,22091.0,VVT Petrol Engine
Automatic,BMW 6 Series,2019.0,Delhi,Diesel,Sedan,First Owner,32000.0,Diesel Engine
Manual,Hyundai i10,2012.0,Delhi,Petrol,Hatchback,Second Owner,65000.0,IRDE2 Engine
Manual,Tata Tiago,2016.0,Delhi,Petrol,Hatchback,First Owner,66000.0,Revotron Engine
Automatic,BMW X5,2019.0,Delhi,Diesel,SUV,First Owner,25000.0,Diesel Engine
Automatic,Ford Endeavour,2018.0,Delhi,Diesel,SUV,First Owner,110000.0,Diesel Engine
Manual,MG Astor,2022.0,Delhi,Petrol,SUV,First Owner,15000.0,VTi-TECH
Manual,Maruti Baleno,2021.0,Delhi,Petrol,Hatchback,First Owner,30000.0,VVT Petrol Engine
Automatic,Kia Seltos,2021.0,Delhi,Diesel,SUV,First Owner,47000.0,1.5L CRDi VGT
Automatic,BMW X1,2023.0,Delhi,Diesel,SUV,First Owner,6000.0,
Automatic,Maruti Baleno,2020.0,Delhi,Petrol,Hatchback,Second Owner,35854.0,VVT Petrol Engine
Manual,Tata Nexon,2018.0,Delhi,Petrol,SUV,First Owner,43623.0,Revotron 1.2L Turbocharged engine
Manual,Toyota Etios,2015.0,Delhi,Petrol,Sedan,Second Owner,64229.0,Petrol Engine
Automatic,Land Rover Discovery Sport,2021.0,Delhi,Diesel,SUV,First Owner,33000.0,Diesel Engine
Automatic,Ford Endeavour,2019.0,Delhi,Diesel,SUV,Second Owner,59605.0,Diesel Engine
Manual,Renault KWID,2019.0,Delhi,Petrol,Hatchback,First Owner,2997.0,Petrol Engine
Manual,Renault KWID,2021.0,Delhi,Petrol,Hatchback,First Owner,9606.0,Petrol Engine
Automatic,Mercedes-Benz S-Class,2015.0,Delhi,Diesel,Sedan,First Owner,75000.0,V-Type Diesel Engine 
Automatic,Honda Amaze,2020.0,Delhi,Petrol,Sedan,Second Owner,41898.0,i-VTEC Petrol Engine
Manual,Toyota Glanza,2021.0,Delhi,Petrol,Hatchback,First Owner,23159.0,Petrol Engine
Manual,Ford Ecosport,2016.0,Delhi,Petrol,SUV,First Owner,53488.0,Ti-VCT Petrol Engine
Manual,Toyota Innova Crysta,2019.0,Delhi,Diesel,MUV,First Owner,29000.0,2-GD FTV Engine
Automatic,MG Hector Plus,2023.0,Delhi,Petrol,SUV,First Owner,6000.0,1.5L Turbocharged Intercooled
Manual,Maruti Swift Dzire,2019.0,Delhi,Petrol,Sedan,First Owner,68192.0,K Series VVT Engine
Manual,Kia Seltos,2023.0,Delhi,Petrol,SUV,First Owner,600.0,SMARTSTREAM G1.5
Automatic,Jaguar XF,2020.0,Delhi,Petrol,Sedan,First Owner,13000.0,Petrol Engine
Manual,Maruti Vitara Brezza,2018.0,Delhi,Diesel,SUV,First Owner,67756.0,DDiS 200 Diesel Engine
Manual,Maruti SX4 S Cross,2017.0,Delhi,Diesel,SUV,First Owner,83811.0,DDiS 200 Diesel Engine
Manual,Maruti Celerio,2016.0,Delhi,CNG,Hatchback,First Owner,68000.0,K10B Engine 
Manual,Maruti Swift,2022.0,Delhi,Petrol,Hatchback,First Owner,4100.0,K Series Dual jet
Manual,Maruti Swift Dzire,2020.0,Delhi,Petrol,Sedan,First Owner,46243.0,K Series VVT Engine
Automatic,Mercedes-Benz CLS-Class,2014.0,Delhi,Petrol,Sedan,First Owner,37000.0,V-Type Engine
Automatic,Nissan Micra,2015.0,Delhi,Petrol,Hatchback,Second Owner,52123.0, In Line Petrol Engine
Automatic,Mercedes-Benz GLS,2016.0,Delhi,Diesel,SUV,Second Owner,66000.0,V-Type Engine
Manual,Hyundai Grand i10,2015.0,Delhi,Petrol,Hatchback,First Owner,23690.0,Kappa VTVT Petrol Engine
Manual,Maruti Alto 800,2016.0,Delhi,Petrol,Hatchback,First Owner,70879.0,F8D Petrol Engine
Manual,Volkswagen Polo,2012.0,Delhi,Petrol,Hatchback,First Owner,42000.0,In-Line Petrol Engine 
Automatic,Jaguar F-Pace,2018.0,Delhi,Diesel,SUV,Second Owner,56000.0,Diesel Engine
Manual,Honda City,2017.0,Delhi,Petrol,Sedan,Second Owner,12651.0,i VTEC Engine
Manual,Honda Amaze,2016.0,Delhi,Petrol,Sedan,First Owner,61000.0,i-VTEC Petrol Engine
Manual,Maruti Celerio,2018.0,Delhi,CNG,Hatchback,First Owner,98705.0,K10C
Automatic,Kia Carnival,2020.0,Delhi,Diesel,MUV,First Owner,62000.0,D2.2L VGT Diesel
Manual,Honda Amaze,2014.0,Delhi,Petrol,Sedan,First Owner,28000.0,i-VTEC Petrol Engine
Manual,Mahindra Bolero Power Plus,2020.0,Delhi,Diesel,SUV,First Owner,36000.0,mHAWK D70 Diesel Engine
Manual,Maruti Swift Dzire,2017.0,Delhi,Diesel,Sedan,First Owner,32000.0,DDiS Diesel Engine
Automatic,BMW X1,2017.0,Delhi,Diesel,SUV,First Owner,38000.0,Diesel Engine
Manual,Maruti Alto K10,2017.0,Delhi,Petrol,Hatchback,First Owner,33000.0,K Series Petrol Engine
Automatic,Hyundai Verna,2018.0,Delhi,Diesel,Sedan,First Owner,68045.0,U2 VGT Diesel Engine
Manual,Mahindra Scorpio Classic,2022.0,Delhi,Diesel,SUV,First Owner,12000.0,mHawk
Automatic,Mercedes-Benz GLC,2023.0,Delhi,Diesel,SUV,First Owner,4000.0,OM 654 Diesel engine
Manual,Maruti Wagon R,2018.0,Delhi,Petrol,Hatchback,First Owner,19765.0,K10B Petrol Engine
Manual,Mahindra XUV300,2021.0,Delhi,Petrol,SUV,First Owner,7076.0,1.2L Petrol
Manual,Honda City,2017.0,Delhi,Petrol,Sedan,First Owner,30560.0,i VTEC Engine
Automatic,Jaguar XE,2020.0,Delhi,Diesel,Sedan,First Owner,5000.0,2.0l 4-cylinder Turbocharged Petro
Manual,Maruti Celerio,2018.0,Delhi,CNG,Hatchback,First Owner,47944.0,K10B Engine
Automatic,Hyundai Creta,2016.0,Delhi,Petrol,SUV,First Owner,78550.0,VTVT Petrol Engine
Automatic,Hyundai Tucson,2017.0,Delhi,Petrol,SUV,First Owner,65000.0,Dual VTVT Nu 2.0 Petrol
Automatic,Kia Seltos,2022.0,Delhi,Diesel,SUV,First Owner,32000.0,1.5 L CRDi VGT
Manual,Honda Amaze,2017.0,Delhi,Petrol,Sedan,Second Owner,58996.0,i-VTEC Petrol Engine
Automatic,Jaguar XE,2018.0,Delhi,Diesel,Sedan,Second Owner,34000.0,Diesel Engine
Manual,Hyundai i20,2015.0,Delhi,Petrol,Hatchback,Second Owner,59537.0,Kappa VTVT Petrol Engine
Manual,Maruti Wagon R,2022.0,Delhi,Petrol,Hatchback,First Owner,9314.0,K10B Petrol Engine
Manual,Nissan Kicks,2019.0,Delhi,Petrol,SUV,Second Owner,60000.0,1.5 H4K Petrol
Manual,Honda Amaze,2014.0,Delhi,Petrol,Sedan,First Owner,41684.0,i-VTEC Petrol Engine
Automatic,Audi A4,2011.0,Delhi,Petrol,Sedan,Third Owner,70000.0,In-Line Engine
Manual,Toyota Etios Liva,2016.0,Delhi,Petrol,Hatchback,First Owner,51607.0,Petrol Engine
Manual,Tata Zest,2015.0,Delhi,Diesel,Sedan,First Owner,90000.0,Quadrajet Engine
Automatic,Kia Carnival,2020.0,Delhi,Diesel,MUV,First Owner,30000.0,D2.2L VGT Diesel
Manual,Mahindra Thar,2022.0,Delhi,Diesel,SUV,First Owner,40000.0,mHawk 130 Engine
Automatic,Mercedes-Benz GLC,2020.0,Delhi,Diesel,SUV,First Owner,35000.0,OM 654 Diesel engine
Manual,Maruti Swift,2013.0,Delhi,Petrol,Hatchback,First Owner,97672.0,K Series Dual jet
Manual,Hyundai Verna,2014.0,Delhi,Petrol,Sedan,Third Owner,90000.0,VTVT Petrol Engine
Manual,Nissan Micra,2015.0,Delhi,Petrol,Hatchback,Second Owner,68740.0, In Line Petrol Engine
Automatic,Mercedes-Benz C-Class,2018.0,Delhi,Petrol,Sedan,First Owner,37000.0,In-Line Engine
Manual,Maruti Ciaz,2017.0,Delhi,Diesel,Sedan,First Owner,40000.0,DDIS 200 Engine
Manual,Honda Amaze,2015.0,Delhi,Petrol,Sedan,Second Owner,86245.0,i-VTEC Petrol Engine
Automatic,Volkswagen Polo,2016.0,Delhi,Petrol,Hatchback,Second Owner,40000.0,TSI Petrol Engine
Automatic,BMW 3 Series GT,2020.0,Delhi,Petrol,Sedan,Second Owner,15000.0,TwinPower Turbo 4-Cylinder Petrol Engine
Manual,Maruti Alto 800,2016.0,Delhi,Petrol,Hatchback,Second Owner,60896.0,F8D Petrol Engine
Manual,Honda City,2013.0,Delhi,Petrol,Sedan,First Owner,60000.0,SOHC i-VTEC
Automatic,Maruti Swift Dzire,2021.0,Delhi,Petrol,Sedan,Second Owner,18340.0,
Automatic,Jeep Compass,2022.0,Delhi,Diesel,SUV,First Owner,20000.0,2.0L Multijet Diesel
Automatic,Hyundai Creta,2017.0,Delhi,Diesel,SUV,Second Owner,70000.0,U2 CRDI VGT Engine
Manual,Maruti Wagon R,2015.0,Delhi,CNG,Hatchback,First Owner,75000.0,K10B Petrol Engine
Manual,Honda WR-V,2017.0,Delhi,Petrol,SUV,First Owner,40000.0,i-VTEC Petrol Engine
Automatic,Audi Q3,2014.0,Delhi,Diesel,SUV,Second Owner,57000.0,TDI Quattro Diesel Engine
Manual,Maruti Baleno,2016.0,Delhi,Petrol,Hatchback,First Owner,48000.0,VVT Petrol Engine
Manual,Honda City,2011.0,Delhi,Petrol,Sedan,First Owner,120000.0,In-Line Engine
Automatic,Ford Ecosport,2017.0,Delhi,Petrol,SUV,First Owner,25000.0,Ti-VCT Petrol Engine
Automatic,Toyota Innova Crysta,2021.0,Delhi,Diesel,MUV,First Owner,29000.0,2.4L Diesel Engine
Manual,Ford Figo,2019.0,Delhi,Diesel,Hatchback,First Owner,63176.0,TDCi Diesel Engine
Automatic,Audi A4,2021.0,Delhi,Petrol,Sedan,First Owner,24000.0,2.0 L TFSI petrol engine
Manual,Renault KWID,2020.0,Delhi,Petrol,Hatchback,First Owner,22820.0,Petrol Engine
Automatic,Land Rover Range Rover Evoque,2022.0,Delhi,Diesel,SUV,First Owner,5000.0,Diesel engine
Manual,Hyundai i10,2009.0,Delhi,Petrol,Hatchback,First Owner,30000.0,DOHC Kappa2 Engine 
Automatic,Maruti Swift Dzire,2017.0,Delhi,Petrol,Sedan,First Owner,74538.0,K Series VVT Engine
Automatic,Mercedes-Benz GLC,2019.0,Delhi,Petrol,SUV,First Owner,40000.0,Petrol Engine
Manual,Maruti Alto 800,2018.0,Delhi,Petrol,Hatchback,First Owner,45399.0,F8D Petrol Engine
Manual,Volkswagen Ameo,2018.0,Delhi,Petrol,Sedan,Second Owner,24940.0,MPI Petrol Engine
Automatic,Hyundai Creta,2019.0,Delhi,Diesel,SUV,First Owner,22000.0,U2 CRDI VGT Engine
Manual,Honda Amaze,2014.0,Delhi,Petrol,Sedan,First Owner,98681.0,i-VTEC Petrol Engine
Automatic,Mercedes-Benz GLE,2023.0,Delhi,Diesel,SUV,First Owner,6000.0,V Type Engine
Manual,Maruti Baleno,2017.0,Delhi,Petrol,Hatchback,First Owner,40000.0,1.2L VVT Engine
Manual,Honda WR-V,2018.0,Delhi,Diesel,SUV,First Owner,58000.0,i-DTEC Diesel Engine
Manual,Hyundai i20,2015.0,Delhi,Diesel,Hatchback,First Owner,75000.0,U2 CRDI Diesel Engine
Manual,Ford Ecosport,2014.0,Delhi,Diesel,SUV,First Owner,76000.0,TDCi Diesel Engine
Automatic,Renault KWID,2017.0,Delhi,Petrol,Hatchback,First Owner,60000.0,Petrol Engine
Automatic,Honda City,2016.0,Delhi,Petrol,Sedan,First Owner,58000.0,i VTEC Engine
Manual,Volkswagen Jetta,2013.0,Delhi,Petrol,Sedan,Second Owner,80000.0,Petrol Engine
Automatic,Volvo S90,2018.0,Delhi,Diesel,Sedan,First Owner,20000.0,D4 Diesel Engine
Manual,Maruti Baleno,2017.0,Delhi,Petrol,Hatchback,First Owner,42841.0,VVT Petrol Engine
Manual,Maruti Vitara Brezza,2017.0,Delhi,Diesel,SUV,First Owner,67000.0,DDiS 200 Diesel Engine
Manual,Maruti XL6,2020.0,Delhi,Petrol,MUV,First Owner,26000.0,K15B Smart Hybrid
Manual,Maruti Wagon R,2017.0,Delhi,Petrol,Hatchback,First Owner,40000.0,K Series Petrol Engine
Manual,Mahindra XUV500,2019.0,Delhi,Diesel,SUV,First Owner,60000.0,mHawk Diesel Engine
Manual,Hyundai Verna,2015.0,Delhi,Petrol,Sedan,Second Owner,37140.0,VTVT Petrol Engine
Manual,Maruti Celerio,2018.0,Delhi,CNG,Hatchback,First Owner,120000.0,K10B Engine
Automatic,Toyota Fortuner,2018.0,Delhi,Diesel,SUV,First Owner,74000.0,1-GD FTV Engine
Manual,Hyundai i20,2021.0,Delhi,Petrol,Hatchback,First Owner,16430.0,1.2 l Kappa petrol
Manual,Toyota Urban cruiser,2022.0,Delhi,Petrol,SUV,First Owner,10000.0,k-series1.5l
Automatic,Honda City,2017.0,Delhi,Petrol,Sedan,First Owner,63054.0,i VTEC Engine
Automatic,Skoda Superb,2022.0,Delhi,Petrol,Sedan,First Owner,12000.0,2.0L Turbocharged Petrol
Automatic,Mercedes-Benz E-Class,2022.0,Delhi,Diesel,Sedan,First Owner,13000.0,In-Line 4 Cylinder diesel Engine
Automatic,Hyundai Creta,2018.0,Delhi,Diesel,SUV,Second Owner,32000.0,U2 CRDI VGT Engine
Manual,Hyundai Creta,2022.0,Delhi,Petrol,SUV,First Owner,3500.0,1.5 L MPi Petrol
Automatic,Mercedes-Benz SLC,2017.0,Delhi,Petrol,Convertibles,First Owner,7023.0,3.0L V6 bi-turbo Engine
Automatic,Mercedes-Benz GLE,2022.0,Delhi,Diesel,SUV,First Owner,5000.0,V Type Engine
Automatic,Mercedes-Benz A-Class Limousine,2021.0,Delhi,Petrol,Sedan,First Owner,11000.0,L4 200
Automatic,Mercedes-Benz C-Class,2020.0,Delhi,Petrol,Sedan,First Owner,11000.0,2L Petrol Engine
Manual,Maruti Swift,2017.0,Delhi,Petrol,Hatchback,First Owner,50629.0,K Series Dual jet
Automatic,Maruti Baleno,2019.0,Delhi,Petrol,Hatchback,First Owner,63534.0,VVT Petrol Engine
Manual,Hyundai EON,2018.0,Delhi,Petrol,Hatchback,First Owner,52000.0,Kappa Engine
Manual,Maruti Alto 800,2022.0,Delhi,CNG,Hatchback,First Owner,33695.0,F8D Petrol Engine
Automatic,Honda Jazz,2015.0,Delhi,Petrol,Hatchback,First Owner,68744.0,i-VTEC Petrol Engine
Manual,Honda City,2013.0,Delhi,Petrol,Sedan,First Owner,70000.0,SOHC i-VTEC
Automatic,Tata Tiago,2020.0,Delhi,Petrol,Hatchback,First Owner,9540.0,Revotron Engine
Automatic,Maruti Ciaz,2017.0,Delhi,Petrol,Sedan,First Owner,45000.0,k14B VVT Engine
Manual,Maruti Baleno,2019.0,Delhi,Petrol,Hatchback,First Owner,36861.0,VVT Petrol Engine
Manual,Ford Ecosport,2017.0,Delhi,Petrol,SUV,First Owner,68000.0,Ti-VCT Petrol Engine
Manual,Maruti Swift Dzire,2014.0,Delhi,Petrol,Sedan,First Owner,68000.0,K Series VVT Engine
Manual,Maruti Swift,2015.0,Delhi,Petrol,Hatchback,First Owner,38000.0,VTVT Engine
Manual,Renault KWID,2017.0,Delhi,Petrol,Hatchback,First Owner,39000.0,Petrol Engine
Manual,Volkswagen Polo,2017.0,Delhi,Petrol,Hatchback,First Owner,40000.0,MPI Petrol Engine
Automatic,MG Hector Plus,2020.0,Delhi,Petrol,SUV,First Owner,18000.0,1.5L Turbocharged Intercooled
Automatic,Maruti Wagon R,2019.0,Delhi,Petrol,Hatchback,First Owner,60000.0,K10B Petrol Engine
Manual,Ford Aspire,2018.0,Delhi,Diesel,Sedan,First Owner,40000.0,TDCi Diesel Engine
Manual,Maruti Alto K10,2018.0,Delhi,Petrol,Hatchback,First Owner,68000.0,K Series Petrol Engine
Manual,Maruti Ignis,2017.0,Delhi,Petrol,Hatchback,Second Owner,40000.0,VVT
Manual,Maruti Wagon R,2014.0,Delhi,Petrol,Hatchback,First Owner,37000.0,K10B Petrol Engine
Automatic,Maruti Swift Dzire,2018.0,Delhi,Petrol,Sedan,First Owner,21912.0,K Series VVT Engine
Manual,Hyundai i10,2013.0,Delhi,Petrol,Hatchback,First Owner,74564.0,Kappa Petrol Engine
Manual,Maruti Alto 800,2019.0,Delhi,Petrol,Hatchback,First Owner,48000.0,F8D Petrol Engine
Automatic,Honda City,2017.0,Delhi,Petrol,Sedan,First Owner,96758.0,i VTEC Engine
Manual,Honda Amaze,2018.0,Delhi,Diesel,Sedan,First Owner,60341.0,i-DTEC Diesel Engine
Manual,Maruti Swift,2017.0,Delhi,Petrol,Hatchback,First Owner,36973.0,K Series VVT Engine
Manual,Maruti Ciaz,2017.0,Delhi,Diesel,Sedan,First Owner,39000.0,DDIS 200 Engine
Manual,Maruti Wagon R,2013.0,Delhi,Petrol,Hatchback,First Owner,52514.0,K Series Petrol Engine
Manual,Maruti Wagon R,2022.0,Delhi,Petrol,Hatchback,First Owner,13001.0,K12M Petrol Engine
Manual,Hyundai Creta,2018.0,Delhi,Diesel,SUV,First Owner,72000.0,U2 CRDI Engine
Manual,Ford Ecosport,2017.0,Delhi,Petrol,SUV,First Owner,62000.0,Ti-VCT Petrol Engine
Manual,Toyota Etios,2017.0,Delhi,Petrol,Sedan,First Owner,34000.0,Petrol Engine
Manual,Honda Amaze,2015.0,Delhi,Petrol,Sedan,First Owner,67000.0,i-VTEC Petrol Engine
Manual,Volkswagen Polo,2019.0,Delhi,Petrol,Hatchback,First Owner,45000.0,MPI Petrol Engine
Manual,Maruti Swift Dzire,2013.0,Delhi,Petrol,Sedan,First Owner,64000.0,K Series VVT Engine
Manual,Chevrolet Beat,2013.0,Delhi,Petrol,Hatchback,Second Owner,58000.0,Smartech Engine
Automatic,Hyundai Creta,2017.0,Delhi,Petrol,SUV,Second Owner,48000.0,VTVT Petrol Engine
Manual,Maruti Ritz,2013.0,Delhi,Petrol,Hatchback,First Owner,70000.0,K Series Petrol Engine
Automatic,Maruti Ciaz,2017.0,Delhi,Petrol,Sedan,Second Owner,59863.0,k14B VVT Engine
Manual,Maruti Alto 800,2022.0,Delhi,CNG,Hatchback,First Owner,18468.0,F8D Petrol Engine
Manual,Ford Freestyle,2018.0,Delhi,Petrol,Hatchback,Second Owner,42173.0,1.2 litre Petrol Engine
Automatic,Ford Ecosport,2015.0,Delhi,Petrol,SUV,Second Owner,68631.0,Ti-VCT Petrol Engine
Manual,Maruti Alto 800,2021.0,Delhi,Petrol,Hatchback,First Owner,18833.0,F8D Petrol Engine
Manual,Maruti Ignis,2021.0,Delhi,Petrol,Hatchback,First Owner,55418.0,VVT
Manual,Maruti Wagon R,2013.0,Delhi,Petrol,Hatchback,First Owner,20000.0,K10B Petrol Engine
Manual,Renault Triber,2020.0,Delhi,Petrol,MUV,First Owner,53400.0,
Manual,Renault KWID,2018.0,Delhi,Petrol,Hatchback,First Owner,25000.0,Petrol Engine
Automatic,Jeep Compass,2019.0,Delhi,Petrol,SUV,First Owner,87576.0,1.4-Litre 4-Cyl Multiair Engine
Manual,Honda Brio,2014.0,Delhi,Petrol,Hatchback,First Owner,58000.0,i-VTEC Engine
Manual,Datsun GO Plus,2015.0,Delhi,Petrol,MUV,First Owner,75000.0,In Line Petrol Engine
Automatic,Volkswagen Vento,2013.0,Delhi,Petrol,Sedan,First Owner,69000.0,In Line Petrol Engine
Manual,Mahindra Thar,2015.0,Delhi,Diesel,SUV,First Owner,20000.0,NEF TCI-CRDe Engine
Manual,Maruti Alto 800,2020.0,Delhi,Petrol,Hatchback,First Owner,45000.0,F8D Petrol Engine
Manual,Maruti Swift Dzire Tour,2021.0,Delhi,CNG,Sedan,First Owner,20000.0,VVT
Manual,Maruti SX4 S Cross,2015.0,Delhi,Diesel,SUV,First Owner,70000.0,DDiS 200 Diesel Engine
Automatic,Honda Jazz,2017.0,Delhi,Petrol,Hatchback,First Owner,72000.0,i-VTEC Petrol Engine
Automatic,MG Gloster,2023.0,Delhi,Diesel,SUV,,7800.0,DIESEL 2.0L TWIN TURBO
Manual,Tata Tiago,2020.0,Delhi,Petrol,Hatchback,First Owner,25000.0,1.2 L Revotron
Automatic,Lexus RX,2020.0,Delhi,Petrol,SUV,First Owner,19000.0,2 GR FXS
Automatic,Skoda Slavia,2022.0,Delhi,Petrol,Sedan,First Owner,11332.0,1.0 L TSI Petrol
Manual,Maruti Baleno,2016.0,Delhi,Petrol,Hatchback,First Owner,25456.0,VVT Petrol Engine
Manual,Maruti Wagon R,2013.0,Delhi,Petrol,Hatchback,Second Owner,65000.0,K10B Petrol Engine
Automatic,Honda Jazz,2017.0,Delhi,Petrol,Hatchback,First Owner,93616.0,i-VTEC Petrol Engine
Automatic,Maruti Celerio,2017.0,Delhi,Petrol,Hatchback,First Owner,74134.0,K10C
Automatic,Renault Duster,2018.0,Delhi,Petrol,SUV,First Owner,70000.0,H4K Petrol Engine
Manual,Maruti Baleno,2018.0,Delhi,Diesel,Hatchback,Second Owner,62411.0,DDiS Diesel Engine
Automatic,Mercedes-Benz E-Class,2012.0,Delhi,Petrol,Sedan,Second Owner,56000.0,CGI Petrol Engine
Manual,Mahindra KUV 100 NXT,2018.0,Delhi,Diesel,SUV,Second Owner,63661.0,mFALCON D75 Engine
Automatic,MG Hector Plus,2021.0,Delhi,Petrol,SUV,First Owner,24000.0,1.5L Turbocharged Intercooled
Manual,Volkswagen Taigun,2022.0,Delhi,Petrol,SUV,First Owner,14000.0,1.5L TSI EVO with ACT
Manual,Mahindra XUV500,2017.0,Delhi,Diesel,SUV,First Owner,70000.0,mHawk Diesel Engine
Manual,Honda WR-V,2018.0,Delhi,Petrol,SUV,First Owner,50000.0,i-VTEC Petrol Engine
Manual,Volkswagen Vento,2011.0,Delhi,Petrol,Sedan,First Owner,74000.0,In Line Petrol Engine
Manual,Tata Hexa,2018.0,Delhi,Diesel,SUV,First Owner,70000.0,2.2 LTR. VARICOR 400
Manual,Hyundai i10,2013.0,Delhi,Petrol,Hatchback,First Owner,65000.0,IRDE2 Engine
Manual,Maruti Baleno,2015.0,Delhi,Diesel,Hatchback,First Owner,40000.0,DDiS Diesel Engine
Manual,Chevrolet Spark,2010.0,Delhi,Petrol,Hatchback,Third Owner,60000.0,In-Line Engine
Automatic,Honda City,2010.0,Delhi,Petrol,Sedan,Third Owner,81000.0,In-Line Engine
Manual,Maruti Alto,2012.0,Delhi,Petrol,Hatchback,First Owner,80000.0,In-Line Engine
Manual,Maruti Swift Dzire,2014.0,Delhi,Diesel,Sedan,First Owner,107539.0,DDiS Diesel Engine
Manual,Maruti Baleno,2016.0,Delhi,Petrol,Hatchback,First Owner,52059.0,VVT Petrol Engine
Manual,MG Hector,2021.0,Delhi,Petrol,SUV,First Owner,70000.0,
Manual,Hyundai i20,2021.0,Delhi,Petrol,Hatchback,First Owner,5732.0,1.2 l Kappa petrol
Manual,Honda Amaze,2018.0,Delhi,Petrol,Sedan,First Owner,53034.0,i-VTEC Petrol Engine
Manual,Honda City,2009.0,Delhi,Petrol,Sedan,Third Owner,80000.0,In-Line Engine
Manual,Maruti Baleno,2017.0,Delhi,Petrol,Hatchback,Second Owner,66462.0,VVT Petrol Engine
Manual,Mahindra XUV500,2013.0,Delhi,Diesel,SUV,First Owner,70000.0,mHawk Diesel Engine
Manual,Maruti Baleno,2017.0,Delhi,Petrol,Hatchback,First Owner,52444.0,VVT Petrol Engine
Manual,Tata Safari Storme,2014.0,Delhi,Diesel,SUV,First Owner,60000.0,VTT VariCOR Diesel Engine
Automatic,MG Hector,2019.0,Delhi,Petrol,SUV,Second Owner,40000.0,
Manual,Hyundai Grand i10 Nios,2022.0,Delhi,Petrol,Hatchback,First Owner,10000.0,1.2 Kappa petrol
Manual,Toyota Urban cruiser,2022.0,Delhi,Petrol,SUV,First Owner,10000.0,k-series1.5l
Manual,Maruti Ciaz,2017.0,Delhi,Diesel,Sedan,First Owner,70000.0,DDIS 200 Engine
Automatic,Hyundai Grand i10,2014.0,Delhi,Petrol,Hatchback,First Owner,14000.0,Kappa VTVT Petrol Engine
Manual,Ford Ecosport,2019.0,Delhi,Diesel,SUV,First Owner,39500.0,TDCi Diesel Engine
Manual,Skoda Octavia,2018.0,Delhi,Petrol,Sedan,First Owner,64213.0,1.4TSI Petrol Engine
Manual,Maruti Alto 800,2021.0,Delhi,Petrol,Hatchback,Second Owner,20000.0,F8D Petrol Engine
Manual,Kia Seltos,2019.0,Delhi,Petrol,SUV,First Owner,60000.0,Smartstream G1.4
Manual,Isuzu D-Max,2018.0,Delhi,Diesel,Pickup Trucks,First Owner,120000.0,VGS Turbo Diesel Engine
Manual,Hyundai Grand i10,2017.0,Delhi,Petrol,Hatchback,Second Owner,48768.0,Kappa VTVT Petrol Engine
Manual,Maruti Celerio,2020.0,Delhi,Petrol,Hatchback,Second Owner,91970.0,K10C
Automatic,Kia Seltos,2023.0,Delhi,Petrol,SUV,First Owner,7100.0,SmartStream G1.5 T-GDi
Manual,Maruti Baleno,2016.0,Delhi,Petrol,Hatchback,First Owner,34936.0,VVT Petrol Engine
Manual,Honda Jazz,2011.0,Delhi,Petrol,Hatchback,Third Owner,64071.0,SOHC i-VTEC
Manual,Honda WR-V,2022.0,Delhi,Petrol,SUV,First Owner,10000.0,i-VTEC
Automatic,Maruti Baleno,2018.0,Delhi,Petrol,Hatchback,First Owner,60443.0,VVT Petrol Engine
Automatic,Honda City,2017.0,Delhi,Petrol,Sedan,First Owner,56000.0,i VTEC Engine
Manual,Maruti Swift,2015.0,Delhi,Petrol,Hatchback,Second Owner,10056.0,K Series Dual jet
Manual,Honda City,2020.0,Delhi,Petrol,Sedan,First Owner,13000.0,i VTEC Engine
Manual,Hyundai Creta,2020.0,Delhi,Diesel,SUV,First Owner,80000.0,1.5 L U2 CRDi Diesel
Automatic,Land Rover Range Rover Evoque,2019.0,Delhi,Diesel,SUV,First Owner,53000.0,TD4 Diesel Engine
Manual,Maruti Grand Vitara,2012.0,Delhi,Petrol,SUV,Second Owner,110000.0,J Series Petrol Engine 
Manual,Maruti Wagon R,2012.0,Delhi,Petrol,Hatchback,First Owner,60000.0,K Series Petrol Engine
Automatic,Mercedes-Benz C-Class,2022.0,Delhi,Petrol,Sedan,First Owner,22000.0,OM654M
Manual,Maruti Swift,2022.0,Delhi,Petrol,Hatchback,First Owner,30000.0,K Series Dual jet
Automatic,Ford Ecosport,2015.0,Delhi,Petrol,SUV,Second Owner,90000.0,Ti-VCT Petrol Engine
Manual,Maruti Baleno,2020.0,Delhi,Petrol,Hatchback,First Owner,50000.0,1.2L VVT Engine
Automatic,Tata Harrier,2022.0,Delhi,Diesel,SUV,First Owner,22000.0,Kryotec 2.0 L Turbocharged Engine
Automatic,Maruti Ciaz,2016.0,Delhi,Petrol,Sedan,First Owner,48000.0,k14B VVT Engine
Manual,Maruti Baleno,2016.0,Delhi,Petrol,Hatchback,First Owner,35467.0,VVT Petrol Engine
Automatic,Hyundai Verna,2017.0,Delhi,Petrol,Sedan,First Owner,54481.0,VTVT Petrol Engine
Manual,Maruti Brezza,2022.0,Delhi,Petrol,SUV,First Owner,24000.0,K15C Smart Hybrid
Manual,Hyundai Grand i10,2017.0,Delhi,Petrol,Hatchback,First Owner,76181.0,Kappa VTVT Petrol Engine
Manual,Maruti Baleno,2020.0,Delhi,Petrol,Hatchback,First Owner,23842.0,1.2L VVT Engine
Manual,Maruti Vitara Brezza,2022.0,Delhi,Petrol,SUV,Second Owner,20000.0,K15B Petrol Engine
Automatic,Honda City,2014.0,Delhi,Petrol,Sedan,First Owner,94407.0,i VTEC Engine
Manual,Hyundai Accent,2009.0,Delhi,Petrol,Sedan,First Owner,80000.0,Petrol Engine
Manual,Maruti Baleno,2016.0,Delhi,Petrol,Hatchback,First Owner,124245.0,VVT Petrol Engine
Automatic,Honda Amaze,2022.0,Delhi,Petrol,Sedan,First Owner,5100.0,i-VTEC
Manual,Toyota Urban cruiser,2022.0,Delhi,Petrol,SUV,First Owner,30000.0,k-series1.5l
Manual,Toyota Fortuner,2012.0,Delhi,Diesel,SUV,Second Owner,120000.0,D-4D Diesel Engine
Manual,Maruti Vitara Brezza,2018.0,Delhi,Diesel,SUV,First Owner,50000.0,DDiS 200 Diesel Engine
Manual,Ford Ecosport,2017.0,Delhi,Petrol,SUV,First Owner,89698.0,Ecoboost Petrol Engine 
Automatic,Audi A4,2014.0,Delhi,Diesel,Sedan,Second Owner,18000.0,TDI Diesel Engine
Manual,Maruti Swift,2009.0,Delhi,Petrol,Hatchback,Third Owner,100000.0,In-Line Engine
Manual,Hyundai Santro Xing,2010.0,Delhi,Petrol,Hatchback,Second Owner,60000.0,Petrol Engine
Automatic,Ford Endeavour,2019.0,Delhi,Diesel,SUV,Second Owner,30000.0,Diesel Engine
Manual,Hyundai i10,2014.0,Delhi,LPG,Hatchback,First Owner,30000.0,SOHC IRDE2 Engine
Manual,Honda City,2014.0,Delhi,Petrol,Sedan,Third Owner,100000.0,i VTEC Engine
Manual,Hyundai Grand i10,2016.0,Delhi,Petrol,Hatchback,First Owner,58193.0,Kappa VTVT Petrol Engine
Manual,Maruti Baleno,2017.0,Delhi,Petrol,Hatchback,Second Owner,68621.0,VVT Petrol Engine
Manual,Honda WR-V,2017.0,Delhi,Petrol,SUV,First Owner,50000.0,i-VTEC Petrol Engine
Manual,Maruti Baleno,2020.0,Delhi,Petrol,Hatchback,First Owner,23399.0,1.2L VVT Engine
Manual,Hyundai i20 Active,2017.0,Delhi,Petrol,Hatchback,First Owner,60915.0,VTVT Petrol Engine
Manual,Maruti Ertiga,2018.0,Delhi,CNG,MUV,First Owner,44000.0,K14B Petrol Engine
Manual,Volkswagen Polo,2013.0,Delhi,Petrol,Hatchback,First Owner,101297.0,In-Line Petrol Engine 
Automatic,Honda City,2023.0,Delhi,Petrol,Sedan,First Owner,10000.0,i-VTEC
Manual,Honda Brio,2013.0,Delhi,Petrol,Hatchback,First Owner,73883.0,i-VTEC Engine
Manual,Tata Safari Storme,2014.0,Delhi,Diesel,SUV,First Owner,75000.0,VTT VariCOR Diesel Engine
Manual,Mahindra KUV 100 NXT,2018.0,Delhi,Diesel,Hatchback,First Owner,69000.0,mFALCON D75 Engine
Automatic,Hyundai i10,2011.0,Delhi,Petrol,Hatchback,First Owner,58632.0,DOHC Kappa2 Engine
Automatic,Honda Civic,2011.0,Delhi,Petrol,Sedan,First Owner,41352.0,i-VTEC
Manual,Maruti Swift Dzire,2015.0,Delhi,Petrol,Sedan,First Owner,37000.0,K Series VVT Engine
Automatic,MG Hector,2021.0,Delhi,Petrol,SUV,First Owner,20100.0,1.5 L Turbocharged Intercooled
Automatic,Mahindra XUV500,2019.0,Delhi,Diesel,SUV,First Owner,50000.0,mHawk155 Diesel Engine
Manual,Maruti Ignis,2018.0,Delhi,Petrol,Hatchback,First Owner,90000.0,VVT
Automatic,Mercedes-Benz C-Class,2020.0,Delhi,Petrol,Sedan,First Owner,7800.0,2L Petrol Engine
Manual,Maruti Swift Dzire,2016.0,Delhi,Diesel,Sedan,First Owner,120000.0,DDiS Diesel Engine
Manual,Hyundai Santro Xing,2010.0,Delhi,CNG,Hatchback,First Owner,120000.0,
Manual,Maruti Baleno,2020.0,Delhi,Petrol,Hatchback,First Owner,59014.0,1.2L VVT Engine
Automatic,Honda Brio,2017.0,Delhi,Petrol,Hatchback,First Owner,43148.0,i-VTEC Engine
Automatic,Ford Endeavour,2019.0,Delhi,Diesel,SUV,First Owner,79000.0,Diesel Engine
Manual,Maruti Swift Dzire,2015.0,Delhi,Petrol,Sedan,First Owner,89352.0,
Manual,Tata Tigor,2021.0,Delhi,Petrol,Sedan,First Owner,38511.0,1.2L Revotron Engine
Automatic,Mercedes-Benz M-Class,2015.0,Delhi,Diesel,SUV,First Owner,54000.0,Diesel Engine
Manual,Maruti Baleno,2016.0,Delhi,Petrol,Hatchback,First Owner,66584.0,VVT Petrol Engine
Automatic,Ford Endeavour,2017.0,Delhi,Diesel,SUV,First Owner,48000.0,Diesel Engine
Manual,Maruti Ignis,2020.0,Delhi,Petrol,Hatchback,First Owner,19418.0,1.2-Litre VVT Petrol Engine
Automatic,Mercedes-Benz C-Class,2016.0,Delhi,Petrol,Sedan,First Owner,72000.0,In Line Engine
Automatic,Toyota Yaris,2018.0,Delhi,Petrol,Sedan,First Owner,23000.0,1.5 Dual VVT-i Engine
Manual,Nissan Sunny,2012.0,Delhi,Petrol,Sedan,First Owner,50000.0,HR15 Petrol Engine
Manual,Kia Sonet,2022.0,Delhi,Diesel,SUV,First Owner,20000.0,1.5 L CRDi WGT
Manual,Honda City,2021.0,Delhi,Petrol,Sedan,First Owner,30000.0,i-VTEC
Manual,Hyundai Venue,2020.0,Delhi,Petrol,SUV,First Owner,42000.0,Kappa 1.2 L MPi Petrol
Automatic,Maruti Ciaz,2023.0,Delhi,Petrol,Sedan,First Owner,600.0,K15 Smart Hybrid Petrol Engine
Manual,Chevrolet Optra,2010.0,Delhi,Petrol,Sedan,Third Owner,30000.0,In-Line Engine
Manual,Nissan Sunny,2012.0,Delhi,Petrol,Sedan,First Owner,70000.0,HR15 Petrol Engine
Manual,Hyundai i20,2015.0,Delhi,Diesel,Hatchback,First Owner,136288.0,U2 CRDI Diesel Engine
Manual,Hyundai Grand i10,2015.0,Delhi,Petrol,Hatchback,First Owner,48000.0,Kappa VTVT Petrol Engine
Manual,Hyundai Grand i10,2019.0,Delhi,Petrol,Hatchback,First Owner,49707.0,Kappa VTVT Petrol Engine
Manual,Honda Brio,2012.0,Delhi,Petrol,Hatchback,First Owner,59443.0,i-VTEC Engine
Manual,Maruti Swift Dzire Tour,2022.0,Delhi,CNG,Sedan,First Owner,30000.0,
Automatic,Jeep Compass,2017.0,Delhi,Petrol,SUV,First Owner,52000.0,1.4-Litre 4-Cyl Multiair Engine
Automatic,Mahindra XUV500,2019.0,Delhi,Diesel,SUV,First Owner,40398.0,mHawk155 Diesel Engine
Manual,Jeep Compass,2019.0,Delhi,Petrol,SUV,First Owner,50000.0,1.4-Litre 4-Cyl Multiair Engine
Manual,Hyundai i20,2017.0,Delhi,Petrol,Hatchback,Second Owner,84181.0,Kappa VTVT Petrol Engine
Manual,Mahindra KUV 100 NXT,2018.0,Delhi,Petrol,Hatchback,First Owner,10000.0,mFALCON G80 Engine
Manual,Maruti Swift,2018.0,Delhi,Diesel,Hatchback,First Owner,66434.0,DDiS 190 Engine
Automatic,Ford Ecosport,2018.0,Delhi,Petrol,SUV,First Owner,40000.0,Ti-VCT Petrol Engine
Manual,Maruti Wagon R,2007.0,Delhi,Petrol,Hatchback,First Owner,100000.0,FC Petrol Engine
Automatic,Ford Ecosport,2018.0,Delhi,Petrol,SUV,First Owner,40000.0,Ti-VCT Petrol Engine
Manual,Tata Safari Storme,2013.0,Delhi,Diesel,SUV,First Owner,100000.0,VTT VariCOR Diesel Engine
Automatic,Toyota Fortuner,2018.0,Delhi,Diesel,SUV,First Owner,51800.0,1-GD FTV Engine
Manual,Honda Civic,2010.0,Delhi,Petrol,Sedan,Fifth Owner,100000.0,i-VTEC 
Manual,Honda Civic,2010.0,Delhi,Petrol,Sedan,Fifth Owner,100000.0,i-VTEC 
Manual,Hyundai i20,2019.0,Delhi,Petrol,Hatchback,Second Owner,70000.0,Kappa VTVT Petrol Engine
Automatic,Audi Q3,2013.0,Delhi,Diesel,SUV,First Owner,87000.0,TDI Diesel Engine
Manual,Maruti XL6,2021.0,Delhi,Petrol,MUV,First Owner,7000.0,K15B Smart Hybrid
Automatic,Maruti Ignis,2017.0,Delhi,Diesel,Hatchback,Second Owner,60000.0,1.3-Litre DDiS Diesel Engine
Automatic,Ford Ecosport,2015.0,Delhi,Petrol,SUV,First Owner,88710.0,Ti-VCT Petrol Engine
Manual,Maruti Baleno,2019.0,Delhi,Petrol,Hatchback,First Owner,47644.0,VVT Petrol Engine
Manual,Mahindra XUV500,2017.0,Delhi,Diesel,SUV,First Owner,40000.0,mHawk Diesel Engine
Manual,Maruti Baleno,2016.0,Delhi,Petrol,Hatchback,First Owner,100505.0,VVT Petrol Engine
Manual,Hyundai i20,2015.0,Delhi,Petrol,Hatchback,First Owner,106648.0,Kappa VTVT Petrol Engine
Manual,Hyundai Santro Xing,2014.0,Delhi,CNG,Hatchback,Second Owner,60000.0,Bifuel Engine
Manual,Maruti Wagon R,2019.0,Delhi,CNG,Hatchback,First Owner,53481.0,K10B Petrol Engine
Manual,Maruti Wagon R,2012.0,Delhi,Petrol,Hatchback,Second Owner,40000.0,K Series Petrol Engine
Manual,Maruti Baleno,2019.0,Delhi,Petrol,Hatchback,First Owner,25050.0,VVT Petrol Engine
Manual,Mahindra XUV500,2016.0,Delhi,Diesel,SUV,First Owner,77000.0,mHawk Diesel Engine
Manual,Maruti Swift,2006.0,Delhi,Petrol,Hatchback,Fourth Owner,120000.0,In-Line Engine
Manual,Honda Amaze,2014.0,Delhi,Petrol,Sedan,First Owner,58000.0,i-VTEC Petrol Engine
Manual,Honda City,2014.0,Delhi,Petrol,Sedan,First Owner,96000.0,i VTEC Engine
Manual,Maruti Celerio,2019.0,Delhi,CNG,Hatchback,First Owner,51000.0,K10B Engine
Manual,Honda Jazz,2015.0,Delhi,Diesel,Hatchback,First Owner,70000.0,i-DTEC Diesel Engine
Automatic,Hyundai Alcazar,2022.0,Delhi,Diesel,SUV,First Owner,27000.0,1.5 l diesel CRDi engine
Manual,Tata Nexon,2020.0,Delhi,Petrol,SUV,First Owner,32456.0,1.2l Turbocharged Revotron Engine
Automatic,Mahindra Thar,2021.0,Delhi,Diesel,SUV,First Owner,15000.0,mHawk 130 Engine
Manual,Hyundai Verna,2021.0,Delhi,Petrol,Sedan,First Owner,34940.0,1.5 l MPi petrol
Manual,Hyundai Verna,2016.0,Delhi,Diesel,Sedan,Third Owner,70000.0,U2 VGT Diesel Engine 
Manual,Maruti Baleno,2019.0,Delhi,Petrol,Hatchback,First Owner,73679.0,VVT Petrol Engine
Manual,Hyundai Grand i10,2017.0,Delhi,Petrol,Hatchback,Second Owner,32722.0,Kappa VTVT Petrol Engine
Automatic,Volkswagen Polo,2018.0,Delhi,Petrol,Hatchback,Second Owner,70000.0,TSI Petrol Engine
Manual,Hyundai Verna,2019.0,Delhi,Petrol,Sedan,First Owner,59059.0,VTVT Petrol Engine
Manual,Hyundai Grand i10,2017.0,Delhi,Petrol,Hatchback,Second Owner,34332.0,Kappa VTVT Petrol Engine
Manual,Ford Ecosport,2018.0,Delhi,Diesel,SUV,First Owner,72194.0,TDCi Diesel Engine
Manual,Maruti Baleno,2017.0,Delhi,Petrol,Hatchback,First Owner,56740.0,VVT Petrol Engine
Manual,Mahindra TUV 300,2019.0,Delhi,Diesel,SUV,First Owner,72490.0,mHawk 100 Diesel Engine
Manual,Hyundai Grand i10,2018.0,Delhi,Petrol,Hatchback,First Owner,35828.0,Kappa VTVT Petrol Engine
Automatic,Audi Q3,2015.0,Delhi,Diesel,SUV,First Owner,57088.0,TDI Diesel Engine
Automatic,Toyota Yaris,2020.0,Delhi,Petrol,Sedan,First Owner,70382.0,1.5 Dual VVT-i Engine
Manual,Maruti Ignis,2022.0,Delhi,Petrol,Hatchback,First Owner,20000.0,VVT
Automatic,Hyundai Verna,2018.0,Delhi,Diesel,Sedan,First Owner,17000.0,U2 VGT Diesel Engine
Automatic,MG Hector,2020.0,Delhi,Petrol,SUV,First Owner,30000.0,
Manual,Honda Jazz,2012.0,Delhi,Petrol,Hatchback,First Owner,70000.0,SOHC i-VTEC
Automatic,Maruti Ertiga,2019.0,Delhi,Petrol,MUV,First Owner,65202.0,K15 Smart Hybrid
Manual,Maruti Ertiga,2013.0,Delhi,Petrol,MUV,First Owner,72000.0,K Series Petrol Engine
Manual,Maruti Wagon R,2021.0,Delhi,CNG,Hatchback,First Owner,45313.0,K10B Petrol Engine
Automatic,Mercedes-Benz C-Class,2015.0,Delhi,Diesel,Sedan,First Owner,40000.0,In-Line Engine
Manual,Mahindra XUV500,2014.0,Delhi,Diesel,SUV,First Owner,120000.0,mHawk Diesel Engine
Manual,Maruti Ritz,2014.0,Delhi,Petrol,Hatchback,Second Owner,54235.0,K Series Petrol Engine
Automatic,Maruti Ignis,2018.0,Delhi,Petrol,Hatchback,First Owner,52777.0,1.2-Litre VVT Petrol Engine
Manual,Hyundai i20,2018.0,Delhi,Petrol,Hatchback,First Owner,26000.0,Kappa VTVT Petrol Engine
Manual,Skoda Rapid,2018.0,Delhi,Petrol,Sedan,First Owner,77937.0,Petrol Engine
Manual,Tata Tigor,2021.0,Delhi,Petrol,Sedan,First Owner,40663.0,1.2L Revotron Engine
Manual,Hyundai Grand i10,2015.0,Delhi,Petrol,Hatchback,First Owner,40000.0,Kappa VTVT Petrol Engine
Manual,Toyota Etios,2011.0,Delhi,Petrol,Sedan,First Owner,115500.0,"2NR-FE ,Gasoline, 4 Cylin"
Automatic,Skoda Superb,2015.0,Delhi,Petrol,Sedan,First Owner,67000.0,Petrol Engine
Manual,Hyundai Creta,2016.0,Delhi,Petrol,SUV,First Owner,16312.0,VTVT Petrol Engine
Manual,Maruti Swift Dzire,2016.0,Delhi,Petrol,Sedan,Second Owner,60000.0,K Series VVT Engine
Manual,Honda Mobilio,2014.0,Delhi,Petrol,MUV,First Owner,90000.0,i-VTEC Engine
Manual,Hyundai Grand i10,2018.0,Delhi,CNG,Hatchback,First Owner,67000.0,Kappa VTVT Petrol Engine
Manual,Maruti Ciaz,2015.0,Delhi,Petrol,Sedan,Second Owner,80000.0,k14B VVT Engine
Manual,Hyundai i10,2011.0,Delhi,Petrol,Hatchback,First Owner,60000.0,IRDE2 Engine
Automatic,Honda City,2015.0,Delhi,Petrol,Sedan,First Owner,34253.0,i VTEC Engine
Automatic,Kia Seltos,2019.0,Delhi,Petrol,SUV,First Owner,27000.0,Smartstream G1.5
Automatic,Maruti Celerio,2017.0,Delhi,Petrol,Hatchback,Second Owner,64000.0,K10B Engine
Manual,Hyundai Xcent,2015.0,Delhi,Petrol,Sedan,First Owner,67827.0,Kappa VTVT Petrol Engine
Manual,Maruti Baleno,2018.0,Delhi,Petrol,Hatchback,First Owner,79094.0,VVT Petrol Engine
Manual,Hyundai Verna,2012.0,Delhi,Petrol,Sedan,Second Owner,64589.0,VTVT Petrol Engine
Manual,Hyundai i20 Active,2015.0,Delhi,Petrol,Hatchback,First Owner,88309.0,VTVT Petrol Engine
Manual,Maruti Swift,2018.0,Delhi,Petrol,Hatchback,Second Owner,66688.0,K Series Dual jet
Manual,Maruti Baleno,2022.0,Delhi,Petrol,Hatchback,First Owner,20000.0,1.2L VVT Engine
Automatic,Maruti Ciaz,2018.0,Delhi,Petrol,Sedan,First Owner,60653.0,k15B VVT Engine
Automatic,Kia Carnival,2022.0,Delhi,Diesel,MUV,First Owner,70000.0,D2.2L VGT Diesel
Manual,Hyundai Grand i10,2017.0,Delhi,Petrol,Hatchback,First Owner,86527.0,Kappa VTVT Petrol Engine
Manual,Honda Amaze,2017.0,Delhi,Petrol,Sedan,First Owner,67000.0,i-VTEC Petrol Engine
Manual,Honda Jazz,2009.0,Delhi,Petrol,Hatchback,Third Owner,70000.0,SOHC i-VTEC
Automatic,Ford Ecosport,2013.0,Delhi,Petrol,SUV,Third Owner,70000.0,Ti-VCT Petrol Engine
Manual,Honda Amaze,2018.0,Delhi,Petrol,Sedan,First Owner,70311.0,i-VTEC Petrol Engine
Manual,Tata Tiago,2016.0,Delhi,Petrol,Hatchback,First Owner,54000.0,Revotron Engine
Manual,Honda City,2009.0,Delhi,Petrol,Sedan,Third Owner,80000.0,In-Line Engine
Manual,Honda WR-V,2017.0,Delhi,Diesel,SUV,First Owner,52000.0,i-DTEC Diesel Engine
Manual,Maruti Wagon R,2010.0,Delhi,Petrol,Hatchback,First Owner,20000.0,FC Petrol Engine
Manual,Hyundai i20,2019.0,Delhi,Diesel,Hatchback,First Owner,80000.0,U2 CRDI Diesel Engine
Manual,Maruti Wagon R,2009.0,Delhi,Petrol,Hatchback,Third Owner,110000.0,FC Petrol Engine
Automatic,Mahindra Thar,2021.0,Delhi,Diesel,SUV,First Owner,15000.0,mHawk 130 Engine
Manual,Maruti Wagon R,2019.0,Delhi,CNG,Hatchback,First Owner,69821.0,K10B Petrol Engine
Manual,Tata Altroz,2021.0,Delhi,Petrol,Hatchback,First Owner,12754.0,1.2 l i-Turbo
Manual,Toyota Corolla Altis,2017.0,Delhi,Petrol,Sedan,First Owner,69000.0,2ZR-FE Petrol Engine
Manual,Maruti Wagon R,2014.0,Delhi,Petrol,Hatchback,First Owner,98390.0,K10B Petrol Engine
Automatic,Maruti Ciaz,2016.0,Delhi,Petrol,Sedan,First Owner,84195.0,k14B VVT Engine
Automatic,Mercedes-Benz CLA,2018.0,Delhi,Petrol,Sedan,First Owner,17000.0,In Line Petrol Engine
Manual,Maruti Ignis,2017.0,Delhi,Petrol,Hatchback,First Owner,77184.0,1.2-Litre VVT Petrol Engine
Manual,Tata Manza,2012.0,Delhi,Petrol,Sedan,First Owner,40000.0,"4 Cylinder, MPFI, Petrol "
Manual,Hyundai Grand i10,2017.0,Delhi,Petrol,Hatchback,First Owner,82848.0,Kappa VTVT Petrol Engine
Automatic,Tata Tiago,2019.0,Delhi,Petrol,Hatchback,First Owner,30000.0,Revotron Engine
Manual,Honda Jazz,2016.0,Delhi,Petrol,Hatchback,First Owner,50000.0,i-VTEC Petrol Engine
Automatic,Toyota Innova Crysta,2022.0,Delhi,Diesel,MUV,First Owner,40000.0,2.4L Diesel Engine
Manual,Maruti Alto K10,2013.0,Delhi,Petrol,Hatchback,First Owner,70000.0,K Series Petrol Engine
Manual,Maruti Baleno,2017.0,Delhi,Petrol,Hatchback,First Owner,47688.0,1.2L VVT Engine
Manual,Toyota Corolla Altis,2009.0,Delhi,Petrol,Sedan,Third Owner,100000.0,2ZR-FE Gasoline 4Cylinder
Manual,Nissan Micra,2014.0,Delhi,Diesel,Hatchback,Second Owner,90000.0,In-Line Diesel Engine
Manual,Maruti Wagon R,2006.0,Delhi,Petrol,Hatchback,First Owner,40000.0,K Series Petrol Engine
Manual,Mahindra KUV 100 NXT,2018.0,Delhi,Petrol,Hatchback,Second Owner,40000.0,mFALCON G80 Engine
Manual,Renault Duster,2016.0,Delhi,Diesel,SUV,First Owner,50000.0,dCi THP Diesel Engine
Manual,Toyota Corolla Altis,2012.0,Delhi,Petrol,Sedan,Second Owner,30000.0,DOHC Dual VVT-i Petrol En
Automatic,Maruti Baleno,2018.0,Delhi,Petrol,Hatchback,Second Owner,106711.0,VVT Petrol Engine
Manual,Hyundai i20,2017.0,Delhi,Petrol,Hatchback,First Owner,83741.0,Kappa VTVT Petrol Engine
Automatic,Audi Q5,2014.0,Delhi,Diesel,SUV,First Owner,50000.0,TDI Quattro Engine 
Manual,Volkswagen Vento,2018.0,Delhi,Diesel,Sedan,First Owner,105792.0,TDI Diesel Engine
Manual,Maruti Baleno,2019.0,Delhi,Petrol,Hatchback,First Owner,88750.0,VVT Petrol Engine
Manual,Mahindra XUV500,2014.0,Delhi,Diesel,SUV,First Owner,70000.0,mHawk Diesel Engine
Manual,Hyundai i20 Active,2018.0,Delhi,Petrol,Hatchback,First Owner,89972.0,VTVT Petrol Engine
Manual,Volkswagen Vento,2014.0,Delhi,Petrol,Sedan,First Owner,50000.0,In Line Petrol Engine
Manual,Honda Jazz,2019.0,Delhi,Petrol,Hatchback,Second Owner,36785.0,i-VTEC Petrol Engine
Manual,Hyundai Verna,2019.0,Delhi,Petrol,Sedan,First Owner,48000.0,Kappa Dual VTVT Petrol Engine
Manual,Mahindra XUV700,2021.0,Delhi,Petrol,SUV,First Owner,20000.0,2.0L Turbo Petrol
Automatic,Mercedes-Benz C-Class,2023.0,Delhi,Petrol,Sedan,First Owner,7000.0,OM654M
Automatic,Renault Triber,2021.0,Delhi,Petrol,MUV,First Owner,50000.0,
Manual,Maruti Vitara Brezza,2016.0,Delhi,Diesel,SUV,First Owner,40000.0,DDiS 200 Diesel Engine
Manual,Hyundai i20,2017.0,Delhi,Petrol,Hatchback,First Owner,59000.0,Kappa VTVT Petrol Engine
Automatic,Jeep Compass,2019.0,Delhi,Petrol,SUV,First Owner,70000.0,1.4-Litre 4-Cyl Multiair Engine
Manual,Kia Seltos,2019.0,Delhi,Diesel,SUV,First Owner,110000.0,1.5 L CRDi VGT
Manual,Mahindra Scorpio,2015.0,Delhi,Diesel,SUV,First Owner,100000.0,mHawk Diesel Engine
Automatic,Mercedes-Benz GLS,2017.0,Delhi,Diesel,SUV,Second Owner,30000.0,V-Type Engine
Manual,Skoda Rapid,2020.0,Delhi,Petrol,Sedan,First Owner,48000.0,1.0L TSI Petrol
Manual,Hyundai Xcent,2017.0,Delhi,Petrol,Sedan,First Owner,22424.0,1.2L Kappa Dual VTVT Petrol
Manual,Hyundai Xcent,2017.0,Delhi,Petrol,Sedan,First Owner,58147.0,1.2L Kappa Dual VTVT Petrol
Manual,Hyundai Grand i10,2015.0,Delhi,Petrol,Hatchback,First Owner,67000.0,Kappa VTVT Petrol Engine
Automatic,Maruti Celerio,2019.0,Delhi,Petrol,Hatchback,First Owner,112479.0,K10B Engine
Automatic,Maruti Swift Dzire,2018.0,Delhi,Petrol,Sedan,First Owner,25494.0,K Series VVT Engine
Automatic,Hyundai Creta,2016.0,Delhi,Diesel,SUV,Second Owner,78000.0,U2 CRDI VGT Engine
Manual,Hyundai i20,2016.0,Delhi,Petrol,Hatchback,Second Owner,51276.0,Kappa VTVT Petrol Engine
Manual,Hyundai Creta,2017.0,Delhi,Diesel,SUV,First Owner,85000.0,U2 CRDI VGT Engine
Manual,Honda Jazz,2018.0,Delhi,Petrol,Hatchback,Second Owner,75402.0,i-VTEC Petrol Engine
Manual,Toyota Corolla Altis,2014.0,Delhi,Petrol,Sedan,First Owner,109000.0,2ZR-FE Petrol Engine
Automatic,BMW 5 Series,2021.0,Delhi,Petrol,Sedan,First Owner,14500.0,TwinPower Turbo Inline 4 Cylinder Engine
Automatic,Audi Q7,2017.0,Delhi,Diesel,SUV,Second Owner,76000.0,V-Type Diesel Engine
Manual,Honda Amaze,2017.0,Delhi,Petrol,Sedan,First Owner,34000.0,i-VTEC Petrol Engine
Manual,Hyundai Xcent,2015.0,Delhi,Petrol,Sedan,Second Owner,80000.0,Kappa VTVT Petrol Engine
Automatic,Honda Amaze,2018.0,Delhi,Diesel,Sedan,First Owner,60000.0,i-DTEC Diesel Engine
Manual,Nissan Terrano,2014.0,Delhi,Diesel,SUV,First Owner,60000.0,K9K Diesel Engine
Manual,Maruti Swift Dzire,2014.0,Delhi,Petrol,Sedan,Second Owner,59000.0,K Series VVT Engine
Manual,Ford Ecosport,2016.0,Delhi,Diesel,SUV,First Owner,99000.0,TDCi Diesel Engine
Automatic,Jeep Compass,2021.0,Delhi,Petrol,SUV,First Owner,17000.0,1.4L MultiAir Petrol
Manual,Maruti Ciaz,2018.0,Delhi,Petrol,Sedan,First Owner,79982.0,k15B VVT Engine
Automatic,Honda City,2017.0,Delhi,Petrol,Sedan,First Owner,67047.0,i VTEC Engine
Manual,Volkswagen Jetta,2012.0,Delhi,Diesel,Sedan,First Owner,50000.0,Turbocharged Diesel Engin
Manual,Maruti Baleno,2017.0,Delhi,Petrol,Hatchback,First Owner,85782.0,VVT Petrol Engine
Manual,Maruti Baleno,2016.0,Delhi,Petrol,Hatchback,First Owner,99547.0,VVT Petrol Engine
Automatic,Renault KWID,2018.0,Delhi,Petrol,Hatchback,First Owner,30000.0,Petrol Engine
Manual,Maruti Celerio,2017.0,Delhi,Petrol,Hatchback,First Owner,69455.0,K10C
Automatic,Volkswagen Taigun,2022.0,Delhi,Petrol,SUV,First Owner,14000.0,1.5L TSI EVO with ACT
Automatic,Ford Ecosport,2019.0,Delhi,Petrol,SUV,First Owner,40738.0,Ti-VCT Petrol Engine
Automatic,Mercedes-Benz C-Class,2015.0,Delhi,Petrol,Sedan,First Owner,76000.0,In-Line Engine
Manual,Maruti Swift,2020.0,Delhi,Petrol,Hatchback,First Owner,30000.0,VTVT Engine
Manual,Ford Ecosport,2020.0,Delhi,Diesel,SUV,First Owner,50000.0,TDCi Diesel Engine
Manual,Nissan Sunny,2012.0,Delhi,Petrol,Sedan,Second Owner,90000.0,HR15 Petrol Engine
Automatic,Honda City,2022.0,Delhi,Petrol,Sedan,First Owner,10700.0,Water Cooled Inline i-VTEC DOHC with VTC
Automatic,Honda City,2022.0,Delhi,Petrol,Sedan,First Owner,10000.0,Water Cooled Inline i-VTEC DOHC with VTC
Manual,Maruti Wagon R,2017.0,Delhi,Petrol,Hatchback,Second Owner,80000.0,K10B Petrol Engine
Automatic,Audi Q7,2018.0,Delhi,Diesel,SUV,First Owner,36000.0,V-Type Diesel Engine
Automatic,Ford Endeavour,2018.0,Delhi,Diesel,SUV,First Owner,70000.0,Diesel Engine
Automatic,Toyota Fortuner,2015.0,Delhi,Diesel,SUV,First Owner,60000.0,D-4D Diesel Engine
Automatic,Mercedes-Benz CLA,2018.0,Delhi,Petrol,Sedan,First Owner,34000.0,In Line Petrol Engine
Manual,Honda City,2016.0,Delhi,Petrol,Sedan,First Owner,48430.0,i VTEC Engine
Manual,Ford Ecosport,2018.0,Delhi,Diesel,SUV,First Owner,93671.0,TDCi Diesel Engine
Automatic,Toyota Fortuner,2015.0,Delhi,Diesel,SUV,Second Owner,100000.0,D-4D Diesel Engine
Automatic,Maruti Ciaz,2018.0,Delhi,Petrol,Sedan,Second Owner,108665.0,k15B VVT Engine
Manual,Tata Tiago,2022.0,Delhi,CNG,Hatchback,First Owner,17447.0,1.2 L i-CNG
Manual,Mahindra XUV700,2022.0,Delhi,Diesel,SUV,First Owner,19000.0,2.2 L Turbo Diesel
Manual,Renault Duster,2019.0,Delhi,Diesel,SUV,Second Owner,100579.0,
Automatic,Nissan Micra,2013.0,Delhi,Petrol,Hatchback,First Owner,80000.0,In Line Petrol Engine
Manual,Hyundai Santro,2019.0,Delhi,Petrol,Hatchback,First Owner,65039.0,1.1 litre Petrol Engine
Automatic,Ford Endeavour,2017.0,Delhi,Diesel,SUV,First Owner,60000.0,Diesel Engine
Manual,Hyundai i10,2010.0,Delhi,Petrol,Hatchback,Fourth Owner,50000.0,IRDE2 Engine
Automatic,Honda City,2015.0,Delhi,Petrol,Sedan,First Owner,65000.0,i VTEC Engine
Manual,Hyundai i20,2011.0,Delhi,Petrol,Hatchback,Third Owner,84000.0,In-Line Engine
Automatic,Toyota Fortuner,2021.0,Delhi,Petrol,SUV,First Owner,35000.0,Dual VVTi Petrol Engine
Manual,Maruti Vitara Brezza,2018.0,Delhi,Diesel,SUV,First Owner,80000.0,DDiS 200 Diesel Engine
Manual,Toyota Hyryder,2023.0,Delhi,Petrol,SUV,First Owner,16500.0,1.5L K Series
Manual,Toyota Fortuner,2019.0,Delhi,Diesel,SUV,Second Owner,40000.0,1-GD FTV Engine
Manual,Honda City,2016.0,Delhi,Petrol,Sedan,First Owner,50500.0,i VTEC Engine
Manual,Tata Zest,2016.0,Delhi,Petrol,Sedan,Second Owner,90000.0,Revotron Engine
Automatic,Honda City,2010.0,Delhi,Petrol,Sedan,Second Owner,80000.0,In-Line Engine
Manual,Hyundai Santro Xing,2011.0,Delhi,Petrol,Hatchback,Second Owner,40462.0,In-Line Engine
Manual,Maruti Swift,2018.0,Delhi,Petrol,Hatchback,First Owner,40000.0,VTVT Engine
Manual,Maruti Swift Dzire,2013.0,Delhi,Diesel,Sedan,First Owner,150000.0,DDiS Diesel Engine
Manual,Hyundai Verna,2020.0,Delhi,Petrol,Sedan,First Owner,47761.0,1.5 l MPi petrol
Manual,Hyundai Creta,2020.0,Delhi,Diesel,SUV,First Owner,80488.0,1.5 L U2 CRDi Diesel
Manual,Maruti S-Presso,2020.0,Delhi,CNG,Hatchback,First Owner,70000.0,K10B
Manual,Tata New Safari,2022.0,Delhi,Diesel,SUV,First Owner,17204.0,Kryotec 2.0 L Turbocharged Engine
Automatic,Hyundai Grand i10,2017.0,Delhi,Petrol,Hatchback,First Owner,66000.0,Kappa VTVT Petrol Engine
Manual,Renault KWID,2019.0,Delhi,Petrol,Hatchback,First Owner,41900.0,Petrol Engine
Manual,Hyundai Grand i10,2019.0,Delhi,Petrol,Hatchback,First Owner,45000.0,Kappa VTVT Petrol Engine
Manual,Volkswagen Polo,2013.0,Delhi,Petrol,Hatchback,First Owner,52000.0,MPI Petrol Engine
Automatic,Hyundai Alcazar,2021.0,Delhi,Diesel,SUV,First Owner,40000.0,1.5 l diesel CRDi engine
Manual,Honda Amaze,2015.0,Delhi,Petrol,Sedan,First Owner,64000.0,i-VTEC Petrol Engine
Manual,Mahindra KUV 100 NXT,2018.0,Delhi,CNG,SUV,First Owner,76500.0,mFALCON G80 Engine
Manual,Honda City,2016.0,Delhi,Petrol,Sedan,First Owner,48000.0,i VTEC Engine
Automatic,Tata Nexon,2019.0,Delhi,Petrol,SUV,First Owner,42000.0,Revotron 1.2L Turbocharged engine
Manual,Renault Duster,2014.0,Delhi,Petrol,SUV,Second Owner,50000.0,K4M Petrol Engine
Manual,Ford Ecosport,2017.0,Delhi,Petrol,SUV,Second Owner,55000.0,Ti-VCT Petrol Engine
Manual,Volkswagen Vento,2010.0,Delhi,Petrol,Sedan,Second Owner,90000.0,In Line Petrol Engine
Automatic,Mercedes-Benz E-Class,2015.0,Delhi,Petrol,Sedan,First Owner,72000.0,In-Line Petrol Engine 
Manual,Mahindra KUV 100,2018.0,Delhi,Petrol,SUV,Second Owner,33091.0,mFALCON G80 Engine
Manual,Renault KWID,2018.0,Delhi,Petrol,Hatchback,First Owner,40838.0,0.8 SCe
Automatic,Mercedes-Benz C-Class,2015.0,Delhi,Petrol,Sedan,First Owner,56000.0,In-Line Engine
Manual,Toyota Innova Crysta,2018.0,Delhi,Diesel,MUV,First Owner,71914.0,2.4L Diesel Engine
Manual,Maruti Swift,2017.0,Delhi,Petrol,Hatchback,First Owner,67043.0,K Series Dual jet
Automatic,Mini Cooper Countryman,2021.0,Delhi,Petrol,SUV,First Owner,18000.0,Petroll Engine
Manual,Toyota Etios,2011.0,Delhi,Petrol,Sedan,First Owner,100010.0,"2NR-FE ,Gasoline, 4 Cylin"
Automatic,Maruti Celerio,2016.0,Delhi,Petrol,Hatchback,Second Owner,70000.0,K10B Engine
Manual,Honda City,2015.0,Delhi,Petrol,Sedan,First Owner,56857.0,i VTEC Engine
Automatic,Toyota Camry,2014.0,Delhi,Petrol,Sedan,First Owner,120000.0,2AR FXE Petrol Engine 
Automatic,Mercedes-Benz GL-Class,2015.0,Delhi,Diesel,SUV,First Owner,92000.0,V-Type Diesel Engine
Automatic,Mercedes-Benz E-Class,2019.0,Delhi,Diesel,Sedan,First Owner,45000.0,CDI In-line Engine
Automatic,Toyota Innova Crysta,2019.0,Delhi,Diesel,MUV,First Owner,68000.0,1-GD FTV Engine
Automatic,Mercedes-Benz GLC,2020.0,Delhi,Petrol,SUV,First Owner,36000.0,M 264 petrol engine
Automatic,BMW 7 Series,2012.0,Delhi,Petrol,Sedan,Second Owner,67000.0,V-Type Engine
Manual,Toyota Corolla Altis,2017.0,Delhi,Petrol,Sedan,First Owner,37000.0,2ZR-FE Petrol Engine
Automatic,MG Hector Plus,2021.0,Delhi,Petrol,SUV,First Owner,9150.0,1.5L Turbocharged Intercooled
Manual,Hyundai i20,2012.0,Delhi,Diesel,Hatchback,Third Owner,100000.0,Diesel Engine
Automatic,Honda Amaze,2022.0,Delhi,Petrol,Sedan,First Owner,10000.0,i-VTEC
Manual,Maruti Ertiga,2013.0,Delhi,CNG,MUV,First Owner,116059.0,K15C
Manual,Maruti Ignis,2022.0,Delhi,Petrol,Hatchback,First Owner,18254.0,VVT
Automatic,Land Rover Range Rover Sport,2016.0,Delhi,Diesel,SUV,First Owner,61200.0,V-Type Engine
Manual,Honda Amaze,2016.0,Delhi,Petrol,Sedan,First Owner,108133.0,i-VTEC Petrol Engine
Manual,Maruti Ertiga,2014.0,Delhi,Petrol,MUV,First Owner,66198.0,K15C Smart Hybrid
Manual,Maruti Baleno,2017.0,Delhi,Petrol,Hatchback,First Owner,49000.0,1.2L VVT Engine
Automatic,Hyundai Grand i10,2017.0,Delhi,Petrol,Hatchback,First Owner,89733.0,Kappa VTVT Petrol Engine
Automatic,Maruti Swift,2022.0,Delhi,Petrol,Hatchback,First Owner,20000.0,K Series Dual jet
Manual,Hyundai i20,2014.0,Delhi,Diesel,Hatchback,Second Owner,90360.0,U2 CRDI Diesel Engine
Automatic,Land Rover Discovery Sport,2017.0,Delhi,Petrol,SUV,First Owner,44000.0,Si4 Petrol Engine
Automatic,Toyota Yaris,2020.0,Delhi,Petrol,Sedan,First Owner,26000.0,1.5 Dual VVT-i Engine
Manual,Maruti Ciaz,2016.0,Delhi,Petrol,Sedan,First Owner,68000.0,k14B VVT Engine
Manual,Maruti Ciaz,2018.0,Delhi,Petrol,Sedan,First Owner,60000.0,k15B VVT Engine
Automatic,BMW 3 Series,2020.0,Delhi,Petrol,Sedan,First Owner,20000.0,TwinPower Turbo 4 Cylinder Petrol Engine
Manual,Honda City,2021.0,Delhi,Petrol,Sedan,First Owner,8000.0,i VTEC Engine
Manual,Renault Duster,2014.0,Delhi,Diesel,SUV,First Owner,120000.0,dCi Diesel Engine
Manual,Maruti Wagon R,2015.0,Delhi,CNG,Hatchback,First Owner,70000.0,K10B Engine
Manual,Honda City,2009.0,Delhi,Petrol,Sedan,Third Owner,90000.0,In-Line Engine
Manual,Ford Ecosport,2018.0,Delhi,Diesel,SUV,First Owner,70000.0,TDCi Diesel Engine
Manual,Tata Harrier,2021.0,Delhi,Diesel,SUV,First Owner,70000.0,Kryotec 2.0 L Turbocharged Engine
Manual,Hyundai Venue,2021.0,Delhi,Petrol,SUV,Second Owner,14445.0,Kappa 1.0 L Turbo GDi Petrol
Automatic,Tata Nexon,2019.0,Delhi,Petrol,SUV,Second Owner,29847.0,Revotron 1.2L Turbocharged engine
Manual,Volkswagen Vento,2011.0,Delhi,Petrol,Sedan,Second Owner,80000.0,In Line Petrol Engine
Automatic,Hyundai Grand i10,2014.0,Delhi,Petrol,Hatchback,First Owner,88443.0,Kappa VTVT Petrol Engine
Manual,Hyundai i10,2011.0,Delhi,Petrol,Hatchback,Second Owner,82892.0,Kappa Petrol Engine
Automatic,Mahindra Thar,2023.0,Delhi,Diesel,SUV,First Owner,14500.0,mHawk 130 Engine
Manual,Hyundai i20 Active,2015.0,Delhi,Petrol,Hatchback,First Owner,59549.0,VTVT Petrol Engine
Manual,Maruti Wagon R,2015.0,Delhi,CNG,Hatchback,First Owner,70000.0,K10B Engine
Manual,Maruti Wagon R,2019.0,Delhi,CNG,Hatchback,Second Owner,64228.0,K10B Petrol Engine
Manual,Maruti Swift,2022.0,Delhi,Petrol,Hatchback,First Owner,10000.0,K Series Dual jet
Manual,Ford Ecosport,2018.0,Delhi,Diesel,SUV,Second Owner,60000.0,TDCi Diesel Engine
Automatic,Tata Nexon,2018.0,Delhi,Petrol,SUV,First Owner,32000.0,Revotron 1.2L Turbocharged engine
Manual,Maruti Swift,2019.0,Delhi,Petrol,Hatchback,First Owner,20000.0,VTVT Engine
Manual,Maruti Wagon R,2016.0,Delhi,CNG,Hatchback,First Owner,65000.0,K10B Petrol Engine
Manual,Maruti Wagon R,2021.0,Delhi,CNG,Hatchback,First Owner,23900.0,K10B Petrol Engine
Manual,Maruti Alto K10,2023.0,Delhi,Petrol,Hatchback,First Owner,2900.0,K10C
Manual,Hyundai Venue,2022.0,Delhi,Petrol,SUV,First Owner,15000.0,1.2 Kappa Petrol
Manual,Hyundai Santro,2022.0,Delhi,Petrol,Hatchback,First Owner,11200.0,1.1 L Petrol
Automatic,Tata Nexon EV Prime,2023.0,Delhi,Electric,SUV,First Owner,17000.0,
Manual,Kia Sonet,2023.0,Delhi,Petrol,SUV,First Owner,1900.0,Smartstream G1.0 T - GDi
Manual,Hyundai i10,2010.0,Delhi,Petrol,Hatchback,First Owner,70098.0,Kappa Petrol Engine
Manual,Nissan Magnite,2021.0,Delhi,Petrol,SUV,First Owner,30498.0,B4D 1.0 NA PETROL
Automatic,Honda Amaze,2021.0,Delhi,Petrol,Sedan,First Owner,33000.0,i-VTEC
Manual,Renault Kiger,2021.0,Delhi,Petrol,SUV,First Owner,7243.0,1.0L Turbo
Manual,Maruti Brezza,2023.0,Delhi,Petrol,SUV,First Owner,7867.0,K15C Smart Hybrid
Manual,Maruti Vitara Brezza,2018.0,Delhi,Diesel,SUV,Second Owner,110000.0,DDiS 200 Diesel Engine
Manual,Renault Triber,2022.0,Delhi,Petrol,MUV,First Owner,49650.0,
Manual,Tata New Safari,2022.0,Delhi,Diesel,SUV,First Owner,5301.0,Kryotec 2.0 L Turbocharged Engine
Manual,Hyundai Venue,2019.0,Delhi,Petrol,SUV,First Owner,21366.0,
Automatic,Jeep Compass,2021.0,Delhi,Diesel,SUV,First Owner,40099.0,2.0L Multijet Diesel
Manual,Ford Aspire,2015.0,Delhi,Diesel,Sedan,First Owner,100000.0,TDCi Diesel Engine
Manual,Ford Aspire,2015.0,Delhi,Diesel,Sedan,First Owner,100000.0,TDCi Diesel Engine
Manual,Honda City,2015.0,Delhi,Petrol,Sedan,First Owner,48000.0,i VTEC Engine
Automatic,Mercedes-Benz GLE,2020.0,Delhi,Diesel,SUV,First Owner,29000.0,V Type Engine
Manual,Maruti Wagon R,2017.0,Delhi,CNG,Hatchback,First Owner,120000.0,K10B Engine
Automatic,Tata Nexon,2019.0,Delhi,Petrol,SUV,First Owner,58000.0,Revotron 1.2L Turbocharged engine
Manual,Honda Amaze,2016.0,Delhi,Petrol,Sedan,First Owner,58000.0,i-VTEC Petrol Engine
Manual,Honda Amaze,2015.0,Delhi,Petrol,Sedan,First Owner,50000.0,i-VTEC Petrol Engine
Automatic,Honda Amaze,2019.0,Delhi,Petrol,Sedan,First Owner,32000.0,i-VTEC Petrol Engine
Automatic,BMW 3 Series,2020.0,Delhi,Diesel,Sedan,First Owner,9900.0,TwinPower Turbo 4 Cylinder Engine
Manual,Maruti Swift,2017.0,Delhi,Petrol,Hatchback,First Owner,3721.0,K Series VVT Engine
Manual,Hyundai Grand i10 Nios,2020.0,Delhi,Petrol,Hatchback,First Owner,16564.0,1.2 Kappa petrol
Automatic,BMW X5,2019.0,Delhi,Diesel,SUV,First Owner,34000.0,TwinPower Turbo 6-cylinder engine
Manual,Tata Punch,2022.0,Delhi,Petrol,SUV,First Owner,15992.0,1.2 l Revotron Engine
Manual,Maruti Alto K10,2015.0,Delhi,Petrol,Hatchback,First Owner,91380.0,K Series Petrol Engine
Automatic,Mercedes-Benz CLA,2017.0,Delhi,Petrol,Sedan,First Owner,50000.0,In Line Petrol Engine
Manual,Maruti Alto K10,2017.0,Delhi,Petrol,Hatchback,Second Owner,47231.0,K10C
Automatic,Toyota Fortuner,2018.0,Delhi,Diesel,SUV,First Owner,20500.0,1-GD FTV Engine
Manual,Maruti Vitara Brezza,2018.0,Delhi,Diesel,SUV,First Owner,89908.0,DDiS 200 Diesel Engine
Automatic,Mercedes-Benz GLC,2018.0,Delhi,Diesel,SUV,First Owner,60000.0,Diesel Engine
Automatic,BMW X1,2018.0,Delhi,Diesel,SUV,First Owner,34000.0,Diesel Engine
Manual,Toyota Glanza,2022.0,Delhi,Petrol,Hatchback,First Owner,30000.0,1.2 L Petrol Engine
Manual,Fiat Punto,2013.0,Delhi,Diesel,Hatchback,First Owner,120000.0,MULTIJET Engine
Manual,Hyundai i10,2010.0,Delhi,Petrol,Hatchback,First Owner,99100.0,IRDE2 Engine
Automatic,Jeep Compass,2019.0,Delhi,Petrol,SUV,First Owner,22000.0,1.4-Litre 4-Cyl Multiair Engine
Automatic,BMW X1,2017.0,Delhi,Diesel,SUV,First Owner,22120.0,Diesel Engine
Manual,Mahindra XUV500,2020.0,Delhi,Diesel,SUV,First Owner,30120.0,mHawk155 Diesel Engine
Automatic,Renault Triber,2023.0,Delhi,Petrol,MUV,First Owner,4000.0,
Manual,Hyundai Venue,2021.0,Delhi,Diesel,SUV,First Owner,14800.0,U2 CRDi Diesel
Automatic,Honda Civic,2020.0,Delhi,Petrol,Sedan,First Owner,8120.0,1.8-litre i-VTEC petrol engine
Manual,Hyundai i20,2012.0,Delhi,Petrol,Hatchback,First Owner,54650.0,Kappa VTVT Petrol Engine
Manual,Hyundai i10,2010.0,Delhi,Petrol,Hatchback,First Owner,99343.0,IRDE2 Engine
Manual,Jeep Compass,2020.0,Delhi,Diesel,SUV,First Owner,22800.0,2.0-Litre 4-Cyl Multijet II Engine
Manual,Maruti Wagon R,2014.0,Delhi,Petrol,Hatchback,Second Owner,37961.0,K10B Petrol Engine
Manual,Maruti Alto K10,2016.0,Delhi,Petrol,Hatchback,Second Owner,76751.0,K10C
Automatic,Mahindra Scorpio N,2022.0,Delhi,Petrol,SUV,First Owner,6000.0,mStallion
Automatic,MG Astor,2021.0,Delhi,Petrol,SUV,First Owner,24788.0,220TURBO
Automatic,Mitsubishi Outlander,2010.0,Delhi,Petrol,SUV,Second Owner,90000.0,Petrol
Manual,Maruti Alto K10,2017.0,Delhi,Petrol,Hatchback,First Owner,70036.0,K10C
Manual,Mahindra XUV500,2019.0,Delhi,Diesel,SUV,Second Owner,45500.0,mHawk Diesel Engine
Automatic,Audi Q5,2022.0,Delhi,Petrol,SUV,First Owner,16000.0,2.0 L TFSI
Manual,Hyundai i20,2012.0,Delhi,Petrol,Hatchback,First Owner,75000.0,In-Line Engine
Automatic,Mercedes-Benz S-Class,2012.0,Delhi,Petrol,Sedan,First Owner,19000.0,V-Type Engine
Automatic,Mercedes-Benz A Class,2014.0,Delhi,Diesel,Hatchback,Second Owner,40000.0,In-line Diesel Engine
Automatic,Jaguar XE,2019.0,Delhi,Petrol,Sedan,First Owner,20000.0,Petrol Engine
Automatic,Honda City,2013.0,Delhi,Petrol,Sedan,Second Owner,61000.0,SOHC i-VTEC
Manual,Toyota Innova,2013.0,Delhi,Diesel,MUV,First Owner,126000.0,In-Line Engine
Automatic,Maruti Ciaz,2018.0,Delhi,Petrol,Sedan,First Owner,30000.0,k14B VVT Engine
Manual,Maruti Ertiga,2019.0,Delhi,Petrol,MUV,First Owner,77293.0,K15 Smart Hybrid
Manual,Maruti Swift Dzire,2013.0,Delhi,Petrol,Sedan,First Owner,110000.0,K Series VVT Engine
Manual,Maruti Alto K10,2019.0,Delhi,Petrol,Hatchback,First Owner,25502.0,K10C
Automatic,Maruti Celerio,2016.0,Delhi,Petrol,Hatchback,First Owner,57120.0,K10C
Automatic,Toyota Innova Crysta,2016.0,Delhi,Diesel,MUV,First Owner,97000.0,1-GD FTV Engine
Manual,Maruti Wagon R,2017.0,Delhi,Petrol,Hatchback,First Owner,51868.0,K10B Petrol Engine
Manual,Hyundai i10,2010.0,Delhi,Petrol,Hatchback,First Owner,52725.0,DOHC Kappa2 Engine
Manual,Maruti Swift,2014.0,Delhi,Diesel,Hatchback,First Owner,50000.0,DDiS Diesel Engine
Manual,Hyundai i10,2012.0,Delhi,Petrol,Hatchback,First Owner,84929.0,Kappa Petrol Engine
Manual,Honda WR-V,2017.0,Delhi,Petrol,SUV,First Owner,42000.0,i-VTEC Petrol Engine
Automatic,Maruti XL6,2019.0,Delhi,Petrol,MUV,First Owner,21515.0,K15C Smart Hybrid
Automatic,Audi A6,2015.0,Delhi,Diesel,Sedan,Second Owner,50000.0,TDI Diesel Engine 
Automatic,Mercedes-Benz GLC,2020.0,Delhi,Petrol,SUV,First Owner,42000.0,M 264 petrol engine
Manual,Tata Tiago,2019.0,Delhi,Petrol,Hatchback,First Owner,53000.0,Revotron Engine
Automatic,Maruti Celerio,2016.0,Delhi,Petrol,Hatchback,First Owner,71000.0,K10B Engine
Automatic,Honda Amaze,2019.0,Delhi,Petrol,Sedan,First Owner,48000.0,i-VTEC Petrol Engine
Manual,Maruti Baleno,2018.0,Delhi,Petrol,Hatchback,First Owner,56000.0,VVT Petrol Engine
Manual,Maruti Vitara Brezza,2018.0,Delhi,Diesel,SUV,First Owner,60000.0,DDiS 200 Diesel Engine
Manual,Tata Altroz,2021.0,Delhi,Petrol,Hatchback,First Owner,50000.0,1.2 l Revotron
Manual,Maruti Wagon R,2016.0,Delhi,CNG,Hatchback,First Owner,120000.0,K10B Engine
Manual,Maruti Ritz,2011.0,Delhi,Petrol,Hatchback,Second Owner,50000.0,K Series Petrol Engine 
Manual,Maruti Ertiga,2022.0,Delhi,CNG,MUV,First Owner,30000.0,K15C
Manual,Maruti Swift,2023.0,Delhi,Petrol,Hatchback,First Owner,3819.0,K Series Dual jet
Automatic,Hyundai i20,2020.0,Delhi,Petrol,Hatchback,First Owner,7825.0,1.2 l Kappa petrol
Manual,Honda City,2016.0,Delhi,Petrol,Sedan,Second Owner,70000.0,i VTEC Engine
Automatic,Maruti Celerio,2019.0,Delhi,Petrol,Hatchback,First Owner,27436.0,K10B Engine
Manual,Maruti Ertiga,2013.0,Delhi,Petrol,MUV,First Owner,40673.0,K Series Petrol Engine
Manual,Hyundai Verna,2022.0,Delhi,Diesel,Sedan,First Owner,60000.0,1.5 l U2 CRDi diesel
Automatic,Maruti Swift,2018.0,Delhi,Petrol,Hatchback,First Owner,33100.0,K Series Dual jet
Manual,Maruti SX4,2009.0,Delhi,Petrol,Sedan,Second Owner,80000.0,In-Line Engine
Manual,Maruti Alto K10,2019.0,Delhi,Petrol,Hatchback,First Owner,57929.0,K10C
Manual,Hyundai i20,2022.0,Delhi,Petrol,Hatchback,First Owner,8500.0,1.2 l Kappa petrol
Manual,Honda City,2011.0,Delhi,Petrol,Sedan,First Owner,60000.0,In-Line Engine
Automatic,Mercedes-Benz CLA,2018.0,Delhi,Diesel,Sedan,First Owner,40000.0,In Line Diesel Engine
Manual,Maruti Swift,2013.0,Delhi,Petrol,Hatchback,Second Owner,120000.0,K Series Petrol Engine
Automatic,Mercedes-Benz CLA,2018.0,Delhi,Diesel,Sedan,First Owner,40000.0,In Line Diesel Engine
Automatic,Mitsubishi Outlander,2011.0,Delhi,Petrol,SUV,First Owner,76000.0,Petrol
Manual,Maruti Ertiga,2021.0,Delhi,CNG,MUV,First Owner,35000.0,K15B
Manual,Honda City,2015.0,Delhi,Petrol,Sedan,First Owner,19681.0,i VTEC Engine
Manual,Ford Fiesta Classic,2012.0,Delhi,Petrol,Sedan,Second Owner,68866.0,In-Line Engine
Manual,Maruti Vitara Brezza,2018.0,Delhi,Diesel,SUV,Second Owner,100000.0,DDiS 200 Diesel Engine
Automatic,Maruti Ciaz,2016.0,Delhi,Petrol,Sedan,Second Owner,70000.0,k14B VVT Engine
Automatic,Maruti Celerio,2016.0,Delhi,Petrol,Hatchback,First Owner,53338.0,K10C
Manual,Honda Amaze,2017.0,Delhi,Petrol,Sedan,First Owner,41558.0,i-VTEC Petrol Engine
Manual,Maruti Alto,2011.0,Delhi,Petrol,Hatchback,Second Owner,10000.0,In-Line Engine
Manual,Maruti Baleno,2017.0,Delhi,Petrol,Hatchback,Second Owner,25403.0,VVT Petrol Engine
Manual,Honda City,2014.0,Delhi,Petrol,Sedan,First Owner,52800.0,i VTEC Engine
Manual,Toyota Innova Crysta,2019.0,Delhi,Diesel,MUV,First Owner,60000.0,2-GD FTV Engine
Manual,Maruti Swift,2012.0,Delhi,Petrol,Hatchback,First Owner,92543.0,VTVT Engine
Automatic,Audi A6,2015.0,Delhi,Diesel,Sedan,First Owner,28000.0,TDI Diesel Engine
Manual,Hyundai i10,2011.0,Delhi,Petrol,Hatchback,Second Owner,95525.0,Kappa Petrol Engine
Manual,Kia Seltos,2020.0,Delhi,Diesel,SUV,First Owner,3200.0,1.5 L CRDi VGT
Automatic,Toyota Innova Crysta,2022.0,Delhi,Petrol,MUV,First Owner,9000.0,2.7 L Dual VVT
Automatic,Jeep Compass,2022.0,Delhi,Diesel,SUV,First Owner,31000.0,2.0L Multijet Diesel
Manual,Maruti Brezza,2022.0,Delhi,Petrol,SUV,First Owner,23000.0,K15C
Manual,Maruti Swift,2023.0,Delhi,Petrol,Hatchback,First Owner,2700.0,K Series Dual jet
Manual,Hyundai Grand i10,2015.0,Delhi,Petrol,Hatchback,First Owner,30000.0,Kappa VTVT Petrol Engine
Automatic,Ford Ecosport,2017.0,Delhi,Petrol,SUV,Second Owner,130000.0,Ti-VCT Petrol Engine
Manual,Mahindra XUV500,2016.0,Delhi,Diesel,SUV,First Owner,60000.0,mHawk Diesel Engine
Manual,Chevrolet Spark,2009.0,Delhi,Petrol,Hatchback,Second Owner,12400.0,In-Line Engine
Manual,Volkswagen Polo,2014.0,Delhi,Diesel,Hatchback,Second Owner,79000.0,TDI Diesel Engine
Automatic,Honda Civic,2020.0,Delhi,Petrol,Sedan,Third Owner,32000.0,1.8-litre i-VTEC petrol engine
Manual,Volkswagen Polo,2011.0,Delhi,Petrol,Hatchback,First Owner,39368.0,In-Line Petrol Engine
Manual,Hyundai i20,2013.0,Delhi,Petrol,Hatchback,First Owner,49597.0,Kappa Dual VTVT Petrol En
Automatic,Mercedes-Benz E-Class,2011.0,Delhi,Petrol,Sedan,Second Owner,70000.0,CGI Petrol Engine
Automatic,Maruti Alto K10,2016.0,Delhi,Petrol,Hatchback,First Owner,34174.0,K Series Petrol Engine
Manual,Maruti Ignis,2021.0,Delhi,Petrol,Hatchback,First Owner,11171.0,VVT
Automatic,Audi Q7,2014.0,Delhi,Diesel,SUV,First Owner,68000.0,V-Type Diesel Engine
Manual,Honda City,2010.0,Delhi,Petrol,Sedan,First Owner,62545.0,In-Line Engine
Manual,Maruti Wagon R,2016.0,Delhi,Petrol,Hatchback,First Owner,94480.0,K10B Petrol Engine
Manual,Maruti Alto 800,2017.0,Delhi,Petrol,Hatchback,First Owner,19299.0,F8D Petrol Engine
Manual,Honda City,2010.0,Delhi,Petrol,Sedan,First Owner,60000.0,In-Line Engine
Automatic,Hyundai Creta,2017.0,Delhi,Diesel,SUV,Second Owner,34000.0,U2 CRDI VGT Engine
Manual,Tata Tiago,2020.0,Delhi,Petrol,Hatchback,First Owner,30000.0,1.2 L Revotron
Automatic,Audi Q5,2017.0,Delhi,Diesel,SUV,First Owner,55000.0,TDI Quattro Engine 
Automatic,Maruti Swift Dzire,2020.0,Delhi,Petrol,Sedan,First Owner,120000.0,K Series VVT Engine
Manual,Ford Ecosport,2017.0,Delhi,Petrol,SUV,Second Owner,70000.0,Ti-VCT Petrol Engine
Automatic,MG Hector,2019.0,Delhi,Petrol,SUV,Second Owner,40000.0,
Automatic,Hyundai Verna,2014.0,Delhi,Diesel,Sedan,Second Owner,120000.0,Diesel Engine
Manual,Hyundai i10,2009.0,Delhi,Petrol,Hatchback,Second Owner,70000.0,Petrol Engine
Automatic,Maruti FRONX,2023.0,Delhi,Petrol,SUV,First Owner,1500.0,1.0L Turbo Boosterjet
Automatic,MG Hector,2020.0,Delhi,Petrol,SUV,First Owner,30000.0,
Automatic,Honda City,2016.0,Delhi,Petrol,Sedan,First Owner,53464.0,i VTEC Engine
Manual,Hyundai Grand i10,2016.0,Delhi,Petrol,Hatchback,Second Owner,43216.0, Kappa VTVT Petrol Engine
Manual,Tata Safari Storme,2014.0,Delhi,Diesel,SUV,First Owner,70000.0,VTT VariCOR Diesel Engine
Manual,Tata Tiago,2022.0,Delhi,CNG,Hatchback,First Owner,16372.0,1.2 L i-CNG
Manual,Hyundai Grand i10,2018.0,Delhi,Petrol,Hatchback,First Owner,14515.0,Kappa VTVT Petrol Engine
Automatic,Hyundai Verna,2019.0,Delhi,Petrol,Sedan,First Owner,30000.0,VTVT Petrol Engine
Manual,Maruti Swift,2012.0,Delhi,Petrol,Hatchback,First Owner,85617.0,K Series Petrol Engine
Automatic,MG Gloster,2021.0,Delhi,Diesel,SUV,First Owner,70000.0,Diesel 2.0 Twin Turbo
Manual,Maruti Wagon R,2010.0,Delhi,Petrol,Hatchback,First Owner,76605.0,K Series Petrol Engine
Manual,Kia Seltos,2021.0,Delhi,Petrol,SUV,Second Owner,20000.0,SMARTSTREAM G1.5
Manual,Kia Sonet,2022.0,Delhi,Petrol,SUV,First Owner,10000.0,Smartstream G1.0 T - GDi
Manual,Chevrolet Beat,2015.0,Delhi,Diesel,Hatchback,First Owner,70000.0,SMARTECH Diesel Engine
Manual,Hyundai Grand i10,2017.0,Delhi,Diesel,Hatchback,Third Owner,80000.0,U2 CRDi  Diesel Engine
Automatic,Mahindra Thar,2023.0,Delhi,Diesel,SUV,First Owner,4900.0,mHawk 130 Engine
Manual,Maruti Swift,2017.0,Delhi,Petrol,Hatchback,First Owner,55000.0,K Series VVT Engine
Manual,Kia Seltos,2021.0,Delhi,Petrol,SUV,Second Owner,20000.0,SMARTSTREAM G1.5
Automatic,Land Rover Range Rover Sport,2018.0,Delhi,Diesel,SUV,,35000.0,V-Type Engine
Automatic,Mini Cooper,2014.0,Delhi,Petrol,Hatchback,Second Owner,22000.0,Petrol Engine
Manual,Mahindra Scorpio Classic,2022.0,Delhi,Diesel,SUV,First Owner,45000.0,mHawk
Automatic,Honda Amaze,2019.0,Delhi,Petrol,Sedan,First Owner,26000.0,i-VTEC Petrol Engine
Manual,Maruti Alto 800,2018.0,Delhi,Petrol,Hatchback,First Owner,21387.0,F8D Petrol Engine
Manual,Maruti Swift,2018.0,Delhi,Petrol,Hatchback,First Owner,64568.0,K Series Dual jet
Automatic,Volkswagen Taigun,2022.0,Delhi,Petrol,SUV,First Owner,25000.0,1.0L TSI
Manual,Maruti Swift,2012.0,Delhi,Petrol,Hatchback,First Owner,73568.0,K Series Dual jet
Manual,Maruti Swift,2014.0,Delhi,Petrol,Hatchback,First Owner,87755.0,VTVT Engine
Automatic,Jeep Compass,2021.0,Delhi,Diesel,SUV,First Owner,34000.0,2.0-Litre 4-Cyl Multijet II Engine
Automatic,Hyundai i20 N Line,2021.0,Delhi,Petrol,Hatchback,First Owner,25319.0,1.0 Turbo GDI
Manual,Mahindra Thar,2022.0,Delhi,Petrol,SUV,First Owner,11000.0,mStallion 150 TGDi Engine
Automatic,Maruti Ignis,2020.0,Delhi,Petrol,Hatchback,First Owner,23051.0,1.2-Litre VVT Petrol Engine
Automatic,MG Hector,2021.0,Delhi,Petrol,SUV,First Owner,4200.0,1.5 L Turbocharged Intercooled
Manual,Maruti Swift,2012.0,Delhi,Petrol,Hatchback,Third Owner,80000.0,K Series Petrol Engine
Manual,Hyundai Santro,2021.0,Delhi,Petrol,Hatchback,First Owner,20000.0,1.1 L Petrol
Manual,Toyota Innova Crysta,2018.0,Delhi,Diesel,MUV,First Owner,70123.0,2-GD FTV Engine
Automatic,Honda City,2016.0,Delhi,Petrol,Sedan,First Owner,71156.0,i VTEC Engine
Automatic,Hyundai Grand i10 Nios,2021.0,Delhi,Petrol,Hatchback,First Owner,10000.0,1.2 Kappa petrol
Manual,Maruti Ertiga,2015.0,Delhi,Diesel,MUV,First Owner,80000.0,DDiS Diesel Engine
Manual,Maruti Celerio Tour 2018-2021,2019.0,Delhi,CNG,Hatchback,Second Owner,70000.0,
Manual,Fiat Linea,2009.0,Delhi,Petrol,Sedan,First Owner,30000.0, FIRE Engine
Automatic,Honda Brio,2017.0,Delhi,Petrol,Hatchback,First Owner,36000.0,i-VTEC Engine
Manual,Renault KWID,2017.0,Delhi,Petrol,Hatchback,Third Owner,50000.0,Petrol Engine
Manual,Mahindra XUV300,2022.0,Delhi,Diesel,SUV,First Owner,30211.0,1.5L Turbo Diesel
Automatic,Mahindra XUV700,2022.0,Delhi,Diesel,SUV,First Owner,16291.0,2.2 L Turbo Diesel
Manual,Honda Amaze,2019.0,Delhi,Petrol,Sedan,First Owner,40000.0,i-VTEC Petrol Engine
Manual,Maruti Baleno,2016.0,Delhi,Petrol,Hatchback,Second Owner,72368.0,VVT Petrol Engine
Manual,Honda WR-V,2018.0,Delhi,Diesel,SUV,Second Owner,51260.0,i-DTEC Diesel Engine
Manual,Honda Brio,2013.0,Delhi,Petrol,Hatchback,Second Owner,30000.0,i-VTEC Engine
Manual,Hyundai i20,2018.0,Delhi,Petrol,Hatchback,First Owner,79166.0,Kappa VTVT Petrol Engine
Automatic,BMW 3 Series GT,2016.0,Delhi,Diesel,Sedan,Second Owner,120000.0,TwinPower Turbo 4-Cylinder Diesel Engine
Manual,Datsun GO Plus,2021.0,Delhi,Petrol,MUV,First Owner,10512.0,Naturally Aspirated 12V DOHC EFI
Automatic,BMW 3 Series GT,2016.0,Delhi,Diesel,Sedan,Second Owner,110000.0,TwinPower Turbo 4-Cylinder Diesel Engine
Manual,Honda Jazz,2015.0,Delhi,Petrol,Hatchback,Second Owner,70000.0,i-VTEC Petrol Engine
Manual,Hyundai Creta,2017.0,Delhi,Petrol,SUV,First Owner,30000.0,VTVT Petrol Engine
Manual,Tata Altroz,2021.0,Delhi,Petrol,Hatchback,First Owner,50000.0,1.2 l Revotron
Manual,Ford Ecosport,2017.0,Delhi,Diesel,SUV,First Owner,100000.0,TDCi Diesel Engine
Manual,Hyundai EON,2014.0,Delhi,Petrol,Hatchback,First Owner,40000.0,Petrol Engine
Manual,Hyundai Creta,2018.0,Delhi,Diesel,SUV,First Owner,74000.0,U2 CRDI Engine
Manual,Ford Aspire,2015.0,Delhi,Diesel,Sedan,First Owner,60000.0,TDCi Diesel Engine
Manual,Tata Harrier,2019.0,Delhi,Diesel,SUV,First Owner,120000.0,Kryotec 2.0LTurbocharged Engine
Manual,Hyundai i10,2011.0,Delhi,Petrol,Hatchback,First Owner,9545.0,DOHC Kappa2 Engine 
Automatic,Mahindra Thar,2022.0,Delhi,Petrol,SUV,First Owner,20000.0,mStallion 150 TGDi Engine
Manual,Ford Ecosport,2018.0,Delhi,Petrol,SUV,First Owner,36002.0,Ti-VCT Petrol Engine
Automatic,Maruti Baleno,2021.0,Delhi,Petrol,Hatchback,Second Owner,30854.0,1.2L VVT Engine
Manual,Maruti Swift Dzire,2018.0,Delhi,Diesel,Sedan,First Owner,45000.0,DDiS Diesel Engine
Manual,Maruti Swift,2019.0,Delhi,Petrol,Hatchback,First Owner,52654.0,K Series Dual jet
Manual,Hyundai Santro,2019.0,Delhi,CNG,Hatchback,First Owner,34151.0,
Manual,Renault KWID,2017.0,Delhi,Petrol,Hatchback,First Owner,29000.0,Petrol Engine
Manual,Honda City,2019.0,Delhi,Petrol,Sedan,First Owner,31873.0,i VTEC Engine
Manual,Hyundai Verna,2015.0,Delhi,Petrol,Sedan,First Owner,24000.0,VTVT Petrol Engine
Manual,Maruti Baleno,2016.0,Delhi,Petrol,Hatchback,First Owner,52129.0,VVT Petrol Engine
Manual,Honda City,2009.0,Delhi,Petrol,Sedan,Second Owner,82000.0,In-Line Engine
Manual,Maruti Ciaz,2015.0,Delhi,Petrol,Sedan,First Owner,64000.0,k14B VVT Engine
Automatic,Mercedes-Benz GL-Class,2016.0,Delhi,Diesel,SUV,First Owner,75000.0,V-Type Diesel Engine
Manual,Renault Triber,2020.0,Delhi,Petrol,MUV,First Owner,50000.0,1.0L Petrol Engine
Automatic,BMW X1,2018.0,Delhi,Diesel,SUV,First Owner,63000.0,Diesel Engine
Automatic,Maruti Celerio,2014.0,Delhi,Petrol,Hatchback,First Owner,63000.0,K10B Engine
Manual,Tata Safari Storme,2014.0,Delhi,Diesel,SUV,First Owner,79000.0,VTT VariCOR Diesel Engine
Manual,Honda Brio,2012.0,Delhi,Petrol,Hatchback,First Owner,64000.0,i-VTEC Engine
Automatic,Mahindra XUV700,2022.0,Delhi,Diesel,SUV,First Owner,16000.0,2.2 L Turbo Diesel
Automatic,Lexus ES,2019.0,Delhi,Petrol,Sedan,First Owner,50236.0,2.5-liter L4 engine
Automatic,Mercedes-Benz E-Class,2017.0,Delhi,Diesel,Sedan,First Owner,28000.0,CDI In-line Engine
Manual,Renault KWID,2022.0,Delhi,Petrol,Hatchback,First Owner,6624.0,1.0 SCe
Manual,Honda Amaze,2013.0,Delhi,Petrol,Sedan,Second Owner,48077.0,i-VTEC Petrol Engine
Automatic,Audi A4,2016.0,Delhi,Diesel,Sedan,First Owner,36000.0,TDI Diesel Engine
Manual,Hyundai i20,2016.0,Delhi,Petrol,Hatchback,First Owner,71355.0,Kappa VTVT Petrol Engine
Automatic,Hyundai Grand i10 Nios,2019.0,Delhi,Petrol,Hatchback,First Owner,76282.0,1.2 Kappa petrol
Automatic,Jaguar XJ,2018.0,Delhi,Diesel,Sedan,Second Owner,40000.0,Diesel Engine
Manual,Hyundai Grand i10,2017.0,Delhi,Petrol,Hatchback,First Owner,25091.0,Kappa VTVT Petrol Engine
Automatic,Mercedes-Benz CLA,2018.0,Delhi,Diesel,Sedan,First Owner,80000.0,In Line Diesel Engine
Manual,Hyundai i10,2013.0,Delhi,Petrol,Hatchback,First Owner,42857.0,DOHC Kappa2 Engine
Manual,Mahindra TUV 300,2017.0,Delhi,Diesel,SUV,First Owner,70000.0,mHawk 100 Diesel Engine
Automatic,BMW 5 Series,2016.0,Delhi,Diesel,Sedan,First Owner,96000.0,Diesel Engine
Automatic,MG Hector,2021.0,Delhi,Petrol,SUV,First Owner,66999.0,1.5 L Turbocharged Intercooled
Automatic,Volkswagen Polo,2021.0,Delhi,Petrol,Hatchback,First Owner,69000.0,TSI Petrol Engine
Automatic,Mercedes-Benz CLA,2018.0,Delhi,Diesel,Sedan,First Owner,33000.0,In Line Diesel Engine
Automatic,Toyota Corolla Altis,2014.0,Delhi,Petrol,Sedan,First Owner,65000.0,2ZR-FE Petrol Engine
Automatic,Maruti Baleno,2018.0,Delhi,Petrol,Hatchback,First Owner,49000.0,VVT Petrol Engine
Automatic,Mercedes-Benz E-Class,2010.0,Delhi,Petrol,Convertibles,Second Owner,80000.0,Petrol Engine
Manual,Toyota Innova,2014.0,Delhi,Diesel,MUV,Second Owner,88000.0,2KD-FTV Diesel Engine
Manual,Maruti Swift Dzire,2014.0,Delhi,Diesel,Sedan,First Owner,74000.0,DDiS Diesel Engine
Automatic,MG Hector,2020.0,Delhi,Petrol,SUV,First Owner,23000.0,
Manual,Maruti Alto K10,2015.0,Delhi,Petrol,Hatchback,First Owner,32192.0,K10C
Manual,Maruti Swift Dzire,2017.0,Delhi,Petrol,Sedan,First Owner,53930.0,
Manual,Ford Ecosport,2017.0,Delhi,Petrol,SUV,Second Owner,70000.0,Ti-VCT Petrol Engine
Manual,Honda City,2015.0,Delhi,Petrol,Sedan,Second Owner,47121.0,i VTEC Engine
Automatic,Toyota Fortuner,2014.0,Delhi,Diesel,SUV,First Owner,65000.0,D-4D Diesel Engine
Manual,Hyundai i20,2017.0,Delhi,Petrol,Hatchback,Second Owner,39000.0,Kappa VTVT Petrol Engine
Manual,Maruti Grand Vitara,2023.0,Delhi,CNG,SUV,First Owner,20000.0,
Manual,Hyundai Xcent,2016.0,Delhi,Diesel,Sedan,First Owner,150000.0,U2 CRDI Diesel Engine
Manual,Maruti Wagon R,2009.0,Delhi,Petrol,Hatchback,Third Owner,110000.0,FC Petrol Engine
Automatic,Ford Endeavour,2017.0,Delhi,Diesel,SUV,Second Owner,70000.0,Diesel Engine
Manual,Hyundai i20,2016.0,Delhi,Petrol,Hatchback,Second Owner,80000.0,Kappa VTVT Petrol Engine
Manual,Maruti Swift,2016.0,Delhi,Petrol,Hatchback,Second Owner,40000.0,VTVT Engine
Automatic,Skoda Kushaq,2021.0,Delhi,Petrol,SUV,First Owner,20000.0,1.0 TSI Petrol Engine
Manual,Maruti Wagon R,2011.0,Delhi,Petrol,Hatchback,Second Owner,74000.0,K12M Petrol Engine
Automatic,BMW 5 Series,2018.0,Delhi,Diesel,Sedan,Second Owner,62000.0,TwinPower Turbo Inline 4 Cylinder Engine
Manual,Maruti Swift,2009.0,Delhi,Petrol,Hatchback,First Owner,80000.0,In-Line Engine
Manual,Maruti Ertiga,2014.0,Delhi,Diesel,MUV,Second Owner,100000.0,DDiS Diesel Engine
Manual,Maruti Baleno,2020.0,Delhi,Petrol,Hatchback,First Owner,23256.0,1.2L VVT Engine
Manual,Maruti Ignis,2022.0,Delhi,Petrol,Hatchback,First Owner,29120.0,VVT
Manual,Ford Ecosport,2018.0,Delhi,Diesel,SUV,First Owner,62000.0,TDCi Diesel Engine
Manual,Maruti Swift Dzire,2017.0,Delhi,Diesel,Sedan,First Owner,90513.0,DDiS Diesel Engine
Manual,Hyundai Creta,2018.0,Delhi,Diesel,SUV,First Owner,49396.0,U2 CRDI VGT Engine
Manual,Toyota Corolla Altis,2008.0,Delhi,Petrol,Sedan,Second Owner,120000.0,DOHC Dual VVT-i Petrol En
Manual,Maruti Alto 800,2019.0,Delhi,Petrol,Hatchback,First Owner,18475.0,F8D Petrol Engine
Automatic,Audi Q7,2018.0,Delhi,Diesel,SUV,Second Owner,100000.0,V-Type Diesel Engine
Manual,Hyundai Santro,2019.0,Delhi,CNG,Hatchback,First Owner,27792.0,
Automatic,BMW 5 Series,2019.0,Delhi,Petrol,Sedan,First Owner,55000.0,TwinPower Turbo Inline 4 Cylinder Engine
Manual,Honda City,2011.0,Delhi,Petrol,Sedan,First Owner,72000.0,In-Line Engine
Automatic,Mercedes-Benz A-Class Limousine,2022.0,Delhi,Diesel,Sedan,First Owner,10000.0,L4 200d
Automatic,Mahindra Alturas G4,2021.0,Delhi,Diesel,SUV,First Owner,25000.0,2.2L Diesel Engine
Manual,Hyundai Creta,2017.0,Delhi,Petrol,SUV,First Owner,40000.0,VTVT Petrol Engine
Manual,Maruti Ertiga,2014.0,Delhi,Diesel,MUV,First Owner,150000.0,DDiS Diesel Engine
Automatic,Maruti Ciaz,2020.0,Delhi,Petrol,Sedan,First Owner,80000.0,K15 Smart Hybrid Petrol Engine
Manual,Volkswagen Polo,2011.0,Delhi,Petrol,Hatchback,Second Owner,120000.0,In-Line Engine
Manual,Mahindra XUV500,2013.0,Delhi,Diesel,SUV,First Owner,60000.0,mHawk Diesel Engine
Manual,Honda City,2018.0,Delhi,Petrol,Sedan,First Owner,70000.0,i VTEC Engine
Manual,Hyundai Grand i10,2014.0,Delhi,Petrol,Hatchback,First Owner,57100.0, Kappa VTVT Petrol Engine
Manual,Maruti S-Presso,2021.0,Delhi,CNG,Hatchback,First Owner,45623.0,K10B
Manual,Ford Ecosport,2015.0,Delhi,Petrol,SUV,Third Owner,100000.0,Ecoboost Petrol Engine 
Automatic,Maruti Swift Dzire,2019.0,Delhi,Petrol,Sedan,First Owner,7660.0,K Series VVT Engine
Manual,Hyundai Xcent,2016.0,Delhi,Diesel,Sedan,First Owner,35272.0,U2 CRDI Diesel Engine
Automatic,Renault KWID,2021.0,Delhi,Petrol,Hatchback,First Owner,8526.0,Petrol Engine
Manual,Hyundai i20,2011.0,Delhi,Petrol,Hatchback,First Owner,62929.0,Kappa VTVT Petrol Engine
Manual,Maruti Alto,2010.0,Delhi,CNG,Hatchback,Second Owner,30000.0,In Line Engine
Manual,Maruti Swift,2017.0,Delhi,Petrol,Hatchback,Second Owner,53127.0,K Series VVT Engine
Manual,Maruti Ertiga,2018.0,Delhi,Petrol,MUV,First Owner,42000.0,K14B Petrol Engine
Manual,Ford Ecosport,2017.0,Delhi,Diesel,SUV,First Owner,20000.0,TDCi Diesel Engine
Manual,Maruti Wagon R,2013.0,Delhi,Petrol,Hatchback,First Owner,57000.0,K Series Petrol Engine
Manual,Maruti Wagon R,2013.0,Delhi,Petrol,Hatchback,First Owner,44000.0,K10B Petrol Engine
Automatic,Ford Ecosport,2015.0,Delhi,Petrol,SUV,First Owner,64000.0,Ti-VCT Petrol Engine
Automatic,Skoda Octavia,2014.0,Delhi,Petrol,Sedan,First Owner,49000.0,1.8TSI Petrol Engine
Manual,Toyota Glanza,2022.0,Delhi,Petrol,Hatchback,First Owner,30000.0,1.2 L Petrol Engine
Manual,Skoda Octavia,2017.0,Delhi,Petrol,Sedan,,37000.0,1.4TSI Petrol Engine
Manual,Hyundai i20,2018.0,Delhi,Petrol,Hatchback,Second Owner,30000.0,Kappa VTVT Petrol Engine
Manual,Honda Brio,2012.0,Delhi,Petrol,Hatchback,First Owner,90000.0,i-VTEC Engine
Manual,Maruti 800,2014.0,Delhi,Petrol,Hatchback,Second Owner,40000.0,Hi-Tech Petrol Engine
Automatic,Jeep Compass,2019.0,Delhi,Petrol,SUV,First Owner,64336.0,1.4-Litre 4-Cyl Multiair Engine
Manual,Volkswagen Polo,2016.0,Delhi,Petrol,Hatchback,First Owner,83425.0,MPI Petrol Engine
Automatic,Land Rover Range Rover Evoque,2014.0,Delhi,Diesel,SUV,Third Owner,85000.0,SD4 Diesel Engine
Manual,Maruti Swift Dzire,2016.0,Delhi,Diesel,Sedan,First Owner,66181.0,DDiS Diesel Engine
Manual,Maruti Alto 800,2019.0,Delhi,Petrol,Hatchback,Second Owner,25486.0,F8D Petrol Engine
Automatic,Mercedes-Benz C-Class,2017.0,Delhi,Petrol,Sedan,First Owner,35000.0,In Line Engine
Manual,Maruti Swift,2016.0,Delhi,Petrol,Hatchback,First Owner,25489.0,K Series Dual jet
Automatic,Ford Endeavour,2021.0,Delhi,Diesel,SUV,Second Owner,40000.0,EcoBlue engine
Manual,Maruti Baleno,2018.0,Delhi,Petrol,Hatchback,First Owner,85363.0,VVT Petrol Engine
Manual,Maruti SX4,2009.0,Delhi,Petrol,Sedan,Third Owner,110000.0,In-Line Engine
Manual,Ford Ecosport,2014.0,Delhi,Diesel,SUV,First Owner,40000.0,TDCi Diesel Engine
Automatic,Land Rover Range Rover Sport,2018.0,Delhi,Petrol,SUV,First Owner,40000.0,V-Type Engine
Automatic,Maruti Jimny,2023.0,Delhi,Petrol,SUV,First Owner,1500.0,K15B with Idle Start Stop
Manual,Maruti SX4,2009.0,Delhi,Petrol,Sedan,Third Owner,110000.0,In-Line Engine
Manual,Ford Figo,2011.0,Delhi,Petrol,Hatchback,Second Owner,80000.0,Petrol Engine
Manual,Maruti Swift Dzire,2022.0,Delhi,CNG,Sedan,First Owner,20000.0,
Manual,Maruti Brezza,2023.0,Delhi,Petrol,SUV,First Owner,20000.0,K15C
Manual,Hyundai i20,2012.0,Delhi,Petrol,Hatchback,Second Owner,62000.0,In-Line Engine
Automatic,Mercedes-Benz C-Class,2010.0,Delhi,Petrol,Sedan,Fourth Owner,50000.0,In-Line Engine
Manual,Maruti Swift Dzire,2014.0,Delhi,Diesel,Sedan,Second Owner,90000.0,DDiS Diesel Engine
Manual,Hyundai i10,2011.0,Delhi,Petrol,Hatchback,First Owner,67985.0,DOHC Kappa2 Engine
Manual,Honda WR-V,2020.0,Delhi,Diesel,SUV,First Owner,89722.0,i-DTEC Diesel Engine
Manual,Ford Ecosport,2017.0,Delhi,Diesel,SUV,First Owner,80000.0,TDCi Diesel Engine
Automatic,Toyota Innova Crysta,2020.0,Delhi,Petrol,MUV,Second Owner,49647.0,2.7L Dual VVT
Manual,Renault Triber,2020.0,Delhi,Petrol,MUV,First Owner,110490.0,
Manual,Maruti Swift Dzire,2012.0,Delhi,Petrol,Sedan,Second Owner,78000.0,In-Line Engine
Manual,Maruti Wagon R,2017.0,Delhi,Petrol,Hatchback,First Owner,51165.0,K10B Petrol Engine
Manual,Maruti S-Presso,2022.0,Delhi,Petrol,Hatchback,First Owner,14000.0,K10C
Manual,Hyundai Grand i10,2015.0,Delhi,Petrol,Hatchback,First Owner,50576.0,Kappa VTVT Petrol Engine
Manual,Maruti XL6,2021.0,Delhi,Petrol,MUV,First Owner,55000.0,K15B Smart Hybrid
Automatic,Hyundai Venue,2019.0,Delhi,Petrol,SUV,First Owner,70000.0,Kappa 1.0 L Turbo GDi Petrol
Manual,Maruti Wagon R,2009.0,Delhi,Petrol,Hatchback,Second Owner,80000.0,FC Petrol Engine
Automatic,Mercedes-Benz E-Class,2014.0,Delhi,Petrol,Sedan,First Owner,65000.0,In-Line Petrol Engine 
Manual,Mahindra Bolero,2015.0,Delhi,Diesel,SUV,Third Owner,90000.0,M2DiCR Diesel Engine
Manual,Mahindra Scorpio,2016.0,Delhi,Diesel,SUV,First Owner,71000.0,mHawk Diesel  Engine
Automatic,Honda City,2019.0,Delhi,Petrol,Sedan,First Owner,60000.0,i VTEC Engine
Manual,Kia Sonet,2021.0,Delhi,Petrol,SUV,First Owner,20000.0,SMARTSTREAM G1.2
Manual,Hyundai Verna,2011.0,Delhi,Petrol,Sedan,First Owner,60000.0,VTVT Petrol Engine
Manual,Hyundai Creta,2019.0,Delhi,Diesel,SUV,First Owner,38000.0,U2 CRDI VGT Engine
Automatic,MG Gloster,2023.0,Delhi,Diesel,SUV,,7000.0,DIESEL 2.0L TWIN TURBO
Automatic,Volkswagen Polo,2022.0,Hyderabad,Petrol,Hatchback,First Owner,20000.0,1.0L TSI Petrol
Manual,Hyundai EON,2014.0,Hyderabad,Petrol,Hatchback,Second Owner,85582.0,Petrol Engine
Manual,Hyundai Venue,2023.0,Hyderabad,Petrol,SUV,First Owner,10000.0,1.2 Kappa Petrol
Manual,Maruti Baleno,2017.0,Hyderabad,Petrol,Hatchback,First Owner,50750.0,VVT Petrol Engine
Automatic,Mahindra Thar,2022.0,Hyderabad,Petrol,SUV,First Owner,10000.0,mStallion 150 TGDi Engine
Manual,Kia Sonet,2021.0,Hyderabad,Petrol,SUV,First Owner,10000.0,Smartstream G1.0 T - GDi
Automatic,Maruti Celerio,2017.0,Hyderabad,Petrol,Hatchback,First Owner,66366.0,K10B Engine
Automatic,Hyundai Verna,2022.0,Hyderabad,Petrol,Sedan,First Owner,5000.0,1.0 l Kappa turbo GDi petrol
Manual,Maruti Celerio,2017.0,Hyderabad,Petrol,Hatchback,First Owner,72544.0,K10B Engine
Manual,Ford Figo,2021.0,Hyderabad,Petrol,Hatchback,First Owner,29154.0,Ti-VCT Petrol Engine
Automatic,Tata Tiago,2018.0,Hyderabad,Petrol,Hatchback,First Owner,70000.0,Revotron Engine
Manual,Datsun RediGO,2021.0,Hyderabad,Petrol,Hatchback,First Owner,33730.0,1.0 L Petrol Engine
Manual,Renault KWID,2020.0,Hyderabad,Petrol,Hatchback,First Owner,51113.0,Petrol Engine
Manual,Volkswagen Polo,2013.0,Hyderabad,Diesel,Hatchback,Second Owner,40000.0,In-Line Diesel Engine
Manual,Maruti Wagon R,2009.0,Hyderabad,Petrol,Hatchback,First Owner,40000.0,FC Petrol Engine
Automatic,BMW X1,2020.0,Hyderabad,Diesel,SUV,First Owner,60000.0,Diesel Engine
Manual,Maruti Wagon R,2014.0,Hyderabad,Petrol,Hatchback,First Owner,64500.0,K10B Petrol Engine
Manual,Maruti Wagon R,2020.0,Hyderabad,Petrol,Hatchback,First Owner,40000.0,K10B Petrol Engine
Manual,Jeep Compass,2018.0,Hyderabad,Diesel,SUV,First Owner,80000.0,2.0-Litre 4-Cyl Multijet II Engine
Manual,Jeep Compass,2019.0,Hyderabad,Diesel,SUV,First Owner,50000.0,2.0-Litre 4-Cyl Multijet II Engine
Manual,Hyundai i20,2020.0,Hyderabad,Petrol,Hatchback,First Owner,40000.0,1.0 l Turbo GDi petrol
Automatic,Hyundai Aura,2020.0,Hyderabad,Petrol,Sedan,Second Owner,39886.0,1.2 l Kappa dual petrol
Manual,Renault Duster,2014.0,Hyderabad,Diesel,SUV,First Owner,107588.0,dCi Diesel Engine 
Manual,Hyundai Grand i10,2017.0,Hyderabad,Petrol,Hatchback,First Owner,36621.0,Kappa VTVT Petrol Engine
Manual,MG Hector Plus,2020.0,Hyderabad,Diesel,SUV,First Owner,80000.0,2.0L Turbocharged Diesel
Manual,Maruti S-Presso,2022.0,Hyderabad,Petrol,Hatchback,First Owner,18900.0,K10C
Manual,Kia Seltos,2019.0,Hyderabad,Diesel,SUV,First Owner,70754.0,1.5 L CRDi VGT
Manual,Maruti S-Presso,2020.0,Hyderabad,Petrol,Hatchback,First Owner,59832.0,K10C
Manual,Maruti Swift Dzire,2017.0,Hyderabad,Petrol,Sedan,Second Owner,60068.0,K Series VVT Engine
Manual,Maruti Alto 800,2018.0,Hyderabad,Petrol,Hatchback,First Owner,41261.0,F8D Petrol Engine
Manual,Ford Ecosport,2020.0,Hyderabad,Petrol,SUV,First Owner,32209.0,Ti-VCT Petrol Engine
Manual,Honda Jazz,2018.0,Hyderabad,Petrol,Hatchback,First Owner,75747.0,i-VTEC Petrol Engine
Manual,Hyundai i20,2018.0,Hyderabad,Petrol,Hatchback,Second Owner,49241.0,Kappa VTVT Petrol Engine
Automatic,Mercedes-Benz GLE,2018.0,Hyderabad,Diesel,SUV,Second Owner,100000.0,In Line Engine
Automatic,Ford Endeavour,2016.0,Hyderabad,Diesel,SUV,First Owner,119422.0,Diesel Engine
Manual,Maruti Swift,2021.0,Hyderabad,Petrol,Hatchback,First Owner,33488.0,K Series Dual jet
Manual,Mahindra Thar,2021.0,Hyderabad,Petrol,SUV,First Owner,30000.0,mStallion 150 TGDi Engine
Manual,Tata Altroz,2022.0,Hyderabad,Petrol,Hatchback,First Owner,21000.0,1.2 l Revotron
Manual,Jeep Compass,2018.0,Hyderabad,Diesel,SUV,First Owner,56545.0,2.0-Litre 4-Cyl Multijet II Engine
Manual,Volkswagen Polo,2017.0,Hyderabad,Petrol,Hatchback,First Owner,64000.0,MPI Petrol Engine
Manual,Volkswagen Ameo,2018.0,Hyderabad,Petrol,Sedan,Second Owner,71413.0,MPI Petrol Engine
Manual,Renault KWID,2020.0,Hyderabad,Petrol,Hatchback,Second Owner,31920.0,Petrol Engine
Automatic,BMW X1,2019.0,Hyderabad,Diesel,SUV,First Owner,46000.0,Diesel Engine
Manual,Maruti S-Presso,2022.0,Hyderabad,Petrol,Hatchback,Second Owner,9939.0,K10C
Manual,Maruti Baleno,2022.0,Hyderabad,Petrol,Hatchback,First Owner,7156.0,1.2L VVT Engine
Manual,Toyota Yaris,2018.0,Hyderabad,Petrol,Sedan,First Owner,20608.0,1.5 Dual VVT-i Engine
Manual,Maruti Swift Dzire,2019.0,Hyderabad,Petrol,Sedan,Second Owner,92000.0,K Series VVT Engine
Automatic,Maruti Celerio,2018.0,Hyderabad,Petrol,Hatchback,Second Owner,67553.0,K10B Engine
Manual,Maruti Swift Dzire,2017.0,Hyderabad,Petrol,Sedan,First Owner,95286.0,K Series VVT Engine
Manual,Mahindra XUV500,2015.0,Hyderabad,Diesel,SUV,First Owner,66000.0,mHawk Diesel Engine
Manual,Hyundai Grand i10,2019.0,Hyderabad,Petrol,Hatchback,First Owner,35929.0,Kappa VTVT Petrol Engine
Manual,Honda BR-V,2016.0,Hyderabad,Petrol,SUV,First Owner,136035.0,i-VTEC Petrol Engine
Manual,Maruti Ertiga,2013.0,Hyderabad,Diesel,MUV,First Owner,93997.0,DDiS Diesel Engine
Manual,Skoda Rapid,2018.0,Hyderabad,Petrol,Sedan,First Owner,60000.0,Petrol Engine
Manual,Maruti Vitara Brezza,2019.0,Hyderabad,Diesel,SUV,First Owner,52220.0,DDiS 200 Diesel Engine
Manual,Maruti Ciaz,2019.0,Hyderabad,Petrol,Sedan,Second Owner,61659.0,k15B VVT Engine
Manual,Maruti Swift Dzire,2020.0,Hyderabad,Petrol,Sedan,First Owner,65000.0,
Manual,Mahindra KUV 100 NXT,2018.0,Hyderabad,Diesel,Hatchback,First Owner,120000.0,mFALCON D75 Engine
Manual,Maruti Swift,2017.0,Hyderabad,Diesel,Hatchback,Second Owner,110000.0,DDiS Diesel Engine
Manual,Maruti Alto 800,2017.0,Hyderabad,Petrol,Hatchback,First Owner,78969.0,F8D Petrol Engine
Manual,Hyundai Grand i10 Nios,2021.0,Hyderabad,Petrol,Hatchback,Second Owner,38939.0,1.2 Kappa petrol
Manual,Maruti Ignis,2019.0,Hyderabad,Petrol,Hatchback,First Owner,88637.0,1.2-Litre VVT Petrol Engine
Manual,Hyundai i20,2021.0,Hyderabad,Petrol,Hatchback,First Owner,19070.0,1.0 l Turbo GDi petrol
Manual,Maruti S-Presso,2020.0,Hyderabad,Petrol,Hatchback,First Owner,68556.0,K10C
Manual,Ford Figo,2019.0,Hyderabad,Petrol,Hatchback,First Owner,44356.0,Ti-VCT Petrol Engine
Manual,Maruti Swift Dzire,2016.0,Hyderabad,Petrol,Sedan,First Owner,73143.0,
Automatic,Volvo XC60,2012.0,Hyderabad,Diesel,SUV,First Owner,146769.0,Five Cylinder Turbo Charg
Manual,Datsun GO,2018.0,Hyderabad,Petrol,Hatchback,First Owner,67527.0,Naturally Aspirated 12V
Automatic,Hyundai Santro,2019.0,Hyderabad,Petrol,Hatchback,First Owner,79467.0,1.1 litre Petrol Engine
Automatic,BMW 5 Series,2014.0,Hyderabad,Diesel,Sedan,First Owner,103174.0,Diesel Engine
Manual,Volkswagen Polo,2017.0,Hyderabad,Petrol,Hatchback,Third Owner,103046.0,MPI Petrol Engine
Manual,Fiat Punto EVO,2017.0,Hyderabad,Petrol,Hatchback,Second Owner,85110.0,FIRE Petrol Engine
Manual,Tata Manza,2011.0,Hyderabad,Diesel,Sedan,First Owner,114000.0,Diesel Engine
Manual,Renault Captur,2017.0,Hyderabad,Diesel,SUV,First Owner,70000.0,K9K dCi Diesel Engine
Manual,Hyundai i20,2018.0,Hyderabad,Diesel,Hatchback,First Owner,72000.0,U2 CRDI Diesel Engine
Manual,Hyundai Venue,2023.0,Hyderabad,Petrol,SUV,First Owner,20000.0,1.2 Kappa Petrol
Automatic,Kia Carens,2022.0,Hyderabad,Diesel,MUV,First Owner,32000.0,1.5L CRDi VGT
Manual,Hyundai Venue,2023.0,Hyderabad,Petrol,SUV,First Owner,20000.0,1.2 Kappa Petrol
Automatic,Kia Seltos,2021.0,Hyderabad,Petrol,SUV,First Owner,22500.0,Smartstream G1.5
Manual,Hyundai i20,2016.0,Hyderabad,Petrol,Hatchback,First Owner,54708.0,Kappa VTVT Petrol Engine
Manual,Maruti Baleno,2017.0,Hyderabad,Petrol,Hatchback,First Owner,78031.0,VVT Petrol Engine
Automatic,BMW 5 Series,2022.0,Hyderabad,Diesel,Sedan,First Owner,32000.0,TwinPower Turbo Inline 4 Cylinder Engine
Manual,Hyundai Grand i10,2019.0,Hyderabad,Petrol,Hatchback,Second Owner,24337.0,Kappa VTVT Petrol Engine
Manual,Maruti Baleno,2019.0,Hyderabad,Petrol,Hatchback,First Owner,82243.0,VVT Petrol Engine
Manual,Hyundai Creta,2022.0,Hyderabad,Petrol,SUV,First Owner,20000.0,1.5 L MPi Petrol
Automatic,Maruti Ignis,2017.0,Hyderabad,Petrol,Hatchback,Second Owner,104701.0,1.2-Litre VVT Petrol Engine
Manual,Toyota Urban cruiser,2021.0,Hyderabad,Petrol,SUV,Second Owner,54000.0,k-series1.5l
Manual,Maruti Swift,2021.0,Hyderabad,Petrol,Hatchback,First Owner,118937.0,K Series Dual jet
Manual,Maruti Swift,2017.0,Hyderabad,Diesel,Hatchback,First Owner,105133.0,DDiS Diesel Engine
Automatic,MG Hector,2023.0,Hyderabad,Petrol,SUV,First Owner,10000.0,1.5 L Turbocharged Intercooled
Automatic,Maruti Swift Dzire,2018.0,Hyderabad,Petrol,Sedan,First Owner,36290.0,K Series VVT Engine
Manual,Mahindra Scorpio N,2023.0,Hyderabad,Petrol,SUV,First Owner,10000.0,mStallion
Manual,Hyundai i20,2018.0,Hyderabad,Petrol,Hatchback,First Owner,29084.0,Kappa VTVT Petrol Engine
Manual,Maruti Celerio,2020.0,Hyderabad,Petrol,Hatchback,First Owner,66911.0,K10B Engine
Automatic,Honda City,2011.0,Hyderabad,Petrol,Sedan,First Owner,110000.0,In-Line Engine
Manual,Maruti Grand Vitara,2022.0,Hyderabad,Petrol,SUV,First Owner,7033.0,
Manual,Volkswagen Taigun,2021.0,Hyderabad,Petrol,SUV,First Owner,40000.0,1.5L TSI EVO with ACT
Manual,Mahindra XUV500,2014.0,Hyderabad,Diesel,SUV,Second Owner,80000.0,mHawk Diesel Engine
Automatic,Hyundai Grand i10,2018.0,Hyderabad,Petrol,Hatchback,First Owner,22000.0,Kappa VTVT Petrol Engine
Manual,Datsun GO,2018.0,Hyderabad,Petrol,Hatchback,First Owner,70200.0,Naturally Aspirated 12V
Manual,Renault KWID,2019.0,Hyderabad,Petrol,Hatchback,First Owner,60004.0,Petrol Engine
Manual,Maruti Wagon R,2020.0,Hyderabad,Petrol,Hatchback,First Owner,60000.0,K12M Petrol Engine
Manual,Hyundai i10,2013.0,Hyderabad,Petrol,Hatchback,Second Owner,57078.0,IRDE2 Engine
Manual,Maruti Ritz,2014.0,Hyderabad,Petrol,Hatchback,First Owner,63789.0,K Series Petrol Engine
Manual,Chevrolet Beat,2016.0,Hyderabad,Diesel,Hatchback,First Owner,120000.0,XSDE Engine
Automatic,Maruti Ciaz,2018.0,Hyderabad,Diesel,Sedan,Second Owner,118207.0,DDIS 200 Engine
Manual,Honda City,2017.0,Hyderabad,Petrol,Sedan,First Owner,53000.0,i-VTEC
Manual,Maruti Baleno,2016.0,Hyderabad,Petrol,Hatchback,Second Owner,105224.0,VVT Petrol Engine
Manual,Hyundai Santro,2021.0,Hyderabad,Petrol,Hatchback,Second Owner,20837.0,1.1 L Petrol
Manual,Hyundai i20,2010.0,Hyderabad,Petrol,Hatchback,Second Owner,100000.0,In-Line Engine
Manual,Datsun RediGO,2021.0,Hyderabad,Petrol,Hatchback,First Owner,24021.0,0.8L Petrol Engine
Manual,Maruti Ciaz,2016.0,Hyderabad,Petrol,Sedan,First Owner,61000.0,k14B VVT Engine
Automatic,Volvo S60,2013.0,Hyderabad,Diesel,Sedan,Second Owner,120000.0,Turbo Diesel Engine
Manual,Ford Fiesta,2008.0,Hyderabad,Petrol,Sedan,Second Owner,64000.0,In-Line Engine
Manual,Maruti Alto,2011.0,Hyderabad,Petrol,Hatchback,First Owner,120000.0,In-Line Engine
Manual,Volkswagen Taigun,2022.0,Hyderabad,Petrol,SUV,First Owner,30000.0,1.5L TSI EVO with ACT
Manual,Maruti Alto 800,2018.0,Hyderabad,Petrol,Hatchback,First Owner,49000.0,F8D Petrol Engine
Manual,Mahindra Marazzo,2018.0,Hyderabad,Diesel,MUV,First Owner,115000.0,D15 1.5 Liter Diesel Engine
Manual,Maruti Alto 800,2016.0,Hyderabad,Petrol,Hatchback,First Owner,50000.0,F8D Petrol Engine
Manual,Datsun RediGO,2021.0,Hyderabad,Petrol,Hatchback,First Owner,18569.0,1.0 L Petrol Engine
Manual,Hyundai Grand i10,2018.0,Hyderabad,Diesel,Hatchback,First Owner,98455.0,U2 CRDi  Diesel Engine
Automatic,Skoda Rapid,2015.0,Hyderabad,Diesel,Sedan,First Owner,85000.0,Diesel Engine
Manual,Volkswagen Ameo,2016.0,Hyderabad,Petrol,Sedan,First Owner,97921.0,MPI Petrol Engine
Manual,Datsun RediGO,2020.0,Hyderabad,Petrol,Hatchback,Second Owner,19205.0,1.0 L Petrol Engine
Manual,Maruti Swift,2019.0,Hyderabad,Diesel,Hatchback,Second Owner,122000.0,DDiS 190 Engine
Manual,Maruti Ignis,2018.0,Hyderabad,Petrol,Hatchback,First Owner,97644.0,1.2-Litre VVT Petrol Engine
Manual,Hyundai i10,2010.0,Hyderabad,Petrol,Hatchback,First Owner,82000.0,Petrol Engine
Manual,Maruti Swift,2013.0,Hyderabad,Diesel,Hatchback,Second Owner,70607.0,DDiS Diesel Engine
Automatic,Hyundai Verna,2016.0,Hyderabad,Petrol,Sedan,First Owner,71144.0,VTVT Petrol Engine
Automatic,Hyundai Verna,2022.0,Hyderabad,Petrol,Sedan,First Owner,2373.0,1.5 l MPi petrol
Automatic,Hyundai i20,2021.0,Hyderabad,Petrol,Hatchback,First Owner,56753.0,1.0 l Turbo GDi petrol
Manual,Maruti Vitara Brezza,2018.0,Hyderabad,Diesel,SUV,First Owner,72000.0,DDiS 200 Diesel Engine
Manual,Maruti Baleno,2018.0,Hyderabad,Petrol,Hatchback,Second Owner,64487.0,VVT Petrol Engine
Manual,Maruti Baleno,2017.0,Hyderabad,Petrol,Hatchback,First Owner,95783.0,VVT Petrol Engine
Automatic,Tata Hexa,2019.0,Hyderabad,Diesel,MUV,Second Owner,60000.0,2.2 LTR. VARICOR 400
Manual,Maruti XL6,2021.0,Hyderabad,Petrol,MUV,First Owner,59108.0,K15B Smart Hybrid
Automatic,Mercedes-Benz C-Class,2019.0,Hyderabad,Diesel,Sedan,Second Owner,50000.0,In-Line Engine
Manual,Nissan Kicks,2020.0,Hyderabad,Petrol,SUV,Second Owner,31500.0,1.3 L HR13DDT Turbo Petrol
Manual,Mahindra XUV500,2015.0,Hyderabad,Diesel,SUV,First Owner,128193.0,mHawk Diesel Engine
Manual,Hyundai Verna,2018.0,Hyderabad,Diesel,Sedan,First Owner,87810.0,U2 VGT Diesel Engine
Manual,Hyundai Creta,2017.0,Hyderabad,Petrol,SUV,Second Owner,64951.0,VTVT Petrol Engine
Manual,Hyundai Santro Xing,2012.0,Hyderabad,Petrol,Hatchback,Second Owner,50000.0,Petrol Engine 
Manual,Hyundai Creta,2017.0,Hyderabad,Diesel,SUV,First Owner,97161.0,U2 CRDI VGT Engine
Manual,Volkswagen Ameo,2017.0,Hyderabad,Petrol,Sedan,First Owner,67805.0,MPI Petrol Engine
Automatic,Audi Q3,2014.0,Hyderabad,Diesel,SUV,Second Owner,158000.0,TDI Diesel Engine
Manual,Maruti Alto K10,2014.0,Hyderabad,Petrol,Hatchback,Second Owner,70435.0,K10C
Manual,MG Hector,2020.0,Hyderabad,Diesel,SUV,First Owner,49287.0,
Automatic,Hyundai Santro,2018.0,Hyderabad,Petrol,Hatchback,Second Owner,84759.0,1.1 litre Petrol Engine
Manual,Maruti Baleno,2017.0,Hyderabad,Petrol,Hatchback,Second Owner,74538.0,VVT Petrol Engine
Manual,Mahindra Scorpio,2010.0,Hyderabad,Diesel,SUV,First Owner,53000.0,In-Line Engine
Manual,Maruti Alto 800,2017.0,Hyderabad,Petrol,Hatchback,Second Owner,79024.0,F8D Petrol Engine
Manual,Maruti Celerio,2016.0,Hyderabad,Diesel,Hatchback,First Owner,80000.0,DDiS Diesel Engine
Automatic,Mercedes-Benz E-Class,2019.0,Hyderabad,Diesel,Sedan,First Owner,56000.0,CDI In-line Engine
Manual,Hyundai Creta,2018.0,Hyderabad,Diesel,SUV,First Owner,62125.0,U2 CRDI VGT Engine
Manual,Toyota Etios Cross,2014.0,Hyderabad,Diesel,Hatchback,First Owner,95596.0,D-4D Diesel Engine
Manual,Hyundai Grand i10,2019.0,Hyderabad,Petrol,Hatchback,First Owner,18500.0,Kappa VTVT Petrol Engine
Manual,Maruti Swift,2016.0,Hyderabad,Diesel,Hatchback,Second Owner,144000.0,DDiS 190 Engine
Manual,Honda City,2021.0,Hyderabad,Petrol,Sedan,First Owner,55200.0,Water Cooled Inline i-VTEC DOHC with VTC
Manual,Hyundai i20,2016.0,Hyderabad,Diesel,Hatchback,First Owner,188058.0,U2 CRDI Diesel Engine
Manual,Hyundai i20,2016.0,Hyderabad,Petrol,Hatchback,First Owner,71779.0,Kappa VTVT Petrol Engine
Manual,Honda City,2015.0,Hyderabad,Petrol,Sedan,Third Owner,101176.0,i VTEC Engine
Manual,Maruti Celerio,2016.0,Hyderabad,Diesel,Hatchback,First Owner,75000.0,DDiS Diesel Engine
Manual,Honda Jazz,2017.0,Hyderabad,Petrol,Hatchback,First Owner,66676.0,i-VTEC Petrol Engine
Manual,Maruti Alto 800,2018.0,Hyderabad,Petrol,Hatchback,First Owner,2236.0,F8D Petrol Engine
Automatic,Mahindra Alturas G4,2019.0,Hyderabad,Diesel,SUV,First Owner,62000.0,D22DTR
Manual,Hyundai i10,2012.0,Hyderabad,Petrol,Hatchback,Second Owner,74754.0,IRDE2 Engine
Manual,Maruti Baleno,2018.0,Hyderabad,Petrol,Hatchback,First Owner,66244.0,1.2L VVT Engine
Manual,Renault KWID,2022.0,Hyderabad,Petrol,Hatchback,First Owner,17341.0,1.0 SCe
Manual,Hyundai Grand i10,2018.0,Hyderabad,Petrol,Hatchback,First Owner,44675.0,Kappa VTVT Petrol Engine
Manual,Mahindra Jeep,,Hyderabad,Diesel,SUV,Third Owner,70000.0,
Manual,Maruti Baleno,2022.0,Hyderabad,Petrol,Hatchback,First Owner,30829.0,1.2 L K Series Engine
Manual,Tata Zest,2015.0,Hyderabad,Petrol,Sedan,Second Owner,100000.0,Revotron Engine
Manual,Maruti Ciaz,2019.0,Hyderabad,Diesel,Sedan,First Owner,53800.0,DDiS 225 Diesel Engine
Manual,Hyundai Creta,2017.0,Hyderabad,Diesel,SUV,First Owner,122000.0,U2 CRDI Engine
Manual,Mahindra XUV500,2017.0,Hyderabad,Diesel,SUV,First Owner,107220.0,mHawk Diesel Engine
Manual,Honda City,2015.0,Hyderabad,Diesel,Sedan,First Owner,129000.0,i DTEC Diesel Engine 
Automatic,Mercedes-Benz GLS,2017.0,Hyderabad,Diesel,SUV,First Owner,60000.0,V-Type Engine
Manual,Datsun RediGO,2018.0,Hyderabad,Petrol,Hatchback,First Owner,83829.0,1.0L Petrol Engine
Automatic,Audi Q5,2017.0,Hyderabad,Diesel,SUV,First Owner,70000.0,TDI Quattro Engine 
Manual,Honda Brio,2013.0,Hyderabad,Petrol,Hatchback,Second Owner,52996.0,i-VTEC Engine
Automatic,Renault KWID,2021.0,Hyderabad,Petrol,Hatchback,Second Owner,16105.0,Petrol Engine
Manual,Mercedes-Benz C-Class,2016.0,Hyderabad,Diesel,Sedan,First Owner,151901.0,In-Line Engine
Manual,Maruti Baleno,2021.0,Hyderabad,Petrol,Hatchback,First Owner,15680.0,1.2L VVT Engine
Automatic,Maruti Swift,2019.0,Hyderabad,Petrol,Hatchback,First Owner,55065.0,K Series Dual jet
Manual,Toyota Etios Liva,2016.0,Hyderabad,Diesel,Hatchback,Second Owner,120000.0,D-4D Diesel Engine
Automatic,Tata Tiago,2021.0,Hyderabad,Petrol,Hatchback,Second Owner,15518.0,1.2 L Revotron
Automatic,Honda Amaze,2018.0,Hyderabad,Diesel,Sedan,First Owner,39907.0,i-DTEC Diesel Engine
Manual,Hyundai i20,2017.0,Hyderabad,Petrol,Hatchback,First Owner,45560.0,Kappa VTVT Petrol Engine
Manual,Hyundai i10,2012.0,Hyderabad,Petrol,Hatchback,First Owner,42096.0,DOHC Kappa2 Engine
Automatic,Mercedes-Benz CLA,2015.0,Hyderabad,Diesel,Sedan,Second Owner,70500.0,In Line Diesel Engine
Manual,Honda City,2018.0,Hyderabad,Petrol,Sedan,First Owner,63886.0,i VTEC Engine
Manual,Tata Hexa,2017.0,Hyderabad,Diesel,MUV,First Owner,95600.0,2.2 LTR. VARICOR 400
Automatic,Mercedes-Benz E-Class,2013.0,Hyderabad,Diesel,Sedan,First Owner,101000.0,In-Line Diesel Engine
Automatic,Mercedes-Benz E-Class,2015.0,Hyderabad,Diesel,Sedan,First Owner,61000.0,In-Line Diesel Engine
Automatic,BMW X1,2016.0,Hyderabad,Diesel,SUV,First Owner,95000.0,sDrive20d Diesel Engine
Automatic,Audi Q3,2017.0,Hyderabad,Diesel,SUV,First Owner,97000.0,TDI Quattro Diesel Engine
Manual,Maruti Swift,2016.0,Hyderabad,Diesel,Hatchback,First Owner,61000.0,DDiS Diesel Engine
Automatic,Hyundai Grand i10,2017.0,Hyderabad,Petrol,Hatchback,First Owner,18000.0,Kappa VTVT Petrol Engine
Automatic,Hyundai Grand i10,2016.0,Hyderabad,Petrol,Hatchback,First Owner,63000.0,Kappa VTVT Petrol Engine
Manual,Maruti Baleno,2018.0,Hyderabad,Petrol,Hatchback,Second Owner,52617.0,VVT Petrol Engine
Manual,Maruti Celerio,2019.0,Hyderabad,Petrol,Hatchback,First Owner,51865.0,K10C
Manual,Audi Q3,2017.0,Hyderabad,Diesel,SUV,First Owner,93000.0,TDI Diesel Engine
Manual,Maruti Swift,2015.0,Hyderabad,Petrol,Hatchback,First Owner,110410.0,K Series Dual jet
Automatic,Maruti Ciaz,2017.0,Hyderabad,Petrol,Sedan,First Owner,55846.0,k14B VVT Engine
Manual,Renault KWID,2020.0,Hyderabad,Petrol,Hatchback,First Owner,47000.0,1.0 SCe
Manual,Ford Ecosport,2018.0,Hyderabad,Petrol,SUV,First Owner,39914.0,Ti-VCT Petrol Engine
Manual,Hyundai Santro Xing,2010.0,Hyderabad,Petrol,Hatchback,First Owner,73000.0,Petrol Engine 
Manual,Hyundai i20,2016.0,Hyderabad,Petrol,Hatchback,First Owner,88048.0,Kappa VTVT Petrol Engine
Manual,Hyundai i10,2013.0,Hyderabad,Petrol,Hatchback,Second Owner,92278.0,Kappa Petrol Engine
Manual,Toyota Qualis,2003.0,Hyderabad,Diesel,SUV,First Owner,260000.0,
Manual,Honda City,2016.0,Hyderabad,Petrol,Sedan,First Owner,92960.0,i VTEC Engine
Manual,Tata Altroz,2020.0,Hyderabad,Petrol,Hatchback,First Owner,63000.0,1.2 l Revotron
Automatic,Renault Kiger,2021.0,Hyderabad,Petrol,SUV,First Owner,20000.0,1.0L energy
Automatic,Jeep Compass,2022.0,Hyderabad,Petrol,SUV,First Owner,7000.0,1.4L MultiAir Petrol
Automatic,Maruti S-Presso,2022.0,Hyderabad,Petrol,Hatchback,First Owner,4600.0,K10C
Manual,Honda City,2021.0,Hyderabad,Petrol,Sedan,First Owner,22800.0,i VTEC Engine
Manual,Ford Fiesta,2006.0,Hyderabad,Diesel,Sedan,First Owner,150000.0,In-Line Engine
Manual,Maruti Swift Dzire Tour,2020.0,Hyderabad,Petrol,Sedan,First Owner,10000.0,VVT
Manual,Ford Figo,2010.0,Hyderabad,Petrol,Hatchback,Second Owner,70000.0,Petrol Engine
Manual,Maruti Alto 800,2020.0,Hyderabad,Petrol,Hatchback,First Owner,44790.0,F8D Petrol Engine
Manual,Maruti S-Presso,2022.0,Hyderabad,Petrol,Hatchback,First Owner,14213.0,K10C
Manual,Maruti Vitara Brezza,2018.0,Hyderabad,Diesel,SUV,Second Owner,102000.0,DDiS 200 Diesel Engine
Manual,Hyundai i10,2012.0,Hyderabad,Petrol,Hatchback,Third Owner,40724.0,Kappa Petrol Engine
Manual,Maruti Baleno,2017.0,Hyderabad,Petrol,Hatchback,Second Owner,55724.0,VVT Petrol Engine
Manual,Maruti Swift Dzire,2010.0,Hyderabad,Petrol,Sedan,First Owner,100000.0,In-Line Engine
Manual,Maruti Alto 800,2017.0,Hyderabad,Petrol,Hatchback,First Owner,85396.0,F8D Petrol Engine
Manual,Maruti Baleno,2016.0,Hyderabad,Petrol,Hatchback,Second Owner,50000.0,VVT Petrol Engine
Manual,Maruti Alto 800,2016.0,Hyderabad,Petrol,Hatchback,First Owner,27136.0,F8D Petrol Engine
Manual,Ford Freestyle,2019.0,Hyderabad,Petrol,Hatchback,First Owner,44591.0,1.2 litre Petrol Engine
Automatic,Mercedes-Benz C-Class,2021.0,Hyderabad,Petrol,Coupe,First Owner,6000.0,V-Type Engine
Manual,Maruti Ignis,2018.0,Hyderabad,Petrol,Hatchback,First Owner,20034.0,1.2-Litre VVT Petrol Engine
Manual,Hyundai Santro Xing,2012.0,Hyderabad,Petrol,Hatchback,Second Owner,50000.0,Petrol Engine 
Manual,Kia Carens,2022.0,Hyderabad,Petrol,MUV,First Owner,47529.0,Smartstream G1.5
Automatic,Maruti Baleno,2017.0,Hyderabad,Petrol,Hatchback,First Owner,46739.0,1.2L VVT Engine
Manual,Hyundai Verna,2012.0,Hyderabad,Diesel,Sedan,Second Owner,150000.0,Diesel Engine
Automatic,Maruti Celerio X,2019.0,Hyderabad,Petrol,Hatchback,First Owner,62000.0,K10B Petrol Engine
Manual,Maruti XL6,2021.0,Hyderabad,Petrol,MUV,First Owner,45000.0,K15B Smart Hybrid
Automatic,Honda City,2020.0,Hyderabad,Petrol,Sedan,First Owner,36000.0,Water Cooled Inline i-VTEC DOHC with VTC
Manual,Honda City,2019.0,Hyderabad,Petrol,Sedan,First Owner,40000.0,i VTEC Engine
Manual,Datsun RediGO,2020.0,Hyderabad,Petrol,Hatchback,First Owner,15850.0,1.0L Petrol Engine
Automatic,Maruti Swift Dzire,2017.0,Hyderabad,Petrol,Sedan,First Owner,62535.0,K Series VVT Engine
Manual,Maruti Vitara Brezza,2018.0,Hyderabad,Diesel,SUV,First Owner,94600.0,DDiS 200 Diesel Engine
Manual,Maruti Swift Dzire,2013.0,Hyderabad,Petrol,Sedan,Second Owner,80375.0,
Manual,Honda Brio,2012.0,Hyderabad,Petrol,Hatchback,Third Owner,97935.0,i-VTEC Engine
Manual,Hyundai i20,2019.0,Hyderabad,Petrol,Hatchback,First Owner,38300.0,Kappa VTVT Petrol Engine
Manual,Maruti Baleno,2017.0,Hyderabad,Petrol,Hatchback,First Owner,81917.0,VVT Petrol Engine
Manual,Maruti Baleno,2016.0,Hyderabad,Petrol,Hatchback,First Owner,69000.0,VVT Petrol Engine
Manual,Hyundai Grand i10,2016.0,Hyderabad,Petrol,Hatchback,Second Owner,43566.0,Kappa VTVT Petrol Engine
Manual,Hyundai i20,2015.0,Hyderabad,Petrol,Hatchback,Second Owner,94201.0,Kappa VTVT Petrol Engine
Automatic,Maruti Baleno,2017.0,Hyderabad,Petrol,Hatchback,First Owner,50000.0,VVT Petrol Engine
Manual,Tata Tiago,2019.0,Hyderabad,Petrol,Hatchback,First Owner,40689.0,Revotron Engine
Manual,Honda Amaze,2018.0,Hyderabad,Petrol,Sedan,First Owner,35849.0,i-VTEC Petrol Engine
Manual,MG Hector,2021.0,Hyderabad,Diesel,SUV,First Owner,15833.0,
Manual,Skoda Laura,2011.0,Hyderabad,Diesel,Sedan,Second Owner,90000.0,Turbocharged Diesel Engin
Manual,Hyundai i20,2019.0,Hyderabad,Petrol,Hatchback,First Owner,62000.0,Kappa VTVT Petrol Engine
Manual,Maruti Alto K10,2017.0,Hyderabad,Petrol,Hatchback,Third Owner,40000.0,K Series Petrol Engine
Automatic,Tata New Safari,2021.0,Hyderabad,Diesel,SUV,First Owner,20000.0,Kryotec 2.0 L Turbocharged Engine
Manual,Tata Tiago NRG,2022.0,Hyderabad,Petrol,Hatchback,First Owner,10000.0,Revotron 1.2 l
Manual,Hyundai i20,2016.0,Hyderabad,Petrol,Hatchback,First Owner,69552.0,Kappa VTVT Petrol Engine
Automatic,Renault KWID,2018.0,Hyderabad,Petrol,Hatchback,First Owner,97610.0,Petrol Engine
Automatic,Honda City,2012.0,Hyderabad,Petrol,Sedan,Second Owner,74914.0,SOHC i-VTEC
Automatic,Tata Harrier,2022.0,Hyderabad,Diesel,SUV,First Owner,41000.0,Kryotec 2.0 L Turbocharged Engine
Manual,Hyundai i20,2015.0,Hyderabad,Petrol,Hatchback,Second Owner,101887.0,Kappa VTVT Petrol Engine
Manual,Maruti Wagon R,2012.0,Hyderabad,Petrol,Hatchback,Second Owner,42217.0,K Series Petrol Engine
Automatic,Jeep Compass,2019.0,Hyderabad,Petrol,SUV,First Owner,63000.0,1.4-Litre 4-Cyl Multiair Engine
Automatic,Maruti Celerio,2016.0,Hyderabad,Petrol,Hatchback,Second Owner,80315.0,K10C
Manual,Maruti Wagon R,2013.0,Hyderabad,Petrol,Hatchback,First Owner,55000.0,K Series Petrol Engine
Manual,Datsun GO,2019.0,Hyderabad,Petrol,Hatchback,First Owner,64447.0,Naturally Aspirated 12V DOHC EFI
Automatic,Hyundai Grand i10 Nios,2019.0,Hyderabad,Petrol,Hatchback,First Owner,76947.0,1.2 Kappa petrol
Manual,Datsun RediGO,2018.0,Hyderabad,Petrol,Hatchback,First Owner,23110.0,0.8L Petrol Engine
Manual,Hyundai Grand i10,2018.0,Hyderabad,Petrol,Hatchback,Second Owner,40235.0,Kappa VTVT Petrol Engine
Manual,Maruti Swift,2017.0,Hyderabad,Petrol,Hatchback,First Owner,48992.0,VTVT Engine
Automatic,Hyundai Grand i10,2019.0,Hyderabad,Petrol,Hatchback,First Owner,21000.0,Kappa VTVT Petrol Engine
Automatic,Citroen C5 Aircross,2021.0,Hyderabad,Diesel,SUV,First Owner,30465.0,DW10FC
Manual,Maruti Celerio,2022.0,Hyderabad,CNG,Hatchback,First Owner,50000.0,K10C
Manual,Honda Mobilio,2015.0,Hyderabad,Petrol,MUV,Second Owner,90000.0,i-VTEC Engine
Manual,Honda Mobilio,2014.0,Hyderabad,Diesel,MUV,First Owner,136083.0,i-DTEC Engine
Manual,Honda City,2007.0,Hyderabad,Petrol,Sedan,Second Owner,90000.0,In-Line Engine
Manual,Maruti Vitara Brezza,2019.0,Hyderabad,Diesel,SUV,First Owner,100000.0,DDiS 200 Diesel Engine
Manual,Maruti Ignis,2018.0,Hyderabad,Petrol,Hatchback,Second Owner,39817.0,1.2-Litre VVT Petrol Engine
Manual,Maruti Ciaz,2017.0,Hyderabad,Diesel,Sedan,First Owner,54063.0,DDIS 200 Engine
Manual,Hyundai i20 N Line,2021.0,Hyderabad,Petrol,Hatchback,First Owner,37000.0,1.0 Turbo GDI
Manual,Hyundai Grand i10,2013.0,Hyderabad,Petrol,Hatchback,First Owner,67372.0,Kappa VTVT Petrol Engine
Manual,Maruti Alto 800,2019.0,Hyderabad,Petrol,Hatchback,First Owner,76685.0,F8D Petrol Engine
Manual,Maruti Swift,2014.0,Hyderabad,Diesel,Hatchback,First Owner,115595.0,DDiS Diesel Engine
Manual,Volkswagen Polo,2019.0,Hyderabad,Petrol,Hatchback,Second Owner,89956.0,1.0L MPI Petrol
Manual,Maruti Swift Dzire,2011.0,Hyderabad,Diesel,Sedan,Second Owner,120000.0,In-Line Engine
Manual,Hyundai Grand i10,2019.0,Hyderabad,Petrol,Hatchback,First Owner,87189.0,Kappa VTVT Petrol Engine
Manual,Maruti Swift,2019.0,Hyderabad,Petrol,Hatchback,First Owner,42662.0,K Series Dual jet
Manual,Maruti Swift,2014.0,Hyderabad,Diesel,Hatchback,First Owner,69000.0,DDiS Diesel Engine
Automatic,Hyundai Santro,2019.0,Hyderabad,Petrol,Hatchback,First Owner,63002.0,1.1 litre Petrol Engine
Automatic,Volkswagen Passat,2018.0,Hyderabad,Diesel,Sedan,First Owner,120000.0,TDI Engine
Manual,Hyundai Verna,2008.0,Hyderabad,Petrol,Sedan,First Owner,108000.0,In-Line Engine
Manual,Mahindra Marazzo,2020.0,Hyderabad,Diesel,MUV,Second Owner,110000.0,D15 1.5 Litre Diesel Engine
Manual,Hyundai Verna,2018.0,Hyderabad,Petrol,Sedan,Second Owner,40022.0,VTVT Petrol Engine
Manual,Maruti Baleno,2019.0,Hyderabad,Diesel,Hatchback,First Owner,81000.0,DDiS Diesel Engine
Manual,Tata Manza,2011.0,Hyderabad,Diesel,Sedan,First Owner,70000.0,"4 Cylinder, Common Rail, "
Manual,Mahindra TUV 300,2019.0,Hyderabad,Diesel,SUV,First Owner,46000.0,mHawk 100 Diesel Engine
Automatic,Maruti Swift,2018.0,Hyderabad,Petrol,Hatchback,First Owner,45911.0,K Series Dual jet
Manual,Honda City,2016.0,Hyderabad,Petrol,Sedan,First Owner,87335.0,i VTEC Engine
Manual,Maruti Gypsy,2004.0,Hyderabad,Petrol,SUV,Third Owner,15600.0,G13BB MPFI Gasoline Engin
Manual,Ford Ecosport,2018.0,Hyderabad,Petrol,SUV,Second Owner,41108.0,Ti-VCT Petrol Engine
Manual,Maruti Baleno,2019.0,Hyderabad,Petrol,Hatchback,First Owner,35545.0,VVT Petrol Engine
Manual,Hyundai Xcent,2017.0,Hyderabad,Diesel,Sedan,First Owner,120000.0,U2 CRDI Diesel Engine
Manual,Hyundai Grand i10,2016.0,Hyderabad,Petrol,Hatchback,First Owner,54631.0,Kappa VTVT Petrol Engine
Manual,Maruti Ciaz,2015.0,Hyderabad,Diesel,Sedan,First Owner,107000.0,DDIS 200 Engine
Manual,Hyundai Grand i10,2019.0,Hyderabad,Petrol,Hatchback,Second Owner,38471.0,Kappa VTVT Petrol Engine
Manual,Maruti Wagon R,2015.0,Hyderabad,Petrol,Hatchback,Second Owner,72393.0,K10B Petrol Engine
Manual,Ford Figo,2015.0,Hyderabad,Petrol,Hatchback,First Owner,58000.0,Duratec Petrol Engine
Manual,Hyundai Santro,2018.0,Hyderabad,Petrol,Hatchback,First Owner,20266.0,1.1 litre Petrol Engine
Manual,Hyundai i20,2012.0,Hyderabad,Diesel,Hatchback,Third Owner,120000.0,U2 CRDI Diesel Engine 
Manual,Hyundai Santro Xing,2008.0,Hyderabad,Petrol,Hatchback,Second Owner,90000.0,Petrol Engine 
Manual,Hyundai Creta,2017.0,Hyderabad,Diesel,SUV,First Owner,84910.0,U2 CRDI VGT Engine
Manual,Honda City,2020.0,Hyderabad,Petrol,Sedan,First Owner,70000.0,i-VTEC
Manual,Mahindra KUV 100 NXT,2018.0,Hyderabad,Diesel,Hatchback,Second Owner,120000.0,mFALCON D75 Engine
Manual,Hyundai Xcent,2016.0,Hyderabad,Diesel,Sedan,Second Owner,120000.0,U2 CRDI Diesel Engine
Manual,Hyundai Creta,2018.0,Hyderabad,Diesel,SUV,First Owner,109000.0,U2 CRDI VGT Engine
Manual,Maruti Celerio,2016.0,Hyderabad,Petrol,Hatchback,First Owner,44000.0,K10B Engine
Manual,Maruti Celerio X,2019.0,Hyderabad,Petrol,Hatchback,First Owner,44363.0,K10B Petrol Engine
Automatic,Maruti Swift Dzire,2018.0,Hyderabad,Petrol,Sedan,First Owner,39461.0,K Series VVT Engine
Automatic,Mercedes-Benz E-Class,2012.0,Hyderabad,Diesel,Sedan,Second Owner,120000.0,In-Line Engine
Manual,Maruti Baleno,2018.0,Hyderabad,Petrol,Hatchback,First Owner,59126.0,VVT Petrol Engine
Manual,Hyundai Grand i10,2018.0,Hyderabad,Petrol,Hatchback,First Owner,65331.0,Kappa VTVT Petrol Engine
Manual,Maruti Baleno,2017.0,Hyderabad,Petrol,Hatchback,First Owner,45000.0,Boosterjet Petrol Engine
Manual,Maruti Swift,2013.0,Hyderabad,Petrol,Hatchback,Second Owner,41378.0,K Series Dual jet
Manual,Tata Manza,2013.0,Hyderabad,Diesel,Sedan,First Owner,120000.0,Quadrajet Diesel Engine
Manual,Honda City,2014.0,Hyderabad,Petrol,Sedan,First Owner,124781.0,i VTEC Engine
Manual,Maruti Swift,2016.0,Hyderabad,Petrol,Hatchback,First Owner,63313.0,K Series Dual jet
Manual,Maruti Baleno,2016.0,Hyderabad,Diesel,Hatchback,First Owner,62535.0,DDiS Diesel Engine
Manual,Maruti Baleno,2017.0,Hyderabad,Petrol,Hatchback,First Owner,89581.0,VVT Petrol Engine
Manual,Ford Fiesta Classic,2011.0,Hyderabad,Diesel,Sedan,Second Owner,120000.0,In-Line Engine
Automatic,Jaguar XE,2017.0,Hyderabad,Diesel,Sedan,First Owner,78866.0,Diesel Engine
Automatic,Volkswagen Jetta,2014.0,Hyderabad,Diesel,Sedan,Second Owner,120000.0,Diesel Engine
Manual,Mahindra XUV500,2018.0,Hyderabad,Diesel,SUV,First Owner,58000.0,mHawk Diesel Engine
Manual,Maruti Wagon R,2012.0,Hyderabad,Petrol,Hatchback,First Owner,90000.0,K10B Petrol Engine
Manual,Maruti Baleno,2017.0,Hyderabad,Petrol,Hatchback,First Owner,59000.0,Boosterjet Petrol Engine
Automatic,Jaguar XJ,2013.0,Hyderabad,Diesel,Sedan,First Owner,66000.0,3.0 LITRE V6 DIESEL LWB
Automatic,Mercedes-Benz M-Class,2011.0,Hyderabad,Diesel,SUV,Third Owner,100000.0,V-Type Engine
Manual,Maruti S-Presso,2019.0,Hyderabad,Petrol,Hatchback,First Owner,99003.0,K10B
Manual,Maruti S-Presso,2019.0,Hyderabad,Petrol,Hatchback,First Owner,76003.0,K10B
Automatic,Audi Q5,2017.0,Hyderabad,Diesel,SUV,First Owner,70000.0,TDI Quattro Engine 
Manual,Maruti Baleno,2017.0,Hyderabad,Petrol,Hatchback,Third Owner,101863.0,VVT Petrol Engine
Automatic,Volkswagen Vento,2018.0,Hyderabad,Diesel,Sedan,First Owner,107344.0,TDI Diesel Engine
Automatic,Mercedes-Benz M-Class,2011.0,Hyderabad,Diesel,SUV,Third Owner,100000.0,V-Type Engine
Manual,Hyundai Grand i10,2018.0,Hyderabad,Petrol,Hatchback,First Owner,56129.0,Kappa VTVT Petrol Engine
Manual,Maruti Ertiga,2019.0,Hyderabad,Diesel,MUV,First Owner,70599.0,D13A SHVS Engine
Automatic,Honda Amaze,2018.0,Hyderabad,Diesel,Sedan,First Owner,97208.0,i-DTEC Diesel Engine
Manual,Skoda Rapid,2020.0,Hyderabad,Petrol,Sedan,Second Owner,53509.0,1.0L TSI Petrol
Manual,Jeep Compass,2017.0,Hyderabad,Diesel,SUV,First Owner,52000.0,2.0-Litre 4-Cyl Multijet II Engine
Manual,Hyundai i20,2021.0,Hyderabad,Petrol,Hatchback,First Owner,97621.0,1.2 l Kappa petrol
Manual,Hyundai i10,2009.0,Hyderabad,Petrol,Hatchback,First Owner,113000.0,IRDE2 Engine
Manual,Toyota Innova,2008.0,Hyderabad,Diesel,MUV,First Owner,152000.0,In-Line Engine
Manual,Maruti SX4 S Cross,2018.0,Hyderabad,Diesel,SUV,First Owner,78000.0,DDiS 200 Diesel Engine
Automatic,Audi A4,2011.0,Hyderabad,Diesel,Sedan,First Owner,93000.0,TDI Diesel Engine
Manual,Mercedes-Benz S-Class,,Hyderabad,Petrol,Sedan,First Owner,48000.0,V-Type Engine
Manual,Chevrolet Enjoy,2013.0,Hyderabad,Diesel,MUV,First Owner,55000.0,SMARTECH Diesel Engine
Manual,Maruti Swift Dzire,2012.0,Hyderabad,Diesel,Sedan,First Owner,131852.0,In-Line Engine
Manual,Maruti Swift,2021.0,Hyderabad,Petrol,Hatchback,First Owner,20000.0,VTVT Engine
Manual,Renault Duster,2019.0,Hyderabad,Diesel,SUV,First Owner,44416.0,dCi THP Diesel Engine
Manual,Honda Brio,2012.0,Hyderabad,Petrol,Hatchback,Third Owner,69408.0,i-VTEC Engine
Manual,Volkswagen Taigun,2022.0,Hyderabad,Petrol,SUV,First Owner,10000.0,1.0L TSI
Manual,Maruti Baleno,2016.0,Hyderabad,Petrol,Hatchback,Second Owner,78911.0,VVT Petrol Engine
Manual,Datsun GO,2017.0,Hyderabad,Petrol,Hatchback,First Owner,85298.0,Naturally Aspirated 12V
Manual,Honda City,2014.0,Hyderabad,Petrol,Sedan,First Owner,60529.0,i VTEC Engine
Manual,Skoda Rapid,2017.0,Hyderabad,Diesel,Sedan,Second Owner,115276.0,Diesel Engine
Automatic,Maruti Vitara Brezza,2019.0,Hyderabad,Diesel,SUV,First Owner,60000.0,DDiS 200 Diesel Engine
Manual,Renault Duster,2020.0,Hyderabad,Petrol,SUV,First Owner,30241.0,1.5L Petrol Engine
Manual,Hyundai Santro,2019.0,Hyderabad,Petrol,Hatchback,First Owner,24197.0,1.1 litre Petrol Engine
Automatic,Mercedes-Benz GLA,2022.0,Hyderabad,Petrol,SUV,First Owner,20000.0,
Manual,Hyundai i20 N Line,2021.0,Hyderabad,Petrol,Hatchback,First Owner,44981.0,1.0 Turbo GDI
Manual,Nissan Micra,2011.0,Hyderabad,Diesel,Hatchback,Second Owner,85497.0,In-Line Diesel Engine 
Automatic,Audi Q5,2022.0,Hyderabad,Petrol,SUV,First Owner,20000.0,2.0 L TFSI
Manual,Maruti Baleno,2019.0,Hyderabad,Petrol,Hatchback,First Owner,30000.0,VVT Petrol Engine
Manual,Maruti Swift,2017.0,Hyderabad,Diesel,Hatchback,First Owner,80000.0,DDiS 190 Engine
Automatic,Honda Brio,2017.0,Hyderabad,Petrol,Hatchback,First Owner,41000.0,i-VTEC Engine
Automatic,Hyundai Creta,2017.0,Hyderabad,Diesel,SUV,First Owner,73000.0,U2 CRDI VGT Engine
Manual,Maruti Swift Dzire,2022.0,Hyderabad,Petrol,Sedan,First Owner,40000.0,
Manual,Maruti Swift,2018.0,Hyderabad,Petrol,Hatchback,First Owner,27000.0,VTVT Engine
Manual,Tata Tiago,2018.0,Hyderabad,Petrol,Hatchback,Third Owner,57380.0,Revotron Engine
Automatic,Hyundai Elantra,2018.0,Hyderabad,Diesel,Sedan,First Owner,81334.0,U2 VGT CRDi Diesel Engine
Manual,Maruti Swift Dzire,2022.0,Hyderabad,CNG,Sedan,First Owner,70000.0,
Manual,Tata Nexon,2021.0,Hyderabad,Diesel,SUV,First Owner,32483.0,1.5l Turbocharged Revotorq
Manual,Maruti Vitara Brezza,2016.0,Hyderabad,Diesel,SUV,Second Owner,71220.0,DDiS 200 Diesel Engine
Manual,Kia Sonet,2021.0,Hyderabad,Petrol,SUV,First Owner,17459.0,Smartstream G1.0 T - GDi
Manual,Maruti Brezza,2023.0,Hyderabad,Petrol,SUV,First Owner,6517.0,K15C
Manual,Hyundai Creta,2018.0,Hyderabad,Diesel,SUV,First Owner,70427.0,U2 CRDI Engine
Automatic,Maruti Alto K10,2018.0,Hyderabad,Petrol,Hatchback,First Owner,52306.0,K Series Petrol Engine
Automatic,Volkswagen Vento,2015.0,Hyderabad,Diesel,Sedan,First Owner,111670.0,TDI Diesel Engine
Manual,Maruti Wagon R,2019.0,Hyderabad,Petrol,Hatchback,First Owner,40000.0,K10B Petrol Engine
Manual,Hyundai i20 Active,2017.0,Hyderabad,Diesel,Hatchback,First Owner,67000.0,U2 CRDI Diesel Engine
Automatic,BMW 5 Series,2018.0,Hyderabad,Diesel,Sedan,First Owner,77000.0,TwinPower Turbo Inline 4 Cylinder Engine
Automatic,BMW X5,2016.0,Hyderabad,Diesel,SUV,First Owner,71000.0,Diesel Engine
Manual,Honda City,2012.0,Hyderabad,Petrol,Sedan,Third Owner,88471.0,SOHC i-VTEC
Manual,Hyundai Grand i10,2018.0,Hyderabad,Diesel,Hatchback,First Owner,88479.0,U2 CRDi  Diesel Engine
Manual,Maruti XL6,2020.0,Hyderabad,Petrol,MUV,First Owner,39000.0,K15B Smart Hybrid
Automatic,Volkswagen Vento,2018.0,Hyderabad,Diesel,Sedan,First Owner,50003.0,TDI Diesel Engine
Manual,Hyundai Grand i10,2017.0,Hyderabad,Petrol,Hatchback,First Owner,82163.0,Kappa VTVT Petrol Engine
Manual,Maruti Baleno,2022.0,Hyderabad,Petrol,Hatchback,First Owner,40000.0,1.2 L K Series Engine
Manual,Maruti Swift,2016.0,Hyderabad,Petrol,Hatchback,First Owner,108560.0,K Series Dual jet
Manual,Mahindra XUV500,2014.0,Hyderabad,Diesel,SUV,First Owner,70000.0,mHawk Diesel Engine
Manual,Datsun RediGO,2021.0,Hyderabad,Petrol,Hatchback,First Owner,28292.0,1.0 L Petrol Engine
Manual,Maruti Alto 800,2017.0,Hyderabad,Petrol,Hatchback,First Owner,117467.0,F8D Petrol Engine
Manual,Maruti Baleno,2019.0,Hyderabad,Petrol,Hatchback,First Owner,65000.0,VVT Petrol Engine
Manual,Hyundai i10,2012.0,Hyderabad,Petrol,Hatchback,First Owner,60541.0,DOHC Kappa2 Engine
Manual,Ford Ecosport,2015.0,Hyderabad,Petrol,SUV,First Owner,60000.0,Ecoboost Petrol Engine 
Manual,Honda City,2019.0,Hyderabad,Petrol,Sedan,First Owner,76355.0,i VTEC Engine
Automatic,Maruti S-Presso,2021.0,Hyderabad,Petrol,Hatchback,First Owner,60000.0,K10B
Manual,Nissan Terrano,2019.0,Hyderabad,Diesel,SUV,First Owner,50000.0,K9K Diesel Engine
Manual,MG Hector,2019.0,Hyderabad,Diesel,SUV,First Owner,96000.0,
Manual,Mahindra XUV300,2020.0,Hyderabad,Diesel,SUV,First Owner,63000.0,1.5 Diesel Engine
Manual,Hyundai Grand i10 Nios,2020.0,Hyderabad,Petrol,Hatchback,First Owner,40000.0,1.2 Kappa petrol
Manual,Hyundai Venue,2021.0,Hyderabad,Petrol,SUV,First Owner,30000.0,Kappa 1.0 L Turbo GDi Petrol
Manual,Maruti Swift Dzire,2014.0,Hyderabad,Petrol,Sedan,First Owner,101543.0,
Manual,Maruti Baleno,2016.0,Hyderabad,Petrol,Hatchback,First Owner,66424.0,VVT Petrol Engine
Manual,Maruti SX4 S Cross,2020.0,Hyderabad,Petrol,SUV,First Owner,120000.0,K15B Smart Hybrid
Manual,Tata Tiago,2018.0,Hyderabad,Petrol,Hatchback,First Owner,33433.0,Revotron Engine
Manual,Hyundai i20,2016.0,Hyderabad,Diesel,Hatchback,First Owner,72169.0,U2 CRDI Diesel Engine
Automatic,Honda City,2018.0,Hyderabad,Petrol,Sedan,First Owner,48175.0,i VTEC Engine
Manual,Maruti Celerio,2014.0,Hyderabad,Petrol,Hatchback,First Owner,73452.0,K10B Engine
Automatic,MG Hector,2020.0,Hyderabad,Petrol,SUV,First Owner,54807.0,
Manual,Maruti Alto 800,2017.0,Hyderabad,Petrol,Hatchback,First Owner,47118.0,F8D Petrol Engine
Manual,Tata Nexon,2017.0,Hyderabad,Petrol,SUV,First Owner,100000.0,Revotron 1.2L Turbocharged engine
Manual,Nissan Magnite,2021.0,Hyderabad,Petrol,SUV,First Owner,41192.0,B4D 1.0 NA PETROL
Manual,Tata Harrier,2019.0,Hyderabad,Diesel,SUV,First Owner,70000.0,Kryotec 2.0LTurbocharged Engine
Automatic,Ford Endeavour,2016.0,Hyderabad,Diesel,SUV,First Owner,105264.0,Diesel Engine
Automatic,Honda CR-V,2012.0,Hyderabad,Petrol,SUV,First Owner,70000.0,i-VTEC Engine
Automatic,Land Rover Range Rover Evoque,2017.0,Hyderabad,Diesel,SUV,First Owner,50380.0,TD4 Diesel Engine
Manual,Tata Manza,2010.0,Hyderabad,Diesel,Sedan,Second Owner,80000.0,Diesel Engine
Manual,Maruti Celerio,2016.0,Hyderabad,Petrol,Hatchback,First Owner,51000.0,K10B Engine
Manual,Renault KWID,2017.0,Hyderabad,Petrol,Hatchback,First Owner,31846.0,Petrol Engine
Manual,Hyundai Grand i10,2015.0,Hyderabad,Diesel,Hatchback,First Owner,63000.0,U2 CRDi  Diesel Engine
Manual,Hyundai i20,2015.0,Hyderabad,Diesel,Hatchback,Second Owner,114676.0,U2 CRDI Diesel Engine
Manual,Hyundai i20,2019.0,Hyderabad,Diesel,Hatchback,First Owner,82662.0,U2 CRDI Diesel Engine
Manual,Maruti Alto K10,2014.0,Hyderabad,Petrol,Hatchback,Second Owner,50000.0,K Series Petrol Engine
Manual,Renault Triber,2019.0,Hyderabad,Petrol,MUV,First Owner,66518.0,
Manual,Honda City,2017.0,Hyderabad,Petrol,Sedan,First Owner,57927.0,i VTEC Engine
Manual,Maruti Ciaz,2019.0,Hyderabad,Petrol,Sedan,First Owner,40000.0,k15B VVT Engine
Manual,Tata Tiago,2021.0,Hyderabad,Petrol,Hatchback,First Owner,16115.0,1.2 L Revotron
Manual,Hyundai i10,2009.0,Hyderabad,Petrol,Hatchback,Second Owner,50829.0,DOHC Engine
Manual,Hyundai Grand i10 Nios,2019.0,Hyderabad,Petrol,Hatchback,First Owner,25467.0,1.2 Kappa petrol
Manual,Maruti Alto 800,2020.0,Hyderabad,Petrol,Hatchback,First Owner,71071.0,F8D Petrol Engine
Manual,Hyundai Verna,2016.0,Hyderabad,Petrol,Sedan,First Owner,55000.0,VTVT Petrol Engine
Manual,Hyundai i20,2017.0,Hyderabad,Petrol,Hatchback,Second Owner,55563.0,Kappa VTVT Petrol Engine
Automatic,Hyundai Grand i10,2015.0,Hyderabad,Petrol,Hatchback,First Owner,54000.0,Kappa VTVT Petrol Engine
Manual,Hyundai i20,2019.0,Hyderabad,Petrol,Hatchback,Second Owner,70000.0,Kappa VTVT Petrol Engine
Automatic,Volvo S60,2017.0,Hyderabad,Diesel,Sedan,First Owner,54000.0,Turbo Diesel Engine
Automatic,Ford Ecosport,2016.0,Hyderabad,Petrol,SUV,First Owner,41000.0,Ti-VCT Petrol Engine
Manual,Hyundai i20,2011.0,Hyderabad,Petrol,Hatchback,Second Owner,70000.0,In-Line Engine
Manual,Maruti Baleno,2020.0,Hyderabad,Petrol,Hatchback,First Owner,62500.0,1.2L VVT Engine
Manual,Hyundai Santro,2021.0,Hyderabad,Petrol,Hatchback,First Owner,20000.0,1.1 L Petrol
Manual,Hyundai i20,2016.0,Hyderabad,Petrol,Hatchback,First Owner,60350.0,Kappa VTVT Petrol Engine
Manual,Hyundai i20,2015.0,Hyderabad,Petrol,Hatchback,First Owner,52266.0,Kappa VTVT Petrol Engine
Manual,Maruti Ciaz,2018.0,Hyderabad,Diesel,Sedan,First Owner,58431.0,DDIS Diesel Engine
Automatic,Honda City,2017.0,Hyderabad,Petrol,Sedan,First Owner,41372.0,i VTEC Engine
Manual,Maruti Alto 800,2014.0,Hyderabad,Petrol,Hatchback,Second Owner,46863.0,F8D Petrol Engine
Automatic,Nissan Sunny,2014.0,Hyderabad,Petrol,Sedan,First Owner,66500.0,HR15 Petrol Engine
Manual,Hyundai i10,2014.0,Hyderabad,Petrol,Hatchback,Second Owner,49374.0,IRDE2 Engine
Manual,Skoda Rapid,2012.0,Hyderabad,Diesel,Sedan,Second Owner,120000.0,Turbocharged Diesel Engin
Manual,Tata Tiago,2021.0,Hyderabad,Petrol,Hatchback,First Owner,62832.0,1.2 L Revotron
Manual,Hyundai i20,2016.0,Hyderabad,Petrol,Hatchback,Second Owner,61155.0,Kappa VTVT Petrol Engine
Automatic,BMW 1 Series,2014.0,Hyderabad,Diesel,Hatchback,First Owner,75000.0,Diesel Engine
Manual,Maruti Swift,2021.0,Hyderabad,Petrol,Hatchback,Second Owner,12045.0,K Series Dual jet
Manual,Maruti Ciaz,2020.0,Hyderabad,Petrol,Sedan,First Owner,60700.0,K15 Smart Hybrid Petrol Engine
Automatic,Mercedes-Benz C-Class,2013.0,Hyderabad,Diesel,Sedan,First Owner,85000.0,In-Line Engine
Automatic,Honda City,2020.0,Hyderabad,Petrol,Sedan,First Owner,44276.0,In-Line Engine
Automatic,Audi A4,2015.0,Hyderabad,Diesel,Sedan,First Owner,99000.0,TDI Diesel Engine
Automatic,Audi A6,2015.0,Hyderabad,Diesel,Sedan,First Owner,78000.0,TDI Diesel Engine 
Automatic,Jaguar XF,2013.0,Hyderabad,Diesel,Sedan,Second Owner,70000.0,Diesel Engine 
Automatic,Jaguar XF,2013.0,Hyderabad,Diesel,Sedan,First Owner,70000.0,Diesel Engine 
Automatic,Jaguar XF,2013.0,Hyderabad,Diesel,Sedan,First Owner,70000.0,Diesel Engine 
Manual,Maruti Alto 800,2021.0,Hyderabad,Petrol,Hatchback,First Owner,22264.0,F8D Petrol Engine
Manual,Maruti Ignis,2018.0,Hyderabad,Petrol,Hatchback,First Owner,103763.0,1.2-Litre VVT Petrol Engine
Automatic,Volvo XC60,2012.0,Hyderabad,Diesel,SUV,First Owner,109000.0,Five Cylinder Turbo Charg
Manual,Hyundai i10,2012.0,Hyderabad,Petrol,Hatchback,Second Owner,49043.0,Kappa Petrol Engine
Automatic,Maruti Celerio,2017.0,Hyderabad,Petrol,Hatchback,Second Owner,70666.0,K10B Engine
Automatic,Land Rover Range Rover Sport,2011.0,Hyderabad,Diesel,SUV,First Owner,128000.0,V-Type Engine
Automatic,Maruti Swift Dzire,2018.0,Hyderabad,Diesel,Sedan,First Owner,65815.0,DDiS Diesel Engine
Manual,Maruti Alto,2010.0,Hyderabad,Petrol,Hatchback,First Owner,79000.0,In-Line Engine
Automatic,Maruti Baleno,2020.0,Hyderabad,Petrol,Hatchback,First Owner,48580.0,VVT Petrol Engine
Manual,Hyundai i20,2018.0,Hyderabad,Petrol,Hatchback,First Owner,44646.0,Kappa VTVT Petrol Engine
Manual,Maruti Wagon R,2008.0,Hyderabad,Petrol,Hatchback,First Owner,71963.0,K10B Petrol Engine
Manual,Hyundai Grand i10,2017.0,Hyderabad,Petrol,Hatchback,Second Owner,26678.0,Kappa VTVT Petrol Engine
Manual,Honda City,2015.0,Hyderabad,Diesel,Sedan,First Owner,152000.0,i DTEC Diesel Engine 
Automatic,Ford Endeavour,2016.0,Hyderabad,Diesel,SUV,First Owner,101000.0,Diesel Engine
Manual,Chevrolet Beat,2012.0,Hyderabad,Diesel,Hatchback,First Owner,41000.0,Smartech Engine
Manual,Toyota Fortuner,2018.0,Hyderabad,Diesel,SUV,First Owner,109000.0,1-GD FTV Engine
Manual,Skoda Rapid,2017.0,Hyderabad,Diesel,Sedan,First Owner,83000.0,Diesel Engine
Manual,Maruti Ritz,2012.0,Hyderabad,Diesel,Hatchback,First Owner,80000.0,DDiS Diesel Engine 
Manual,Maruti Swift,2011.0,Hyderabad,Diesel,Hatchback,Third Owner,94514.0,DDiS Diesel Engine
Manual,Maruti Swift Dzire,2015.0,Hyderabad,Petrol,Sedan,First Owner,67037.0,
Manual,Mahindra Scorpio,2004.0,Hyderabad,Diesel,SUV,First Owner,120000.0,In-Line Engine
Manual,Toyota Glanza,2019.0,Hyderabad,Petrol,Hatchback,Second Owner,35540.0,1.2 L Petrol Engine
Manual,Renault Captur,2019.0,Hyderabad,Diesel,SUV,First Owner,47627.0,K9K dCi Diesel Engine
Automatic,Toyota Corolla Altis,2009.0,Hyderabad,Petrol,Sedan,First Owner,98000.0,DOHC Dual VVT-i Petrol En
Manual,Hyundai i20,2018.0,Hyderabad,Petrol,Hatchback,First Owner,55943.0,Kappa VTVT Petrol Engine
Automatic,Hyundai Creta,2018.0,Hyderabad,Diesel,SUV,First Owner,71000.0,U2 CRDI VGT Engine
Automatic,Maruti Celerio,2018.0,Hyderabad,Petrol,Hatchback,First Owner,117924.0,K10B Engine
Manual,Maruti Wagon R,2013.0,Hyderabad,Petrol,Hatchback,First Owner,92195.0,K Series Petrol Engine
Automatic,Hyundai Sonata,2003.0,Hyderabad,Petrol,Sedan,Third Owner,40000.0,In-Line Engine
Automatic,Maruti Swift,2018.0,Hyderabad,Petrol,Hatchback,First Owner,49009.0,K Series Dual jet
Automatic,Kia Sonet,2020.0,Hyderabad,Petrol,SUV,First Owner,31650.0,Smartstream G1.0 T-GDi
Manual,Kia Carens,2022.0,Hyderabad,Petrol,MUV,First Owner,20000.0,Smartstream G1.4 T-GDi
Manual,Hyundai i10,2009.0,Hyderabad,Petrol,Hatchback,First Owner,70000.0,Kappa Petrol Engine
Automatic,Hyundai Verna,2018.0,Hyderabad,Diesel,Sedan,First Owner,39000.0,U2 VGT Diesel Engine
Automatic,Mahindra XUV300,2022.0,Hyderabad,Petrol,SUV,First Owner,10000.0,1.2L Petrol
Automatic,Hyundai Creta,2018.0,Hyderabad,Diesel,SUV,First Owner,93615.0,U2 CRDI VGT Engine
Manual,Toyota Innova Crysta,2022.0,Hyderabad,Petrol,MUV,First Owner,6400.0,2.7 L Dual VVT
Manual,Maruti Ciaz,2022.0,Hyderabad,Petrol,Sedan,Second Owner,16727.0,K15 Smart Hybrid Petrol Engine
Manual,Hyundai Creta,2019.0,Hyderabad,Petrol,SUV,Third Owner,63334.0,VTVT Petrol Engine
Manual,Nissan Magnite,2021.0,Hyderabad,Petrol,SUV,First Owner,14000.0,HRA0 1.0 TURBO PETROL
Manual,Maruti Ignis,2018.0,Hyderabad,Petrol,Hatchback,First Owner,96540.0,1.2-Litre VVT Petrol Engine
Automatic,Toyota Yaris,2018.0,Hyderabad,Petrol,Sedan,First Owner,92585.0,1.5 Dual VVT-i Engine
Manual,Ford Ecosport,2014.0,Hyderabad,Petrol,SUV,First Owner,53861.0,Ti-VCT Petrol Engine
Manual,Maruti Wagon R,2012.0,Hyderabad,Petrol,Hatchback,Second Owner,65761.0,K Series Petrol Engine
Manual,Volkswagen Vento,2015.0,Hyderabad,Diesel,Sedan,Second Owner,67000.0,TDI Diesel Engine
Manual,Jeep Compass,2018.0,Hyderabad,Diesel,SUV,Second Owner,122100.0,2.0-Litre 4-Cyl Multijet II Engine
Automatic,Maruti Swift Dzire,2017.0,Hyderabad,Diesel,Sedan,First Owner,53873.0,DDiS Diesel Engine
Manual,Maruti Vitara Brezza,2019.0,Hyderabad,Diesel,SUV,First Owner,60000.0,DDiS 200 Diesel Engine
Manual,Maruti Swift,2013.0,Hyderabad,Diesel,Hatchback,Second Owner,89197.0,DDiS Diesel Engine
Manual,Datsun RediGO,2020.0,Hyderabad,Petrol,Hatchback,First Owner,30000.0,0.8L Petrol Engine
Manual,Hyundai i20,2018.0,Hyderabad,Petrol,Hatchback,First Owner,70000.0,Kappa VTVT Petrol Engine
Automatic,Maruti Baleno,2021.0,Hyderabad,Petrol,Hatchback,First Owner,28700.0,1.2L VVT Engine
Automatic,Volkswagen Virtus,2022.0,Hyderabad,Petrol,Sedan,Second Owner,20000.0,1.0L TSI
Manual,Hyundai i10,2012.0,Hyderabad,Petrol,Hatchback,First Owner,91629.0,DOHC Kappa2 Engine
Manual,Ford Freestyle,2021.0,Hyderabad,Diesel,Hatchback,First Owner,30000.0,1.5 litre Diesel Engine
Manual,Maruti Baleno,2022.0,Hyderabad,Petrol,Hatchback,First Owner,7058.0,1.2L VVT Engine
Automatic,Maruti Swift Dzire,2017.0,Hyderabad,Diesel,Sedan,First Owner,86500.0,DDiS Diesel Engine
Manual,Honda Amaze,2015.0,Hyderabad,Petrol,Sedan,Second Owner,76438.0,i-VTEC Petrol Engine
Manual,Hyundai Creta,2017.0,Hyderabad,Petrol,SUV,Second Owner,24489.0,VTVT Petrol Engine
Automatic,Maruti Swift,2022.0,Hyderabad,Petrol,Hatchback,First Owner,20000.0,K Series Dual jet
Manual,Hyundai Verna,2017.0,Hyderabad,Diesel,Sedan,First Owner,110600.0,U2 VGT Diesel Engine 
Manual,Maruti Baleno,2019.0,Hyderabad,Petrol,Hatchback,Second Owner,63840.0,VVT Petrol Engine
Manual,Hyundai i10,2009.0,Hyderabad,Petrol,Hatchback,First Owner,74000.0,Kappa Petrol Engine
Manual,Tata Tiago,2021.0,Hyderabad,Petrol,Hatchback,First Owner,21314.0,1.2 L Revotron
Automatic,Hyundai Verna,2017.0,Hyderabad,Diesel,Sedan,First Owner,40007.0,U2 VGT Diesel Engine
Manual,Maruti Swift Dzire,2015.0,Hyderabad,Diesel,Sedan,Second Owner,89997.0,DDiS Diesel Engine
Manual,Honda Brio,2014.0,Hyderabad,Petrol,Hatchback,First Owner,64736.0,i-VTEC Engine
Automatic,Audi Q3,2013.0,Hyderabad,Diesel,SUV,First Owner,105000.0,TDI Diesel Engine
Manual,Maruti SX4 S Cross,2020.0,Hyderabad,Petrol,SUV,First Owner,40687.0,K15B Smart Hybrid
Automatic,Ford Fiesta,2012.0,Hyderabad,Petrol,Sedan,Second Owner,33000.0,Ti-VCT Petrol Engine
Automatic,Maruti Celerio,2016.0,Hyderabad,Petrol,Hatchback,First Owner,57000.0,K10B Engine
Manual,Toyota Innova,2006.0,Hyderabad,Diesel,MUV,Second Owner,120000.0,In-Line Engine
Manual,Kia Seltos,2019.0,Hyderabad,Diesel,SUV,First Owner,88000.0,1.5 L CRDi VGT
Manual,Hyundai i10,2009.0,Hyderabad,Petrol,Hatchback,Third Owner,80000.0,DOHC Engine
Manual,Hyundai Venue,2020.0,Hyderabad,Petrol,SUV,First Owner,49500.0,Kappa 1.0 L Turbo GDi Petrol
Manual,Renault KWID,2020.0,Hyderabad,Petrol,Hatchback,First Owner,15985.0,1.0 SCe
Manual,Honda City,2015.0,Hyderabad,Petrol,Sedan,Second Owner,85871.0,i VTEC Engine
Manual,Hyundai i10,2012.0,Hyderabad,Petrol,Hatchback,First Owner,73665.0,DOHC Kappa2 Engine
Automatic,Land Rover Range Rover,2020.0,Hyderabad,Petrol,SUV,First Owner,31614.0,3.0 litre Petrol Engine
Manual,Tata Tigor,2021.0,Hyderabad,Petrol,Sedan,First Owner,70380.0,1.2L Revotron Engine
Manual,Hyundai i20,2016.0,Hyderabad,Petrol,Hatchback,First Owner,73202.0,Kappa VTVT Petrol Engine
Automatic,Honda Amaze,2016.0,Hyderabad,Petrol,Sedan,First Owner,80000.0,i-VTEC Petrol Engine
Manual,Maruti Swift,2017.0,Hyderabad,Diesel,Hatchback,First Owner,58006.0,DDiS Diesel Engine
Automatic,Maruti Swift,2019.0,Hyderabad,Petrol,Hatchback,First Owner,64000.0,VTVT Engine
Manual,Honda Brio,2014.0,Hyderabad,Petrol,Hatchback,Second Owner,50670.0,i-VTEC Engine
Automatic,Hyundai Santro,2020.0,Hyderabad,Petrol,Hatchback,Second Owner,41058.0,1.1 L Petrol
Manual,Renault Duster,2013.0,Hyderabad,Diesel,SUV,First Owner,120000.0,dCi Diesel Engine 
Manual,Maruti Wagon R Stingray,2014.0,Hyderabad,Petrol,Hatchback,Second Owner,56367.0,K 10B Petrol Engine
Manual,Hyundai Venue,2019.0,Hyderabad,Petrol,SUV,First Owner,41000.0,Kappa 1.0 L Turbo GDi Petrol
Manual,Hyundai i20,2019.0,Hyderabad,Petrol,Hatchback,First Owner,40000.0,Kappa VTVT Petrol Engine
Automatic,Hyundai Grand i10,2016.0,Hyderabad,Petrol,Hatchback,First Owner,16000.0, Kappa VTVT Petrol Engine
Automatic,Maruti Celerio,2016.0,Hyderabad,Petrol,Hatchback,First Owner,69900.0,K10B Engine
Manual,Honda City,2016.0,Hyderabad,Petrol,Sedan,First Owner,120000.0,i VTEC Engine
Manual,Tata Tiago,2016.0,Hyderabad,Petrol,Hatchback,First Owner,95000.0,Revotron Engine
Automatic,Audi A3,2018.0,Hyderabad,Diesel,Sedan,First Owner,35000.0,TDI Diesel Engine
Automatic,Honda City,2014.0,Hyderabad,Petrol,Sedan,First Owner,66000.0,i VTEC Engine
Manual,Maruti Ciaz,2016.0,Hyderabad,Diesel,Sedan,First Owner,67905.0,DDIS 200 Engine
Manual,Hyundai Santro,2019.0,Hyderabad,Petrol,Hatchback,First Owner,19348.0,1.1 litre Petrol Engine
Manual,Honda Amaze,2017.0,Hyderabad,Petrol,Sedan,First Owner,35000.0,i-VTEC Petrol Engine
Manual,Hyundai Verna,2017.0,Hyderabad,Petrol,Sedan,First Owner,30811.0,VTVT Petrol Engine
Manual,Maruti Celerio X,2019.0,Hyderabad,Petrol,Hatchback,Second Owner,73227.0,K10B Petrol Engine
Manual,Tata Manza,2010.0,Hyderabad,Diesel,Sedan,Second Owner,80000.0,Diesel Engine
Manual,Honda Brio,2012.0,Hyderabad,Petrol,Hatchback,First Owner,90184.0,i-VTEC Engine
Manual,Maruti SX4 S Cross,2021.0,Hyderabad,Petrol,SUV,First Owner,30000.0,K15B Smart Hybrid
Manual,Hyundai Verna,2016.0,Hyderabad,Petrol,Sedan,First Owner,66039.0,VTVT Petrol Engine
Manual,Hyundai Xcent,2017.0,Hyderabad,Diesel,Sedan,Second Owner,120000.0,U2 CRDI Diesel Engine
Manual,Honda City,2013.0,Hyderabad,Petrol,Sedan,Second Owner,89205.0,SOHC i-VTEC
Manual,Hyundai Venue,2020.0,Hyderabad,Petrol,SUV,First Owner,50000.0,Kappa 1.0 L Turbo GDi Petrol
Automatic,Maruti Baleno,2018.0,Hyderabad,Petrol,Hatchback,First Owner,80000.0,VVT Petrol Engine
Manual,MG Hector,2020.0,Hyderabad,Diesel,SUV,First Owner,29000.0,
Automatic,BMW X1,2012.0,Hyderabad,Diesel,SUV,First Owner,90000.0,sDrive20d Diesel Engine
Manual,Tata Manza,2011.0,Hyderabad,Diesel,Sedan,First Owner,120000.0,"4 Cylinder, Common Rail, "
Manual,Fiat Avventura,2015.0,Hyderabad,Diesel,Hatchback,Second Owner,100000.0,MULTIJET Engine
Automatic,Maruti Baleno,2017.0,Hyderabad,Petrol,Hatchback,First Owner,56962.0,VVT Petrol Engine
Automatic,Skoda Rapid,2015.0,Hyderabad,Diesel,Sedan,First Owner,90000.0,Diesel Engine
Manual,Volkswagen Polo,2018.0,Hyderabad,Petrol,Hatchback,First Owner,101739.0,1.0L MPI Petrol
Manual,Tata Tiago,2019.0,Hyderabad,Petrol,Hatchback,First Owner,69049.0,Revotron Engine
Manual,Maruti Vitara Brezza,2018.0,Hyderabad,Diesel,SUV,First Owner,110000.0,DDiS 200 Diesel Engine
Manual,Honda Amaze,2017.0,Hyderabad,Petrol,Sedan,First Owner,56242.0,i-VTEC Petrol Engine
Manual,Mahindra XUV500,2018.0,Hyderabad,Diesel,SUV,First Owner,124281.0,mHawk Diesel Engine
Manual,Hyundai Venue,2019.0,Hyderabad,Petrol,SUV,First Owner,38000.0,Kappa 1.0 L Turbo GDi Petrol
Manual,Mahindra Scorpio,2018.0,Hyderabad,Diesel,SUV,First Owner,84249.0,mHawk Diesel Engine
Automatic,BMW 3 Series,2018.0,Hyderabad,Diesel,Sedan,First Owner,45000.0,Diesel Engine
Manual,Maruti Swift Dzire,2013.0,Hyderabad,Petrol,Sedan,Second Owner,122117.0,
Manual,Ford Ecosport,2019.0,Hyderabad,Diesel,SUV,First Owner,108632.0,TDCi Diesel Engine
Automatic,BMW 5 Series,2017.0,Hyderabad,Diesel,Sedan,First Owner,10700.0,Diesel Engine
Manual,Ford Ecosport,2017.0,Hyderabad,Diesel,SUV,First Owner,116988.0,TDCi Diesel Engine
Automatic,Honda City,2014.0,Hyderabad,Petrol,Sedan,First Owner,60000.0,i VTEC Engine
Manual,Honda Amaze,2018.0,Hyderabad,Diesel,Sedan,First Owner,120000.0,i-DTEC Diesel Engine
Manual,Hyundai Creta,2016.0,Hyderabad,Diesel,SUV,First Owner,92000.0,U2 CRDI VGT Engine
Manual,Mahindra Marazzo,2019.0,Hyderabad,Diesel,MUV,First Owner,80000.0,D15 1.5 Liter Diesel Engine
Manual,Toyota Corolla Altis,2009.0,Hyderabad,CNG,Sedan,Second Owner,90000.0,2ZR-FE Gasoline 4Cylinder
Manual,Skoda Fabia,2014.0,Hyderabad,Diesel,Hatchback,Second Owner,110000.0,Turbocharged Diesel Engin
Manual,Nissan Micra,2011.0,Hyderabad,Petrol,Hatchback,First Owner,70000.0,In Line Petrol Engine
Manual,Tata Tiago,2018.0,Hyderabad,Diesel,Hatchback,First Owner,72761.0,Revotorq Engine
Manual,Hyundai i10,2013.0,Hyderabad,Petrol,Hatchback,First Owner,72473.0,Kappa Petrol Engine
Manual,Maruti Brezza,2022.0,Hyderabad,Petrol,SUV,First Owner,18030.0,K15C Smart Hybrid
Manual,Honda Amaze,2018.0,Hyderabad,Diesel,Sedan,First Owner,63000.0,i-DTEC Diesel Engine
Automatic,Honda Jazz,2016.0,Hyderabad,Petrol,Hatchback,First Owner,40404.0,i-VTEC Petrol Engine
Automatic,Honda City,2018.0,Hyderabad,Petrol,Sedan,First Owner,96407.0,i VTEC Engine
Manual,Hyundai Grand i10,2017.0,Hyderabad,Petrol,Hatchback,First Owner,20000.0,Kappa VTVT Petrol Engine
Manual,Honda City,2017.0,Hyderabad,Petrol,Sedan,First Owner,53456.0,i VTEC Engine
Manual,Maruti Alto 800,2016.0,Hyderabad,Petrol,Hatchback,Second Owner,91603.0,F8D Petrol Engine
Manual,Toyota Glanza,2021.0,Hyderabad,Petrol,Hatchback,First Owner,28246.0,1.2 L Petrol Engine
Manual,Renault Scala,2013.0,Hyderabad,Diesel,Sedan,Third Owner,171000.0,dCi Diesel Engine 
Manual,Tata Tiago,2021.0,Hyderabad,Petrol,Hatchback,First Owner,30224.0,1.2 L Revotron
Manual,Honda City,2017.0,Hyderabad,Diesel,Sedan,First Owner,70000.0,i DTEC Diesel Engine
Manual,Hyundai i20,2013.0,Hyderabad,Diesel,Hatchback,Third Owner,120000.0,U2 CRDI Diesel Engine
Manual,Maruti Vitara Brezza,2017.0,Hyderabad,Diesel,SUV,Second Owner,120000.0,DDiS 200 Diesel Engine
Manual,Skoda Rapid,2020.0,Hyderabad,Diesel,Sedan,Second Owner,80000.0,Diesel Engine
Automatic,Skoda Octavia,2019.0,Hyderabad,Petrol,Sedan,First Owner,49000.0,1.8TSI Petrol Engine
Manual,Hyundai i20,2019.0,Hyderabad,Petrol,Hatchback,First Owner,70000.0,Kappa VTVT Petrol Engine
Manual,Ford Ecosport,2014.0,Hyderabad,Diesel,SUV,First Owner,85838.0,TDCi Diesel Engine
Manual,Nissan Micra Active,2016.0,Hyderabad,Petrol,Hatchback,First Owner,68000.0,In Line Petrol Engine
Automatic,Maruti Celerio,2018.0,Hyderabad,Petrol,Hatchback,Second Owner,38607.0,K10B Engine
Automatic,Hyundai i20,2019.0,Hyderabad,Petrol,Hatchback,Second Owner,48934.0,Kappa VTVT Petrol Engine
Manual,Hyundai i20,2018.0,Hyderabad,Petrol,Hatchback,First Owner,73000.0,Kappa VTVT Petrol Engine
Manual,Maruti Alto 800,2014.0,Hyderabad,Petrol,Hatchback,Second Owner,31933.0,F8D Petrol Engine
Manual,Maruti Wagon R,2013.0,Hyderabad,Petrol,Hatchback,First Owner,54959.0,K Series Petrol Engine
Automatic,Jaguar XF,2014.0,Hyderabad,Diesel,Sedan,First Owner,49000.0,Diesel S Engine
Automatic,Honda City,2017.0,Hyderabad,Petrol,Sedan,First Owner,59261.0,i VTEC Engine
Automatic,Audi A3,2019.0,Hyderabad,Diesel,Sedan,First Owner,42000.0,TDI Diesel Engine
Manual,Maruti Swift,2014.0,Hyderabad,Petrol,Hatchback,First Owner,73889.0,K Series Dual jet
Manual,Renault KWID,2019.0,Hyderabad,Petrol,Hatchback,Second Owner,44363.0,Petrol Engine
Automatic,Mercedes-Benz E-Class,2011.0,Hyderabad,Diesel,Sedan,First Owner,54000.0,4-in-line
Manual,Hyundai Verna,2017.0,Hyderabad,Petrol,Sedan,First Owner,50151.0,VTVT Petrol Engine
Manual,Hyundai Santro Xing,2010.0,Hyderabad,LPG,Hatchback,First Owner,120000.0,Bifuel Engine
Automatic,Volvo S60,2012.0,Hyderabad,Diesel,Sedan,First Owner,92000.0,In Line TwinTurbo Engine
Automatic,Jaguar XF,2017.0,Hyderabad,Diesel,Sedan,First Owner,51000.0,Diesel Engine
Automatic,Mercedes-Benz GLE,2018.0,Hyderabad,Petrol,SUV,First Owner,70000.0,V Type Petrol Engine
Manual,Hyundai Venue,2019.0,Hyderabad,Petrol,SUV,First Owner,72253.0,
Manual,Mahindra XUV500,2015.0,Hyderabad,Diesel,SUV,First Owner,51757.0,mHawk Diesel Engine
Manual,Chevrolet Beat,2012.0,Hyderabad,Petrol,Hatchback,First Owner,46000.0,Smartech Engine
Manual,Tata Harrier,2022.0,Hyderabad,Diesel,SUV,First Owner,24648.0,Kryotec 2.0 L Turbocharged Engine
Manual,Maruti Wagon R,2013.0,Hyderabad,Petrol,Hatchback,First Owner,61201.0,K10B Petrol Engine
Manual,Tata Harrier,2021.0,Hyderabad,Diesel,SUV,First Owner,23000.0,Kryotec 2.0 L Turbocharged Engine
Manual,Maruti Wagon R,2016.0,Hyderabad,Petrol,Hatchback,Second Owner,46563.0,K10B Petrol Engine
Manual,Hyundai i20,2016.0,Hyderabad,Petrol,Hatchback,First Owner,41085.0,Kappa VTVT Petrol Engine
Manual,Ford Figo,2010.0,Hyderabad,Diesel,Hatchback,First Owner,90000.0,Diesel Engine
Manual,Hyundai i20,2013.0,Hyderabad,Petrol,Hatchback,First Owner,50260.0,Kappa VTVT Petrol Engine
Manual,Ford Figo,2010.0,Hyderabad,Petrol,Hatchback,First Owner,55000.0,Petrol Engine
Manual,Maruti Celerio,2014.0,Hyderabad,Petrol,Hatchback,Second Owner,107913.0,K10C
Manual,Maruti Swift,2017.0,Hyderabad,Petrol,Hatchback,First Owner,52858.0,K Series Dual jet
Automatic,BMW 3 Series,2014.0,Hyderabad,Diesel,Sedan,First Owner,50000.0,Diesel Engine 
Manual,Renault KWID,2016.0,Hyderabad,Petrol,Hatchback,Second Owner,41832.0,Petrol Engine
Manual,Datsun GO,2014.0,Hyderabad,Petrol,Hatchback,First Owner,61000.0,Petrol Engine
Automatic,Skoda Laura,2012.0,Hyderabad,Diesel,Sedan,First Owner,136700.0,In-Line Engine
Manual,Maruti Ritz,2011.0,Hyderabad,Petrol,Hatchback,First Owner,44000.0,K Series Petrol Engine
Automatic,Hyundai Sonata,2003.0,Hyderabad,Petrol,Sedan,Third Owner,40000.0,In-Line Engine
Automatic,Renault Triber,2021.0,Hyderabad,Petrol,MUV,First Owner,45430.0,1.0L Petrol Engine
Automatic,Volkswagen Taigun,2022.0,Hyderabad,Petrol,SUV,First Owner,10000.0,1.0L TSI
Manual,Nissan Magnite,2021.0,Hyderabad,Petrol,SUV,First Owner,50000.0,B4D 1.0 NA PETROL
Manual,Mahindra XUV500,2015.0,Hyderabad,Diesel,SUV,First Owner,89178.0,mHawk Diesel Engine
Manual,Maruti Swift,2014.0,Hyderabad,Petrol,Hatchback,First Owner,52507.0,K Series Dual jet
Manual,Volkswagen Ameo,2019.0,Hyderabad,Petrol,Sedan,First Owner,47495.0,MPI Petrol Engine
Manual,Datsun RediGO,2017.0,Hyderabad,Petrol,Hatchback,Second Owner,50000.0,0.8L Petrol Engine
Automatic,Maruti Swift,2019.0,Hyderabad,Petrol,Hatchback,First Owner,89899.0,K Series Dual jet
Manual,Renault KWID,2017.0,Hyderabad,Petrol,Hatchback,Second Owner,39992.0,Petrol Engine
Manual,Maruti Wagon R,2009.0,Hyderabad,LPG,Hatchback,Second Owner,80000.0,In-Line Engine
Manual,Maruti Wagon R,2013.0,Hyderabad,Petrol,Hatchback,First Owner,89791.0,K Series Petrol Engine
Manual,Maruti Wagon R,2006.0,Hyderabad,Petrol,Hatchback,First Owner,83000.0,All Aluminium light weigh
Manual,Hyundai Grand i10,2015.0,Hyderabad,Petrol,Hatchback,Second Owner,114071.0,Kappa VTVT Petrol Engine
Manual,Maruti Wagon R,2015.0,Hyderabad,Petrol,Hatchback,Second Owner,66445.0,K10B Petrol Engine
Automatic,Volkswagen Taigun,2021.0,Hyderabad,Petrol,SUV,First Owner,30000.0,1.0L TSI
Manual,Honda WR-V,2018.0,Hyderabad,Diesel,SUV,First Owner,96615.0,i-DTEC Diesel Engine
Manual,Kia Seltos,2020.0,Hyderabad,Diesel,SUV,First Owner,60000.0,1.5 L CRDi VGT
Manual,Maruti Swift Dzire,2016.0,Hyderabad,Diesel,Sedan,Second Owner,120000.0,DDiS Diesel Engine
Manual,Hyundai Xcent,2016.0,Hyderabad,Diesel,Sedan,Second Owner,90000.0,U2 CRDI Diesel Engine
Manual,Jeep Compass,2021.0,Hyderabad,Diesel,SUV,First Owner,24001.0,2.0-Litre 4-Cyl Multijet II Engine
Manual,Maruti Swift,2011.0,Hyderabad,Petrol,Hatchback,First Owner,76000.0,K Series Petrol Engine
Manual,Hyundai Grand i10 Nios,2022.0,Hyderabad,Petrol,Hatchback,First Owner,30000.0,1.2 Kappa petrol
Manual,Jeep Compass,2021.0,Hyderabad,Diesel,SUV,First Owner,37821.0,2.0-Litre 4-Cyl Multijet II Engine
Automatic,MG Hector,2019.0,Hyderabad,Petrol,SUV,First Owner,42000.0,
Manual,Maruti Swift,2016.0,Hyderabad,Petrol,Hatchback,Second Owner,64685.0,K Series Dual jet
Manual,Maruti Wagon R,2015.0,Hyderabad,Petrol,Hatchback,Second Owner,71003.0,K10B Petrol Engine
Manual,Maruti XL6,2021.0,Hyderabad,Petrol,MUV,First Owner,10000.0,K15B Smart Hybrid
Manual,Hyundai i20,2013.0,Hyderabad,Diesel,Hatchback,First Owner,122617.0,U2 CRDI Diesel Engine
Manual,Hyundai i10,2015.0,Hyderabad,Petrol,Hatchback,First Owner,93593.0,IRDE2 Engine
Manual,Hyundai i20,2012.0,Hyderabad,Petrol,Hatchback,Second Owner,76000.0,In-Line Engine
Manual,Hyundai i20,2020.0,Hyderabad,Petrol,Hatchback,First Owner,51216.0,Kappa VTVT Petrol Engine
Manual,Hyundai Creta,2021.0,Hyderabad,Petrol,SUV,First Owner,36714.0,1.5 L MPi Petrol
Manual,Tata Altroz,2021.0,Hyderabad,Diesel,Hatchback,First Owner,61626.0,1.5 l Turbocharged Revotorq
Manual,Maruti Baleno,2016.0,Hyderabad,Petrol,Hatchback,Second Owner,47741.0,VVT Petrol Engine
Manual,Hyundai Grand i10,2014.0,Hyderabad,Petrol,Hatchback,First Owner,63000.0,Kappa VTVT Petrol Engine
Manual,Renault KWID,2020.0,Hyderabad,Petrol,Hatchback,First Owner,60894.0,Petrol Engine
Manual,Honda City,2008.0,Hyderabad,Petrol,Sedan,Second Owner,70000.0,In-Line Engine
Manual,Hyundai i10,2012.0,Hyderabad,Petrol,Hatchback,First Owner,51000.0,IRDE2 Engine
Manual,Tata Tiago,2016.0,Hyderabad,Petrol,Hatchback,First Owner,110000.0,Revotron Engine
Manual,Hyundai Venue,2022.0,Hyderabad,Petrol,SUV,First Owner,10000.0,1.2 Kappa Petrol
Automatic,BMW X1,2011.0,Hyderabad,Diesel,SUV,First Owner,95000.0,sDrive20d Diesel Engine
Manual,Maruti Ciaz,2018.0,Hyderabad,Diesel,Sedan,First Owner,66000.0,DDiS 225 Diesel Engine
Manual,Mahindra Scorpio,2011.0,Hyderabad,Diesel,SUV,First Owner,80642.0, mHawk CRDe Engine
Automatic,Hyundai Creta,2018.0,Hyderabad,Diesel,SUV,First Owner,70000.0,U2 CRDI VGT Engine
Manual,Maruti Baleno,2020.0,Hyderabad,Petrol,Hatchback,First Owner,15700.0,1.2L VVT Engine
Manual,Hyundai Creta,2018.0,Hyderabad,Petrol,SUV,First Owner,81764.0,VTVT Petrol Engine
Manual,Hyundai Verna,2018.0,Hyderabad,Petrol,Sedan,First Owner,95933.0,Kappa Dual VTVT Petrol Engine
Manual,Jeep Compass,2019.0,Hyderabad,Petrol,SUV,First Owner,23000.0,1.4-Litre 4-Cyl Multiair Engine
Manual,Honda Jazz,2015.0,Hyderabad,Petrol,Hatchback,Second Owner,85589.0,i-VTEC Petrol Engine
Manual,Hyundai i20,2017.0,Hyderabad,Petrol,Hatchback,Second Owner,72793.0,Kappa VTVT Petrol Engine
Automatic,Hyundai Verna,2013.0,Hyderabad,Diesel,Sedan,First Owner,92000.0,Diesel Engine
Manual,Maruti Swift,2014.0,Hyderabad,Petrol,Hatchback,Second Owner,95255.0,K Series Dual jet
Manual,Toyota Innova Crysta,2019.0,Hyderabad,Diesel,MUV,First Owner,59000.0,2-GD FTV Engine
Automatic,Maruti Baleno,2018.0,Hyderabad,Petrol,Hatchback,First Owner,89242.0,VVT Petrol Engine
Manual,Honda Brio,2012.0,Hyderabad,Petrol,Hatchback,First Owner,40503.0,i-VTEC Engine
Manual,Hyundai Verna,2022.0,Hyderabad,Diesel,Sedan,First Owner,20000.0,1.5 l U2 CRDi diesel
Manual,Honda Amaze,2018.0,Hyderabad,Petrol,Sedan,First Owner,96863.0,i-VTEC Petrol Engine
Manual,Honda WR-V,2021.0,Hyderabad,Petrol,SUV,First Owner,30300.0,i-VTEC
Manual,Honda City,2017.0,Hyderabad,Petrol,Sedan,Second Owner,40000.0,i VTEC Engine
Manual,Honda Amaze,2014.0,Hyderabad,Diesel,Sedan,First Owner,120000.0,i-DTEC Diesel Engine
Manual,Mahindra XUV500,2013.0,Hyderabad,Diesel,SUV,First Owner,27892.0,mHawk Diesel Engine
Manual,Maruti Swift,2020.0,Hyderabad,Petrol,Hatchback,First Owner,90000.0,VTVT Engine
Manual,Maruti Wagon R,2009.0,Hyderabad,LPG,Hatchback,First Owner,100000.0,In-Line Engine
Manual,Hyundai Grand i10,2014.0,Hyderabad,Petrol,Hatchback,Second Owner,73000.0,Kappa VTVT Petrol Engine
Automatic,Honda City Hybrid,2022.0,Hyderabad,Petrol,Sedan,First Owner,30000.0,water cooled inline 4 cylinder
Automatic,Maruti Swift Dzire,2018.0,Hyderabad,Petrol,Sedan,First Owner,32152.0,K Series VVT Engine
Manual,Maruti Swift,2015.0,Hyderabad,Diesel,Hatchback,First Owner,58241.0,DDiS Diesel Engine
Manual,Maruti Ertiga,2014.0,Hyderabad,Diesel,MUV,Second Owner,120000.0,DDiS Diesel Engine
Manual,Honda City,2013.0,Hyderabad,Petrol,Sedan,Second Owner,94141.0,SOHC i-VTEC
Automatic,Maruti Swift Dzire,2017.0,Hyderabad,Petrol,Sedan,First Owner,59411.0,K Series VVT Engine
Manual,Volkswagen Jetta,2016.0,Hyderabad,Petrol,Sedan,First Owner,17105.0,Petrol Engine
Manual,Maruti Ciaz,2018.0,Hyderabad,Diesel,Sedan,Second Owner,37100.0,DDIS Diesel Engine
Manual,Hyundai i10,2012.0,Hyderabad,Petrol,Hatchback,Second Owner,103211.0,Kappa Petrol Engine
Manual,Maruti Wagon R,2012.0,Hyderabad,Petrol,Hatchback,Second Owner,113543.0,K Series Petrol Engine
Manual,Mahindra Scorpio,2010.0,Hyderabad,Diesel,SUV,Second Owner,120000.0,mHawk CRDe Engine
Manual,Maruti Swift Dzire,2012.0,Hyderabad,Diesel,Sedan,First Owner,99334.0,In-Line Engine
Manual,Ford Fiesta,2014.0,Hyderabad,Diesel,Sedan,First Owner,156126.0,TDCi Diesel Engine
Automatic,Hyundai Creta,2017.0,Hyderabad,Diesel,SUV,Second Owner,68000.0,U2 CRDI VGT Engine
Manual,Honda Amaze,2014.0,Hyderabad,Petrol,Sedan,Second Owner,100000.0,i-VTEC Petrol Engine
Manual,Hyundai Santro Xing,2008.0,Hyderabad,Petrol,Hatchback,First Owner,54000.0,In-Line Engine
Manual,Maruti Swift Dzire Tour,2019.0,Hyderabad,Diesel,Sedan,Second Owner,110000.0,DDiS Diesel Engine
Manual,Fiat Linea,2010.0,Hyderabad,Petrol,Sedan,Second Owner,110000.0,
Manual,Hyundai Verna,2011.0,Hyderabad,Petrol,Sedan,First Owner,76000.0,VTVT Petrol Engine
Manual,Nissan Sunny,2020.0,Hyderabad,Diesel,Sedan,Second Owner,60000.0,K9K dCi Diesel Engine
Manual,Maruti Baleno,2017.0,Hyderabad,Petrol,Hatchback,First Owner,71974.0,VVT Petrol Engine
Manual,Maruti Vitara Brezza,2016.0,Hyderabad,Diesel,SUV,First Owner,105562.0,DDiS 200 Diesel Engine
Manual,Mahindra XUV500,2015.0,Hyderabad,Diesel,SUV,Second Owner,110000.0,mHawk Diesel Engine
Manual,Maruti Brezza,2023.0,Hyderabad,Petrol,SUV,First Owner,1330.0,K15C Smart Hybrid
Manual,Honda Amaze,2021.0,Hyderabad,Petrol,Sedan,Second Owner,30973.0,i-VTEC
Automatic,Hyundai i10,2011.0,Hyderabad,Petrol,Hatchback,Second Owner,100000.0,DOHC Kappa2 Engine
Manual,Hyundai i20,2018.0,Hyderabad,Petrol,Hatchback,First Owner,9351.0,Kappa VTVT Petrol Engine
Manual,Nissan Terrano,2017.0,Hyderabad,Petrol,SUV,First Owner,46000.0,K4M Petrol Engine
Manual,Maruti Alto 800,2013.0,Hyderabad,Petrol,Hatchback,Second Owner,56133.0,F8D Petrol Engine
Manual,Maruti Alto K10,2013.0,Hyderabad,Petrol,Hatchback,First Owner,92370.0,K10C
Manual,Toyota Etios,2012.0,Hyderabad,Petrol,Sedan,First Owner,68000.0,
Manual,Maruti Alto K10,2014.0,Hyderabad,Petrol,Hatchback,First Owner,38313.0,K10C
Manual,Tata Zest,2019.0,Hyderabad,Diesel,Sedan,First Owner,110000.0,Quadrajet Engine
Manual,Maruti Ciaz,2021.0,Hyderabad,Petrol,Sedan,First Owner,10000.0,K15 Smart Hybrid Petrol Engine
Manual,Hyundai Verna,2015.0,Hyderabad,Petrol,Sedan,Second Owner,80000.0,VTVT Petrol Engine
Manual,Nissan Terrano,2014.0,Hyderabad,Diesel,SUV,Third Owner,120000.0,K9K Diesel Engine
Manual,Volkswagen Vento,2015.0,Hyderabad,Diesel,Sedan,Second Owner,90000.0,TDI Diesel Engine
Manual,Volkswagen Vento,2012.0,Hyderabad,Diesel,Sedan,Second Owner,87000.0,Diesel Engine
Manual,Maruti Baleno,2018.0,Hyderabad,Petrol,Hatchback,Second Owner,70000.0,VVT Petrol Engine
Manual,Maruti Alto K10,2014.0,Hyderabad,Petrol,Hatchback,Second Owner,53179.0,K10C
Manual,Tata Nexon,2020.0,Hyderabad,Petrol,SUV,First Owner,48902.0,Revotron 1.2L Turbocharged engine
Automatic,Hyundai Verna,2012.0,Hyderabad,Diesel,Sedan,Third Owner,90000.0,VGT CRDi Diesel Engine 
Automatic,Hyundai i20,2019.0,Hyderabad,Petrol,Hatchback,First Owner,45025.0,Kappa VTVT Petrol Engine
Automatic,Maruti Baleno,2017.0,Hyderabad,Petrol,Hatchback,First Owner,22356.0,VVT Petrol Engine
Automatic,Hyundai Verna,2014.0,Hyderabad,Diesel,Sedan,First Owner,96000.0,Diesel Engine
Manual,Maruti Celerio,2019.0,Hyderabad,Petrol,Hatchback,Second Owner,35564.0,K10C
Manual,Fiat Punto,2016.0,Hyderabad,Diesel,Hatchback,First Owner,72632.0,MULTIJET Engine
Manual,Toyota Etios,2015.0,Hyderabad,Petrol,Sedan,First Owner,57349.0,Petrol Engine
Manual,Honda Amaze,2018.0,Hyderabad,Diesel,Sedan,First Owner,31915.0,i-DTEC Diesel Engine
Automatic,Volvo S60,2012.0,Hyderabad,Diesel,Sedan,First Owner,80000.0,In Line
Manual,Maruti Wagon R,2010.0,Hyderabad,Petrol,Hatchback,First Owner,44094.0,K Series Petrol Engine
Manual,Toyota Innova,2008.0,Hyderabad,Diesel,MUV,First Owner,236000.0,In-Line Engine
Manual,Hyundai Verna,2008.0,Hyderabad,Diesel,Sedan,First Owner,75000.0,In-Line Engine
Automatic,Skoda Laura,2009.0,Hyderabad,Diesel,Sedan,First Owner,92000.0,In-Line Engine
Manual,Tata Indica,2004.0,Hyderabad,Diesel,Hatchback,Second Owner,148914.0,
Automatic,Maruti S-Presso,2020.0,Hyderabad,Petrol,Hatchback,First Owner,48000.0,K10B
Automatic,Volkswagen Taigun,2022.0,Hyderabad,Petrol,SUV,First Owner,10000.0,1.0L TSI
Manual,Honda Amaze,2018.0,Hyderabad,Diesel,Sedan,First Owner,33600.0,i-DTEC Diesel Engine
Automatic,Toyota Yaris,2018.0,Hyderabad,Petrol,Sedan,Second Owner,68950.0,1.5 Dual VVT-i Engine
Manual,Maruti Wagon R,2012.0,Hyderabad,Petrol,Hatchback,First Owner,47763.0,K Series Petrol Engine
Manual,Renault Triber,2022.0,Hyderabad,Petrol,MUV,First Owner,8368.0,
Manual,Tata Nexon,2018.0,Hyderabad,Diesel,SUV,First Owner,51897.0,1.5l Turbocharged Revotorq
Manual,Honda Amaze,2014.0,Hyderabad,Petrol,Sedan,Second Owner,40274.0,i-VTEC Petrol Engine
Automatic,BMW 3 Series,2012.0,Hyderabad,Diesel,Sedan,First Owner,90000.0,Diesel Engine
Manual,Maruti Swift,2016.0,Hyderabad,Petrol,Hatchback,First Owner,62648.0,K Series Dual jet
Manual,Maruti Baleno,2017.0,Hyderabad,Petrol,Hatchback,First Owner,58448.0,VVT Petrol Engine
Manual,Hyundai Grand i10 Nios,2022.0,Hyderabad,Petrol,Hatchback,First Owner,40000.0,1.2 Kappa petrol
Manual,Ford Ecosport,2017.0,Hyderabad,Diesel,SUV,First Owner,88695.0,TDCi Diesel Engine
Manual,MG Hector,2021.0,Hyderabad,Diesel,SUV,First Owner,20000.0,
Manual,Tata Zest,2014.0,Hyderabad,Diesel,Sedan,First Owner,99840.0,Quadrajet Engine
Manual,Volkswagen Polo,2012.0,Hyderabad,Diesel,Hatchback,Second Owner,120000.0,In-Line Diesel Engine
Manual,Hyundai Verna,2023.0,Hyderabad,Petrol,Sedan,First Owner,10000.0,1.5L Turbo GDi Petrol
Automatic,Volkswagen Virtus,2022.0,Hyderabad,Petrol,Sedan,Second Owner,20000.0,1.0L TSI
Automatic,Honda Amaze,2018.0,Hyderabad,Petrol,Sedan,First Owner,20000.0,i-VTEC Petrol Engine
Automatic,Honda City,2021.0,Hyderabad,Petrol,Sedan,First Owner,31000.0,i VTEC Engine
Manual,Tata Tiago,2018.0,Hyderabad,Petrol,Hatchback,Second Owner,93407.0,Revotron Engine
Manual,Maruti Swift,2011.0,Hyderabad,Petrol,Hatchback,Second Owner,75932.0,K Series Dual jet
Automatic,Volkswagen Polo,2015.0,Hyderabad,Petrol,Hatchback,First Owner,44000.0,TSI Petrol Engine
Automatic,Hyundai Santro,2019.0,Hyderabad,Petrol,Hatchback,First Owner,62936.0,1.1 litre Petrol Engine
Manual,Hyundai i20,2016.0,Hyderabad,Petrol,Hatchback,First Owner,40841.0,Kappa VTVT Petrol Engine
Manual,Maruti Swift Dzire,2016.0,Hyderabad,Diesel,Sedan,Second Owner,150000.0,DDiS Diesel Engine
Manual,Hyundai i20,2017.0,Hyderabad,Petrol,Hatchback,First Owner,66561.0,Kappa VTVT Petrol Engine
Manual,Tata Indica V2,2016.0,Hyderabad,Diesel,Hatchback,Second Owner,114800.0,CR4 Diesel Engine
Manual,Maruti Celerio,2016.0,Hyderabad,Petrol,Hatchback,First Owner,97726.0,K10C
Manual,Ford Ecosport,2019.0,Hyderabad,Petrol,SUV,First Owner,81462.0,Ti-VCT Petrol Engine
Manual,Tata Indica V2,2015.0,Hyderabad,Diesel,Hatchback,First Owner,120000.0,CR4 Diesel Engine
Automatic,Maruti Swift,2019.0,Hyderabad,Petrol,Hatchback,First Owner,31286.0,K Series Dual jet
Manual,Maruti Baleno,2022.0,Hyderabad,Petrol,Hatchback,First Owner,20000.0,1.2 L K Series Engine
Manual,Maruti Baleno,2022.0,Hyderabad,Petrol,Hatchback,First Owner,20000.0,1.2 L K Series Engine
Automatic,Hyundai Verna,2018.0,Hyderabad,Petrol,Sedan,First Owner,57600.0,VTVT Petrol Engine
Manual,Chevrolet Sail,2013.0,Hyderabad,Petrol,Sedan,First Owner,54000.0,SMARTECH Petrol Engine
Manual,Maruti 800,,Hyderabad,Petrol,Hatchback,Second Owner,50000.0,Hi-Tech Petrol Engine
Manual,Maruti Baleno,2020.0,Hyderabad,Petrol,Hatchback,First Owner,20000.0,1.2L VVT Engine
Manual,Tata Aria,2011.0,Hyderabad,Diesel,MUV,Second Owner,100000.0,Dicor Diesel Engine
Manual,Honda City,2017.0,Hyderabad,Petrol,Sedan,Second Owner,40000.0,i VTEC Engine
Automatic,Maruti Swift Dzire,2017.0,Hyderabad,Diesel,Sedan,First Owner,49260.0,DDiS Diesel Engine
Manual,Maruti Celerio,2015.0,Hyderabad,Petrol,Hatchback,First Owner,73069.0,K10C
Manual,Maruti Swift,2013.0,Hyderabad,Petrol,Hatchback,First Owner,80000.0,K Series Petrol Engine
Manual,Maruti Swift Dzire,2014.0,Hyderabad,Petrol,Sedan,First Owner,78850.0,
Manual,Hyundai i20,2016.0,Hyderabad,Petrol,Hatchback,Second Owner,89224.0,Kappa VTVT Petrol Engine
Automatic,Tata Hexa,2017.0,Hyderabad,Diesel,MUV,Second Owner,90000.0,2.2 LTR. VARICOR 400
Manual,Maruti Wagon R,2017.0,Hyderabad,Petrol,Hatchback,Second Owner,59084.0,K10B Petrol Engine
Automatic,Maruti Wagon R,2016.0,Hyderabad,Petrol,Hatchback,First Owner,70000.0,K10B Petrol Engine
Manual,Maruti Wagon R,2013.0,Hyderabad,Petrol,Hatchback,Second Owner,59730.0,K Series Petrol Engine
Manual,Honda City,2015.0,Hyderabad,Petrol,Sedan,First Owner,50933.0,i VTEC Engine
Automatic,Volvo V40,2016.0,Hyderabad,Diesel,Hatchback,Second Owner,40000.0,Turbo Diesel Engine
Manual,Maruti Swift Dzire,2016.0,Hyderabad,Petrol,Sedan,First Owner,94426.0,
Manual,Tata Hexa,2019.0,Hyderabad,Diesel,MUV,Second Owner,50000.0,2.2 LTR. VARICOR 400
Manual,Mahindra XUV500,2013.0,Hyderabad,Diesel,SUV,Second Owner,120000.0,mHawk Diesel Engine
Automatic,Volkswagen Polo,2017.0,Hyderabad,Petrol,Hatchback,First Owner,80000.0,TSI Petrol Engine
Manual,Skoda Rapid,2012.0,Hyderabad,Diesel,Sedan,First Owner,75000.0,Turbocharged Diesel Engin
Manual,Mahindra XUV500,2018.0,Hyderabad,Diesel,SUV,First Owner,78500.0,mHawk Diesel Engine
Manual,Maruti Ritz,2013.0,Hyderabad,Diesel,Hatchback,First Owner,56000.0,DDiS Diesel Engine
Manual,Fiat Punto,2014.0,Hyderabad,Diesel,Hatchback,First Owner,100000.0,MULTIJET
Automatic,Hyundai i20,2017.0,Hyderabad,Petrol,Hatchback,Second Owner,32289.0,Dual VTVT Petrol Engine
Automatic,Tata Nexon,2018.0,Hyderabad,Petrol,SUV,First Owner,106467.0,Revotron 1.2L Turbocharged engine
Manual,Maruti Swift,2014.0,Hyderabad,Diesel,Hatchback,First Owner,75000.0,DDiS Diesel Engine
Manual,Honda City,2014.0,Hyderabad,Petrol,Sedan,Second Owner,109832.0,i VTEC Engine
Automatic,Hyundai Elantra,2018.0,Hyderabad,Petrol,Sedan,First Owner,44123.0,Nu 2.0 MPi Petrol Engine
Manual,Honda Amaze,2014.0,Hyderabad,Petrol,Sedan,Second Owner,100000.0,i-VTEC Petrol Engine
Manual,Maruti Vitara Brezza,2017.0,Hyderabad,Diesel,SUV,Second Owner,121129.0,DDiS 200 Diesel Engine
Manual,Maruti Ignis,2020.0,Hyderabad,Petrol,Hatchback,Second Owner,40000.0,1.2-Litre VVT Petrol Engine
Manual,Mahindra KUV 100,2016.0,Hyderabad,Diesel,SUV,First Owner,72607.0,mFALCON D75 Engine
Manual,Hyundai Grand i10,2016.0,Hyderabad,Petrol,Hatchback,Second Owner,28467.0,Kappa VTVT Petrol Engine
Manual,Skoda Rapid,2017.0,Hyderabad,Petrol,Sedan,First Owner,60000.0,Petrol Engine
Manual,Hyundai Creta,2017.0,Hyderabad,Diesel,SUV,First Owner,122474.0,U2 CRDI VGT Engine
Automatic,Maruti Baleno,2017.0,Hyderabad,Petrol,Hatchback,First Owner,37665.0,VVT Petrol Engine
Automatic,Volvo XC 90,2017.0,Hyderabad,Diesel,SUV,First Owner,152000.0,Twin Turbo Diesel Engine
Manual,Maruti Wagon R,2014.0,Hyderabad,Petrol,Hatchback,Second Owner,50000.0,K10B Petrol Engine
Manual,Honda Amaze,2018.0,Hyderabad,Diesel,Sedan,First Owner,110000.0,i-DTEC Diesel Engine
Manual,Mahindra XUV500,2012.0,Hyderabad,Diesel,SUV,Third Owner,120000.0,mHawk Diesel Engine
Automatic,Audi A6,2016.0,Hyderabad,Diesel,Sedan,First Owner,45000.0,In Line Diesel Engine
Manual,Hyundai Grand i10,2016.0,Hyderabad,Diesel,Hatchback,First Owner,85000.0,U2 CRDi  Diesel Engine
Automatic,Honda City,2021.0,Hyderabad,Petrol,Sedan,First Owner,61000.0,i VTEC Engine
Manual,Maruti Swift,2014.0,Hyderabad,Petrol,Hatchback,First Owner,94540.0,K Series Dual jet
Manual,Hyundai Creta,2018.0,Hyderabad,Petrol,SUV,First Owner,96620.0,VTVT Petrol Engine
Manual,Toyota Innova,2013.0,Hyderabad,Diesel,MUV,Third Owner,90000.0,2KD-FTV Diesel Engine
Automatic,Hyundai Grand i10,2016.0,Hyderabad,Petrol,Hatchback,Second Owner,104436.0,Kappa VTVT Petrol Engine
Manual,Datsun RediGO,2017.0,Hyderabad,Petrol,Hatchback,First Owner,28545.0,0.8L Petrol Engine
Manual,Volkswagen Polo,2019.0,Hyderabad,Petrol,Hatchback,First Owner,66500.0,MPI Petrol Engine
Manual,Hyundai i20,2017.0,Hyderabad,Petrol,Hatchback,First Owner,80133.0,Kappa VTVT Petrol Engine
Automatic,Mercedes-Benz C-Class,2011.0,Hyderabad,Diesel,Sedan,First Owner,106000.0,CDI Blue Efficiency Engin
Manual,Maruti SX4 S Cross,2020.0,Hyderabad,Petrol,SUV,First Owner,26852.0,K15B Smart Hybrid
Manual,Maruti Swift,2015.0,Hyderabad,Petrol,Hatchback,First Owner,59990.0,K Series Dual jet
Manual,Mahindra XUV500,2015.0,Hyderabad,Diesel,SUV,Second Owner,110000.0,mHawk Diesel Engine
Manual,Honda City,2018.0,Hyderabad,Diesel,Sedan,First Owner,75135.0,i DTEC Diesel Engine
Manual,Hyundai Grand i10,2019.0,Hyderabad,Petrol,Hatchback,Second Owner,50000.0,Kappa VTVT Petrol Engine
Manual,Honda Civic,2010.0,Hyderabad,Petrol,Sedan,First Owner,73000.0,In-Line
Manual,Maruti Baleno,2018.0,Hyderabad,Petrol,Hatchback,Second Owner,70000.0,VVT Petrol Engine
Manual,Mahindra Scorpio,2006.0,Hyderabad,Diesel,SUV,First Owner,120000.0,In-Line Engine
Manual,Tata New Safari,2021.0,Hyderabad,Diesel,SUV,First Owner,20000.0,Kryotec 2.0 L Turbocharged Engine
Manual,Toyota Innova,2012.0,Hyderabad,Diesel,MUV,First Owner,120000.0,In-Line Engine
Manual,Toyota Innova,2013.0,Hyderabad,Diesel,MUV,Second Owner,120000.0,In-Line Engine
Manual,Maruti Swift,2013.0,Hyderabad,Petrol,Hatchback,First Owner,50824.0,K Series Dual jet
Manual,Maruti Swift,2013.0,Hyderabad,Diesel,Hatchback,Second Owner,85507.0,DDiS Diesel Engine
Manual,Hyundai Verna,2010.0,Hyderabad,Diesel,Sedan,First Owner,70000.0,In-Line Engine
Manual,Maruti Ritz,2014.0,Hyderabad,Petrol,Hatchback,Second Owner,75773.0,K Series Petrol Engine
Manual,Hyundai Grand i10,2016.0,Hyderabad,Diesel,Hatchback,First Owner,62000.0,U2 CRDi  Diesel Engine
Manual,Hyundai i10,2012.0,Hyderabad,Petrol,Hatchback,First Owner,47004.0,Kappa Petrol Engine
Manual,Volkswagen Polo,2014.0,Hyderabad,Diesel,Hatchback,Second Owner,110000.0,TDI Diesel Engine
Manual,Maruti Swift,2013.0,Hyderabad,Diesel,Hatchback,Second Owner,97085.0,DDiS Diesel Engine
Manual,Hyundai Verna,2014.0,Hyderabad,Diesel,Sedan,Third Owner,87449.0,Diesel Engine
Manual,Maruti Ritz,2016.0,Hyderabad,Diesel,Hatchback,First Owner,100000.0,DDiS Diesel Engine 
Manual,Maruti Alto,2012.0,Hyderabad,Petrol,Hatchback,Second Owner,53338.0,In-Line Engine
Manual,Honda City,2011.0,Hyderabad,Petrol,Sedan,Second Owner,120000.0,In-Line Engine
Manual,Hyundai i20,2019.0,Hyderabad,Diesel,Hatchback,First Owner,78000.0,U2 CRDI Diesel Engine
Manual,Toyota Innova Crysta,2017.0,Hyderabad,Diesel,MUV,First Owner,112000.0,2-GD FTV Engine
Manual,Nissan Magnite,2022.0,Hyderabad,Petrol,SUV,First Owner,10000.0,B4D 1.0 NA PETROL
Manual,Maruti Vitara Brezza,2022.0,Hyderabad,Petrol,SUV,First Owner,20000.0,K15B Petrol Engine
Manual,Mahindra XUV500,2012.0,Hyderabad,Diesel,SUV,Second Owner,89000.0,mHawk Diesel Engine
Manual,Maruti Alto,2008.0,Hyderabad,Petrol,Hatchback,Second Owner,100000.0,In-Line Engine
Manual,Maruti Ertiga,2021.0,Hyderabad,Petrol,MUV,First Owner,20000.0,K15 Smart Hybrid
Manual,Nissan Magnite,2022.0,Hyderabad,Petrol,SUV,First Owner,13918.0,HRA0 1.0 TURBO PETROL
Manual,Nissan Magnite,2020.0,Hyderabad,Petrol,SUV,First Owner,28839.0,B4D 1.0 NA PETROL
Automatic,Maruti Celerio,2017.0,Hyderabad,Petrol,Hatchback,First Owner,30000.0,K10B Engine
Automatic,Datsun RediGO,2018.0,Hyderabad,Petrol,Hatchback,First Owner,16097.0,1.0L Petrol Engine
Automatic,Volkswagen Polo,2021.0,Hyderabad,Petrol,Hatchback,First Owner,23683.0,1.0L TSI Petrol
Manual,Toyota Innova Crysta,2023.0,Hyderabad,Diesel,MUV,First Owner,10000.0,2.4L Diesel Engine
Manual,Maruti Alto K10,2013.0,Hyderabad,Petrol,Hatchback,Second Owner,48471.0,K10C
Manual,Maruti Alto K10,2013.0,Hyderabad,Petrol,Hatchback,Second Owner,62437.0,K10C
Automatic,Tata Tigor,2018.0,Hyderabad,Petrol,Sedan,First Owner,45000.0,Revotron Engine
Manual,Maruti Ciaz,2022.0,Hyderabad,Petrol,Sedan,First Owner,15992.0,K15 Smart Hybrid Petrol Engine
Manual,Maruti Alto 800,2018.0,Hyderabad,Petrol,Hatchback,First Owner,34000.0,F8D Petrol Engine
Manual,Hyundai i10,2008.0,Hyderabad,Petrol,Hatchback,First Owner,45000.0,Petrol Engine
Manual,Maruti Ertiga,2016.0,Hyderabad,Diesel,MUV,First Owner,90000.0,DDIS 200 Smart Hybrid
Automatic,Tata Nexon,2018.0,Hyderabad,Diesel,SUV,First Owner,40000.0,"Revotorq, 1.5L Turbocharged engine"
Manual,Maruti Swift,2022.0,Hyderabad,Petrol,Hatchback,First Owner,22907.0,K Series Dual jet
Manual,Maruti Wagon R,2012.0,Hyderabad,CNG,Hatchback,First Owner,79000.0,K10B Petrol Engine
Manual,Hyundai Xcent,2016.0,Hyderabad,Diesel,Sedan,Second Owner,90000.0,U2 CRDI Diesel Engine
Manual,Maruti Alto 800,2019.0,Hyderabad,Petrol,Hatchback,Second Owner,16903.0,F8D Petrol Engine
Automatic,Nissan Micra,2018.0,Hyderabad,Petrol,Hatchback,First Owner,36874.0,In Line Petrol Engine
Automatic,Maruti Ciaz,2017.0,Hyderabad,Petrol,Sedan,First Owner,60000.0,k14B VVT Engine
Manual,Maruti Wagon R,2012.0,Hyderabad,Petrol,Hatchback,Second Owner,29994.0,K Series Petrol Engine
Automatic,Hyundai i20,2019.0,Hyderabad,Petrol,Hatchback,Second Owner,26416.0,Kappa VTVT Petrol Engine
Manual,Skoda Rapid,2018.0,Hyderabad,Diesel,Sedan,Second Owner,70000.0,Diesel Engine
Manual,Honda WR-V,2018.0,Hyderabad,Petrol,SUV,Second Owner,27581.0,i-VTEC Petrol Engine
Automatic,Toyota Fortuner,2018.0,Hyderabad,Diesel,SUV,First Owner,80000.0,1-GD FTV Engine
Manual,Maruti Swift Dzire,2020.0,Hyderabad,Petrol,Sedan,First Owner,88126.0,K Series VVT Engine
Automatic,Hyundai Venue,2019.0,Hyderabad,Petrol,SUV,First Owner,72563.0,
Manual,Hyundai EON,2013.0,Hyderabad,LPG,Hatchback,Second Owner,90000.0,Bifuel Engine
Manual,Hyundai Creta,2016.0,Hyderabad,Petrol,SUV,First Owner,88060.0,VTVT Petrol Engine
Manual,Maruti Swift,2022.0,Hyderabad,Petrol,Hatchback,First Owner,20000.0,K Series Dual jet
Manual,Toyota Innova,2015.0,Hyderabad,Diesel,MUV,Second Owner,119000.0,2KD-FTV Diesel Engine
Manual,Hyundai i20,2017.0,Hyderabad,Petrol,Hatchback,First Owner,60000.0,Kappa VTVT Petrol Engine
Automatic,Ford Endeavour,2020.0,Hyderabad,Diesel,SUV,First Owner,45000.0,EcoBlue engine
Automatic,Kia Carnival,2021.0,Hyderabad,Diesel,MUV,Second Owner,80000.0,2.2L VGT Diesel Engine
Manual,Hyundai Creta,2020.0,Hyderabad,Diesel,SUV,First Owner,95315.0,U2 CRDI Engine
Manual,Maruti Wagon R,2013.0,Hyderabad,Petrol,Hatchback,Second Owner,100000.0,K10B Petrol Engine
Manual,Hyundai Santro Xing,2010.0,Hyderabad,Petrol,Hatchback,First Owner,31000.0,Petrol Engine 
Manual,Maruti Vitara Brezza,2019.0,Hyderabad,Diesel,SUV,First Owner,109271.0,DDiS 200 Diesel Engine
Automatic,Maruti Ignis,2019.0,Hyderabad,Petrol,Hatchback,Second Owner,47844.0,1.2-Litre VVT Petrol Engine
Manual,Maruti XL6,2021.0,Hyderabad,Petrol,MUV,Second Owner,80000.0,K15B Smart Hybrid
Manual,Maruti Wagon R,2013.0,Hyderabad,Petrol,Hatchback,First Owner,62438.0,K Series Petrol Engine
Manual,Hyundai i20,2013.0,Hyderabad,Petrol,Hatchback,Third Owner,89318.0,Kappa Dual VTVT Petrol En
Automatic,Kia Carnival,2021.0,Hyderabad,Diesel,MUV,Second Owner,90000.0,2.2L VGT Diesel Engine
Automatic,Hyundai Santro,2019.0,Hyderabad,Petrol,Hatchback,Second Owner,29200.0,1.1 litre Petrol Engine
Automatic,MG Hector,2020.0,Hyderabad,Petrol,SUV,First Owner,40000.0,
Automatic,Honda City,2019.0,Hyderabad,Petrol,Sedan,First Owner,96940.0,i-VTEC
Manual,Hyundai Verna,2018.0,Hyderabad,Petrol,Sedan,First Owner,65850.0,VTVT Petrol Engine
Manual,Hyundai i10,2011.0,Hyderabad,Petrol,Hatchback,First Owner,90000.0,DOHC Kappa2 Engine
Automatic,Hyundai Santro,2019.0,Hyderabad,Petrol,Hatchback,First Owner,38264.0,1.1 litre Petrol Engine
Automatic,Renault Duster,2018.0,Hyderabad,Petrol,SUV,First Owner,47000.0,H4K Petrol Engine
Automatic,Toyota Fortuner,2019.0,Hyderabad,Diesel,SUV,First Owner,77027.0,1-GD FTV Engine
Manual,Honda City,2009.0,Hyderabad,Petrol,Sedan,First Owner,78000.0,SOHC i-VTEC
Manual,Mahindra XUV300,2019.0,Hyderabad,Diesel,SUV,Second Owner,70000.0,1.5 Diesel Engine
Manual,Skoda Octavia,2008.0,Hyderabad,Petrol,Sedan,First Owner,112000.0,In-Line Engine
Manual,Hyundai Verna,2013.0,Hyderabad,Diesel,Sedan,First Owner,138000.0,Diesel Engine
Manual,Ford Figo,2010.0,Hyderabad,Diesel,Hatchback,First Owner,51000.0,Diesel Engine
Manual,Hyundai i10,2010.0,Hyderabad,Petrol,Hatchback,Second Owner,83462.0,DOHC Engine
Manual,Renault KWID,2021.0,Hyderabad,Petrol,Hatchback,First Owner,26494.0,Petrol Engine
Automatic,BMW X1,2011.0,Hyderabad,Diesel,SUV,First Owner,82000.0,sDrive20d Diesel Engine
Manual,Maruti Baleno,2018.0,Hyderabad,Petrol,Hatchback,First Owner,68101.0,VVT Petrol Engine
Automatic,Maruti Swift,2018.0,Hyderabad,Diesel,Hatchback,Second Owner,99105.0,DDiS 190 Engine
Manual,Hyundai Creta,2016.0,Hyderabad,Diesel,SUV,First Owner,90000.0,U2 CRDI VGT Engine
Automatic,Maruti Ciaz,2017.0,Hyderabad,Petrol,Sedan,Second Owner,70424.0,k14B VVT Engine
Automatic,Maruti Vitara Brezza,2018.0,Hyderabad,Diesel,SUV,First Owner,98000.0,DDiS 200 Diesel Engine
Manual,Honda City,2014.0,Hyderabad,Diesel,Sedan,Second Owner,79189.0,i DTEC Diesel Engine 
Manual,Maruti Wagon R,2011.0,Hyderabad,Petrol,Hatchback,First Owner,115218.0,K Series Petrol Engine
Manual,Hyundai Verna,2012.0,Hyderabad,Petrol,Sedan,First Owner,120000.0,VTVT Petrol Engine
Manual,Maruti Swift,2015.0,Hyderabad,Petrol,Hatchback,Second Owner,119106.0,K Series Dual jet
Manual,Honda City,2011.0,Hyderabad,Petrol,Sedan,Second Owner,60000.0,In-Line Engine
Manual,Maruti Swift,2017.0,Hyderabad,Diesel,Hatchback,First Owner,60000.0,DDiS 190 Engine
Manual,Maruti Alto 800,2019.0,Hyderabad,Petrol,Hatchback,First Owner,80000.0,F8D Petrol Engine
Manual,Maruti Swift,2012.0,Hyderabad,Diesel,Hatchback,Second Owner,143000.0,DDiS Diesel Engine
Manual,Maruti Swift,2018.0,Hyderabad,Diesel,Hatchback,First Owner,50000.0,DDiS Diesel Engine
Automatic,Volkswagen Passat,2011.0,Hyderabad,Diesel,Sedan,First Owner,105000.0,TDI Engine
Automatic,Toyota Innova Crysta,2016.0,Hyderabad,Diesel,MUV,First Owner,110000.0,1-GD FTV Engine
Manual,Honda City,2011.0,Hyderabad,Petrol,Sedan,First Owner,80000.0,In-Line Engine
Manual,Maruti Swift,2013.0,Hyderabad,Petrol,Hatchback,Second Owner,121617.0,K Series Dual jet
Manual,Volkswagen Vento,2015.0,Hyderabad,Petrol,Sedan,Second Owner,83825.0,In Line Petrol Engine
Manual,Maruti Swift,2014.0,Hyderabad,Petrol,Hatchback,First Owner,92299.0,K Series Petrol Engine
Automatic,Maruti Vitara Brezza,2018.0,Hyderabad,Diesel,SUV,Second Owner,50643.0,DDiS 200 Diesel Engine
Manual,Mahindra TUV 300,2018.0,Hyderabad,Diesel,SUV,Second Owner,110243.0,mHawk 100 Diesel Engine
Automatic,Mercedes-Benz C-Class,2012.0,Hyderabad,Diesel,Sedan,First Owner,92721.0,CDI Blue Efficiency Engin
Automatic,Hyundai Creta,2016.0,Hyderabad,Petrol,SUV,First Owner,93104.0,VTVT Petrol Engine
Manual,Toyota Corolla Altis,2008.0,Hyderabad,Petrol,Sedan,Third Owner,83858.0,DOHC Dual VVT-i Petrol En
Manual,Datsun GO Plus,2021.0,Hyderabad,Petrol,MUV,First Owner,48869.0,Naturally Aspirated 12V DOHC EFI
Manual,Maruti Alto K10,2017.0,Hyderabad,Petrol,Hatchback,First Owner,86555.0,K10C
Manual,Volkswagen Vento,2011.0,Hyderabad,Petrol,Sedan,Second Owner,60000.0,In Line Petrol Engine
Manual,Renault Triber,2022.0,Hyderabad,Petrol,MUV,First Owner,39316.0,
Manual,Renault Duster,2014.0,Hyderabad,Diesel,SUV,Second Owner,110000.0,dCi Diesel Engine 
Manual,Tata Bolt,2016.0,Hyderabad,Diesel,Hatchback,Second Owner,100000.0,Quadrajet Engine
Manual,Hyundai Venue,2020.0,Hyderabad,Petrol,SUV,First Owner,60000.0,
Manual,Mahindra XUV500,2016.0,Hyderabad,Diesel,SUV,First Owner,100000.0,mHawk Diesel Engine
Manual,Skoda Laura,2012.0,Hyderabad,Diesel,Sedan,Second Owner,110000.0,Turbocharged Diesel Engin
Automatic,Mercedes-Benz M-Class,2011.0,Hyderabad,Diesel,SUV,First Owner,135000.0,V-Type Engine
Automatic,Toyota Urban cruiser,2022.0,Hyderabad,Petrol,SUV,First Owner,19500.0,k-series1.5l
Automatic,Honda Amaze,2021.0,Hyderabad,Petrol,Sedan,First Owner,22127.0,i-VTEC Petrol Engine
Manual,Maruti Alto 800,2015.0,Hyderabad,Petrol,Hatchback,Second Owner,78010.0,F8D Petrol Engine
Manual,Ford Ecosport,2021.0,Hyderabad,Petrol,SUV,First Owner,14087.0,Ti-VCT Petrol Engine
Automatic,MG ZS EV,2022.0,Hyderabad,Electric,SUV,First Owner,30000.0,
Manual,Tata Nexon,2022.0,Hyderabad,Diesel,SUV,First Owner,55253.0,1.5l Turbocharged Revotorq Engine
Automatic,Kia Seltos,2020.0,Hyderabad,Petrol,SUV,First Owner,63008.0,Smartstream G1.4
Automatic,MG ZS EV,2022.0,Hyderabad,Electric,SUV,First Owner,22000.0,
Manual,Maruti Alto 800,2015.0,Hyderabad,Petrol,Hatchback,First Owner,73944.0,F8D Petrol Engine
Automatic,Skoda Superb,2021.0,Hyderabad,Petrol,Sedan,First Owner,37000.0,2.0L Turbocharged Petrol
Manual,Maruti Alto 800,2017.0,Hyderabad,Petrol,Hatchback,Second Owner,52052.0,F8D Petrol Engine
Manual,Hyundai Grand i10,2018.0,Hyderabad,Petrol,Hatchback,Second Owner,42399.0,Kappa VTVT Petrol Engine
Manual,Maruti Swift Dzire,2015.0,Hyderabad,Diesel,Sedan,First Owner,50000.0,DDiS Diesel Engine
Manual,Maruti Wagon R,2020.0,Hyderabad,CNG,Hatchback,First Owner,64584.0,K10B Petrol Engine
Manual,Maruti Eeco,2014.0,Hyderabad,Petrol,Minivans,First Owner,44000.0,In-Line Engine
Automatic,Renault KWID,2017.0,Hyderabad,Petrol,Hatchback,First Owner,101434.0,Petrol Engine
Manual,Maruti Eeco,2019.0,Hyderabad,Petrol,,First Owner,13500.0,K12N
Manual,Volkswagen Ameo,2017.0,Hyderabad,Diesel,Sedan,Second Owner,75000.0,TDI Diesel Engine
Manual,Hyundai Verna,2012.0,Hyderabad,Diesel,Sedan,First Owner,75000.0,Diesel Engine
Manual,Honda City,2010.0,Hyderabad,Petrol,Sedan,First Owner,96402.0,In-Line Engine
Automatic,MG Hector Plus,2021.0,Hyderabad,Petrol,SUV,First Owner,20225.0,1.5L Turbocharged Intercooled
Manual,Hyundai i10,2016.0,Hyderabad,Petrol,Hatchback,First Owner,55000.0,IRDE2 Engine
Manual,Tata Nexon,2021.0,Hyderabad,Petrol,SUV,First Owner,44641.0,1.2l Turbocharged Revotron Engine
Manual,Hyundai i10,2010.0,Hyderabad,Petrol,Hatchback,First Owner,83958.0,Kappa Petrol Engine
Manual,Mahindra Scorpio,2006.0,Hyderabad,Diesel,SUV,Third Owner,124406.0,In-Line Engine
Automatic,Tata Nexon,2018.0,Hyderabad,Petrol,SUV,Second Owner,35226.0,Revotron 1.2L Turbocharged engine
Automatic,Hyundai i10,2011.0,Hyderabad,Petrol,Hatchback,Second Owner,75552.0,DOHC Kappa2 Engine
Manual,Hyundai i10,2010.0,Hyderabad,Petrol,Hatchback,First Owner,107972.0,DOHC Engine
Manual,Volkswagen Ameo,2019.0,Hyderabad,Petrol,Sedan,First Owner,46451.0,MPI Petrol Engine
Manual,Maruti Eeco,2021.0,Hyderabad,Petrol,Minivans,First Owner,28220.0,G12B
Automatic,Maruti S-Presso,2019.0,Hyderabad,Petrol,Hatchback,First Owner,77415.0,K10B
Automatic,Hyundai Venue,2020.0,Hyderabad,Petrol,SUV,First Owner,47314.0,
Automatic,Renault KWID,2017.0,Hyderabad,Petrol,Hatchback,First Owner,50000.0,Petrol Engine
Manual,Tata Indica,2012.0,Hyderabad,Diesel,Hatchback,Second Owner,120000.0,4Cylinder Turbo Intercool
Manual,Skoda Rapid,2018.0,Hyderabad,Diesel,Sedan,First Owner,40000.0,Diesel Engine
Manual,Honda Brio,2013.0,Hyderabad,Petrol,Hatchback,Second Owner,80000.0,i-VTEC Engine
Manual,Toyota Fortuner,2018.0,Hyderabad,Diesel,SUV,First Owner,120000.0,1-GD FTV Engine
Manual,Maruti Eeco,2020.0,Hyderabad,Petrol,,First Owner,16415.0,K12N
Manual,Maruti Alto,2008.0,Hyderabad,Petrol,Hatchback,Second Owner,110000.0,In-Line Engine
Automatic,Maruti Wagon R,2019.0,Hyderabad,Petrol,Hatchback,First Owner,30564.0,K12M Petrol Engine
Manual,Ford Figo,2011.0,Hyderabad,Diesel,Hatchback,Second Owner,90000.0,Diesel Engine
Manual,Datsun GO Plus,2019.0,Hyderabad,Petrol,MUV,Third Owner,62674.0,Naturally Aspirated 12V DOHC EFI
Automatic,Honda Jazz,2018.0,Hyderabad,Petrol,Hatchback,First Owner,61710.0,i-VTEC Petrol Engine
Automatic,Hyundai Verna,2012.0,Hyderabad,Diesel,Sedan,First Owner,95000.0,Diesel Engine
Automatic,Hyundai Creta,2017.0,Hyderabad,Diesel,SUV,First Owner,99215.0,U2 CRDI VGT Engine
Automatic,Tata Nexon,2019.0,Hyderabad,Diesel,SUV,First Owner,46034.0,"Revotorq, 1.5L Turbocharged engine"
Manual,Maruti Ertiga,2014.0,Hyderabad,Petrol,MUV,First Owner,20000.0,K Series Petrol Engine
Manual,Honda Brio,2013.0,Hyderabad,Petrol,Hatchback,First Owner,60993.0,i-VTEC Engine
Manual,Mahindra XUV500,2015.0,Hyderabad,Diesel,SUV,Second Owner,90000.0,mHawk Diesel Engine
Manual,Maruti Swift Dzire,2017.0,Hyderabad,Diesel,Sedan,First Owner,71821.0,DDiS Diesel Engine
Manual,MG Hector,2021.0,Hyderabad,Petrol,SUV,First Owner,2486.0,
Automatic,Honda Civic,2006.0,Hyderabad,Petrol,Sedan,Third Owner,60000.0,In-Line Engine
Manual,Hyundai Grand i10 Nios,2020.0,Hyderabad,Petrol,Hatchback,First Owner,12740.0,1.2 Kappa petrol
Automatic,Tata Nexon EV Prime,2022.0,Hyderabad,Electric,SUV,First Owner,30000.0,
Manual,Hyundai Grand i10,2018.0,Hyderabad,Diesel,Hatchback,Second Owner,79079.0,U2 CRDi  Diesel Engine
Manual,Tata Altroz,2022.0,Hyderabad,Petrol,Hatchback,First Owner,28522.0,1.2 l Revotron
Automatic,Mahindra E Verito,2018.0,Hyderabad,Electric,Sedan,First Owner,67200.0,Electric Engine
Automatic,Mahindra E Verito,2018.0,Hyderabad,Electric,Sedan,First Owner,50000.0,Electric Engine
Automatic,Volvo S60,2018.0,Hyderabad,Diesel,Sedan,First Owner,46000.0,Turbo Diesel Engine
Manual,Mahindra Scorpio N,2022.0,Hyderabad,Diesel,SUV,First Owner,20000.0,mHawk
Manual,Mahindra KUV 100,2016.0,Hyderabad,Diesel,SUV,First Owner,80000.0,mFALCON D75 Engine
Manual,Renault KWID,2017.0,Hyderabad,Petrol,Hatchback,First Owner,29011.0,Petrol Engine
Manual,Kia Seltos,2020.0,Hyderabad,Petrol,SUV,First Owner,42372.0,SMARTSTREAM G1.5
Automatic,Mahindra Thar,2021.0,Hyderabad,Petrol,SUV,Second Owner,23147.0,mStallion 150 TGDi Engine
Manual,Honda City,2022.0,Hyderabad,Diesel,Sedan,First Owner,22310.0,Water Cooled Inline i-DTEC DOHC
Automatic,Maruti Celerio,2016.0,Hyderabad,Petrol,Hatchback,First Owner,18732.0,K10C
Manual,Toyota Etios,2016.0,Hyderabad,Diesel,Sedan,First Owner,95417.0,D-4D Diesel Engine
Automatic,Honda City,2014.0,Hyderabad,Petrol,Sedan,Second Owner,62015.0,i VTEC Engine
Automatic,Ford Ecosport,2018.0,Hyderabad,Petrol,SUV,First Owner,54000.0,Ti-VCT Petrol Engine
Automatic,Renault KWID,2019.0,Hyderabad,Petrol,Hatchback,Second Owner,51237.0,Petrol Engine
Manual,Hyundai Xcent,2017.0,Hyderabad,Petrol,Sedan,First Owner,36140.0,1.2L Kappa Dual VTVT Petrol
Manual,Maruti Swift,2018.0,Hyderabad,Diesel,Hatchback,Second Owner,80000.0,DDiS 190 Engine
Automatic,Maruti Celerio,2016.0,Hyderabad,Petrol,Hatchback,Second Owner,70895.0,K10C
Manual,Hyundai Grand i10,2018.0,Hyderabad,Diesel,Hatchback,First Owner,90000.0,U2 CRDi  Diesel Engine
Manual,Tata Tigor,2020.0,Hyderabad,Petrol,Sedan,First Owner,60000.0,1.2L Revotron Engine
Manual,Maruti Wagon R,2007.0,Hyderabad,Petrol,Hatchback,First Owner,70237.0,K10B Petrol Engine
Manual,Hyundai Santro Xing,2007.0,Hyderabad,Petrol,Hatchback,First Owner,89592.0,
Manual,Chevrolet Cruze,2010.0,Hyderabad,Diesel,Sedan,First Owner,79333.0,"4 Cylinder, VCDi"
Manual,Maruti Swift Dzire,2014.0,Hyderabad,Diesel,Sedan,First Owner,82144.0,DDiS Diesel Engine
Automatic,BMW 3 Series,2018.0,Hyderabad,Diesel,Sedan,First Owner,40000.0,TwinPower Turbo 4 Cylinder Engine
Automatic,Volkswagen Vento,2015.0,Hyderabad,Diesel,Sedan,Second Owner,129517.0,TDI Diesel Engine
Automatic,Hyundai Santro,2019.0,Hyderabad,Petrol,Hatchback,First Owner,39881.0,1.1 litre Petrol Engine
Manual,Tata Altroz,2021.0,Hyderabad,Petrol,Hatchback,First Owner,12280.0,1.2 l i-Turbo
Manual,Tata Manza,2011.0,Hyderabad,Diesel,Sedan,First Owner,70000.0,"4 Cylinder, Common Rail, "
Manual,Maruti Celerio,2020.0,Hyderabad,CNG,Hatchback,First Owner,49984.0,K10B Engine
Automatic,Ford Ecosport,2017.0,Hyderabad,Petrol,SUV,First Owner,51258.0,Ti-VCT Petrol Engine
Manual,Hyundai Xcent Prime,2019.0,Hyderabad,CNG,Sedan,Second Owner,90000.0,1.2 Kapa dual VTVT bi-fuel
Manual,Honda Brio,2012.0,Hyderabad,Petrol,Hatchback,Second Owner,95178.0,i-VTEC Engine
Manual,Volkswagen Ameo,2016.0,Hyderabad,Petrol,Sedan,First Owner,62000.0,MPI Petrol Engine
Manual,Hyundai Creta,2016.0,Hyderabad,Diesel,SUV,First Owner,119781.0,U2 CRDI VGT Engine
Manual,Tata Altroz,2021.0,Hyderabad,Petrol,Hatchback,Second Owner,31750.0,1.2 l i-Turbo
Automatic,Toyota Innova Crysta,2019.0,Hyderabad,Diesel,MUV,First Owner,78000.0,1-GD FTV Engine
Manual,Hyundai Verna,2013.0,Hyderabad,Diesel,Sedan,First Owner,110000.0,Diesel Engine
Automatic,Hyundai Grand i10,2014.0,Hyderabad,Petrol,Hatchback,First Owner,73400.0,Kappa VTVT Petrol Engine
Automatic,Tata Tiago,2018.0,Hyderabad,Petrol,Hatchback,Third Owner,40000.0,Revotron Engine
Automatic,Mahindra XUV500,2020.0,Hyderabad,Diesel,SUV,First Owner,49500.0,mHawk155 Diesel Engine
Manual,Hyundai Verna,2022.0,Hyderabad,Petrol,Sedan,First Owner,14991.0,1.5 l MPi petrol
Manual,Maruti Ertiga,2022.0,Hyderabad,Petrol,MUV,First Owner,32363.0,K15 Smart Hybrid
Manual,Hyundai Verna,2013.0,Hyderabad,Diesel,Sedan,Second Owner,60000.0,Diesel Engine
Manual,Hyundai Santro,2002.0,Hyderabad,Petrol,Hatchback,Second Owner,99750.0,
Manual,Skoda Rapid,2021.0,Hyderabad,Petrol,Sedan,First Owner,15504.0,1.0L TSI Petrol
Manual,Ford Ecosport,2018.0,Hyderabad,Petrol,SUV,First Owner,20858.0,Ti-VCT Petrol Engine
Automatic,Jeep Compass,2019.0,Hyderabad,Petrol,SUV,First Owner,30000.0,1.4-Litre 4-Cyl Multiair Engine
Manual,Mahindra Thar,2018.0,Hyderabad,Diesel,SUV,Second Owner,90305.0,NEF TCI-CRDe Engine
Manual,Hyundai Creta,2017.0,Hyderabad,Diesel,SUV,First Owner,99128.0,U2 CRDI VGT Engine
Automatic,Jeep Compass,2019.0,Hyderabad,Petrol,SUV,First Owner,30000.0,1.4-Litre 4-Cyl Multiair Engine
Manual,Honda Amaze,2014.0,Hyderabad,Petrol,Sedan,Second Owner,52597.0,i-VTEC Petrol Engine
Manual,Maruti Swift,2015.0,Hyderabad,Diesel,Hatchback,Third Owner,112921.0,DDiS Diesel Engine
Manual,Maruti Swift Dzire,2014.0,Hyderabad,Diesel,Sedan,First Owner,73626.0,DDiS Diesel Engine
Automatic,Renault KWID,2018.0,Hyderabad,Petrol,Hatchback,First Owner,42964.0,Petrol Engine
Manual,Maruti Ciaz,2016.0,Hyderabad,Diesel,Sedan,Second Owner,100000.0,DDIS Diesel Engine
Manual,Jeep Compass,2017.0,Hyderabad,Diesel,SUV,First Owner,89906.0,2.0-Litre 4-Cyl Multijet II Engine
Manual,Mahindra Scorpio,2018.0,Hyderabad,Diesel,SUV,Second Owner,80000.0,mHawk Diesel Engine
Manual,Maruti Swift Dzire Tour,2019.0,Hyderabad,Diesel,Sedan,First Owner,110000.0,DDiS Diesel Engine
Manual,Kia Seltos,2019.0,Hyderabad,Diesel,SUV,First Owner,40000.0,1.5 L CRDi VGT
Automatic,Tata Tiago,2020.0,Hyderabad,Petrol,Hatchback,Second Owner,40000.0,1.2 L Revotron
Manual,Hyundai Xcent,2015.0,Hyderabad,Diesel,Sedan,First Owner,90000.0,U2 CRDI Diesel Engine
Automatic,Hyundai Elantra,2018.0,Hyderabad,Diesel,Sedan,First Owner,30000.0,U2 VGT CRDi Diesel Engine
Automatic,Volkswagen Polo,2021.0,Hyderabad,Petrol,Hatchback,First Owner,45416.0,1.0L TSI Petrol
Manual,Hyundai i20,2013.0,Hyderabad,Petrol,Hatchback,First Owner,64000.0,Kappa VTVT Petrol Engine
Automatic,MG Hector,2021.0,Hyderabad,Petrol,SUV,First Owner,16769.0,1.5 L Turbocharged Intercooled
Manual,Nissan Magnite,2021.0,Hyderabad,Petrol,SUV,First Owner,30580.0,HRA0 1.0 TURBO PETROL
Automatic,Land Rover Range Rover Evoque,2018.0,Hyderabad,Diesel,SUV,First Owner,47000.0,TD4 Diesel Engine
Automatic,Tata Nexon,2021.0,Hyderabad,Petrol,SUV,Second Owner,25596.0,1.2l Turbocharged Revotron Engine
Manual,Maruti Vitara Brezza,2017.0,Hyderabad,Diesel,SUV,First Owner,89681.0,DDiS 200 Diesel Engine
Manual,Maruti Ertiga,2018.0,Hyderabad,Petrol,MUV,First Owner,42000.0,K15 Smart Hybrid
Automatic,Renault Triber,2022.0,Hyderabad,Petrol,MUV,First Owner,29302.0,
Automatic,Honda City,2015.0,Hyderabad,Petrol,Sedan,First Owner,41200.0,i VTEC Engine
Manual,Tata Harrier,2021.0,Hyderabad,Diesel,SUV,First Owner,70076.0,Kryotec 2.0 L Turbocharged Engine
Manual,Ford Ecosport,2018.0,Hyderabad,Diesel,SUV,First Owner,90114.0,TDCi Diesel Engine
Manual,Mahindra Bolero,2014.0,Hyderabad,Diesel,SUV,Fourth Owner,80000.0,DI Turbo Diesel Engine
Automatic,Renault Duster,2019.0,Hyderabad,Petrol,SUV,First Owner,5933.0,H4K Petrol Engine
Manual,Tata Tiago,2017.0,Hyderabad,Petrol,Hatchback,First Owner,30000.0,Revotron Engine
Manual,Maruti Alto K10,2011.0,Hyderabad,Petrol,Hatchback,First Owner,60000.0,K Series Petrol Engine
Automatic,Mercedes-Benz EQC,2021.0,Hyderabad,Electric,SUV,First Owner,20000.0,
Automatic,Audi A4,2013.0,Hyderabad,Diesel,Sedan,First Owner,66000.0,TDI Diesel Engine
Manual,Mercedes-Benz C-Class,2002.0,Hyderabad,Petrol,Sedan,First Owner,135000.0,
Manual,Skoda Octavia,2007.0,Hyderabad,Diesel,Sedan,First Owner,110000.0,In-Line Engine 
Automatic,Skoda Superb,2007.0,Hyderabad,Diesel,Sedan,First Owner,133000.0,V-Type Engine
Manual,Ford Figo,2011.0,Hyderabad,Diesel,Hatchback,First Owner,61000.0,Diesel Engine
Manual,Renault KWID,2021.0,Hyderabad,Petrol,Hatchback,First Owner,29828.0,1.0 SCe
Manual,Hyundai EON,2015.0,Hyderabad,Petrol,Hatchback,Third Owner,58321.0,Petrol Engine
Automatic,Volvo S60,2012.0,Hyderabad,Diesel,Sedan,First Owner,85000.0,In Line
Manual,Honda Amaze,2019.0,Hyderabad,Petrol,Sedan,Second Owner,37566.0,i-VTEC Petrol Engine
Manual,Maruti Alto 800,2016.0,Hyderabad,Petrol,Hatchback,Second Owner,60610.0,F8D Petrol Engine
Manual,Volkswagen Polo,2011.0,Hyderabad,Petrol,Hatchback,First Owner,30000.0,In-Line Engine
Automatic,Maruti Baleno,2019.0,Hyderabad,Petrol,Hatchback,First Owner,32098.0,VVT Petrol Engine
Manual,Honda City,2015.0,Hyderabad,Diesel,Sedan,First Owner,100000.0,i DTEC Diesel Engine 
Automatic,Renault KWID,2018.0,Hyderabad,Petrol,Hatchback,First Owner,48556.0,Petrol Engine
Automatic,Hyundai Verna,2018.0,Hyderabad,Diesel,Sedan,First Owner,76654.0,U2 VGT Diesel Engine
Manual,Hyundai Creta,2021.0,Hyderabad,Diesel,SUV,First Owner,50000.0,1.5 L U2 CRDi Diesel
Automatic,Toyota Glanza,2019.0,Hyderabad,Petrol,Hatchback,First Owner,39014.0,Petrol Engine
Manual,Fiat Abarth Avventura,2015.0,Hyderabad,Petrol,Hatchback,Second Owner,105000.0,T-Jet Petrol Engine
Manual,Chevrolet Cruze,2010.0,Hyderabad,Diesel,Sedan,First Owner,95000.0,"4 Cylinder, VCDi"
Manual,Toyota Fortuner,2010.0,Hyderabad,Diesel,SUV,First Owner,122000.0,4 Cylinders In-line
Automatic,Mahindra XUV300,2022.0,Hyderabad,Petrol,SUV,First Owner,10000.0,1.2L Petrol
Automatic,Ford Endeavour,2020.0,Hyderabad,Diesel,SUV,First Owner,45000.0,Diesel Engine
Manual,Ford Ecosport,2017.0,Hyderabad,Diesel,SUV,First Owner,80000.0,TDCi Diesel Engine
Manual,Ford Ecosport,2015.0,Hyderabad,Diesel,SUV,First Owner,120000.0,TDCi Diesel Engine
Automatic,Ford Endeavour,2020.0,Hyderabad,Diesel,SUV,First Owner,44989.0,EcoBlue engine
Manual,Hyundai EON,2016.0,Hyderabad,Petrol,Hatchback,Second Owner,68336.0,Petrol Engine
Manual,Maruti Swift,2013.0,Hyderabad,Petrol,Hatchback,First Owner,79202.0,K Series Dual jet
Manual,Toyota Innova,2008.0,Hyderabad,Diesel,MUV,Second Owner,150000.0,In-Line Engine
Manual,Honda Jazz,2018.0,Hyderabad,Diesel,Hatchback,Second Owner,101883.0,i-DTEC Diesel Engine
Automatic,Hyundai Creta,2018.0,Hyderabad,Diesel,SUV,First Owner,105405.0,U2 CRDI VGT Engine
Manual,Hyundai Verna,2012.0,Hyderabad,Petrol,Sedan,First Owner,120000.0,VTVT Petrol Engine
Automatic,Volkswagen Polo,2021.0,Hyderabad,Petrol,Hatchback,First Owner,55053.0,1.0L TSI Petrol
Manual,Maruti Baleno,2022.0,Hyderabad,Petrol,Hatchback,First Owner,10000.0,1.2 L K Series Engine
Manual,Maruti Alto K10,2015.0,Hyderabad,Petrol,Hatchback,First Owner,111046.0,K10C
Manual,Maruti Celerio,2022.0,Hyderabad,CNG,Hatchback,First Owner,1457.0,K10C
Manual,Hindustan Motors Contessa,,Hyderabad,Petrol,Sedan,Second Owner,90000.0,
Manual,Mahindra Bolero Neo,2022.0,Hyderabad,Diesel,SUV,First Owner,63752.0,mHAWk100
Manual,Tata Manza,2010.0,Hyderabad,Diesel,Sedan,Second Owner,80000.0,Diesel Engine
Manual,Hyundai Xcent,2018.0,Hyderabad,Diesel,Sedan,First Owner,50000.0,U2 CRDI Diesel Engine
Manual,Maruti Swift,2012.0,Hyderabad,Diesel,Hatchback,Third Owner,91543.0,DDiS Diesel Engine
Manual,Ford Aspire,2019.0,Hyderabad,Diesel,Sedan,First Owner,60000.0,TDCi Diesel Engine
Manual,Tata Nexon,2021.0,Hyderabad,Diesel,SUV,First Owner,30000.0,1.5l Turbocharged Revotorq
Manual,Maruti Vitara Brezza,2017.0,Hyderabad,Diesel,SUV,First Owner,74320.0,DDiS 200 Diesel Engine
Manual,Chevrolet Beat,2014.0,Hyderabad,Diesel,Hatchback,Second Owner,70000.0,SMARTECH Diesel Engine
Manual,Maruti Brezza,2022.0,Hyderabad,Petrol,SUV,First Owner,10000.0,K15C Smart Hybrid
Manual,Honda City,2016.0,Hyderabad,Petrol,Sedan,Second Owner,53326.0,i VTEC Engine
Automatic,Maruti Swift Dzire,2019.0,Hyderabad,Diesel,Sedan,First Owner,97112.0,DDiS Diesel Engine
Automatic,Hyundai Creta,2022.0,Hyderabad,Petrol,SUV,First Owner,10000.0,1.4 L Turbo GDi Petrol
Automatic,Hyundai Grand i10,2018.0,Hyderabad,Petrol,Hatchback,First Owner,8345.0,Kappa VTVT Petrol Engine
Manual,Maruti Wagon R,2014.0,Hyderabad,Petrol,Hatchback,Second Owner,45852.0,K10B Petrol Engine
Manual,Volkswagen Polo,2016.0,Hyderabad,Diesel,Hatchback,First Owner,90000.0,TDI Diesel Engine
Automatic,Nissan Magnite,2022.0,Hyderabad,Petrol,SUV,First Owner,12094.0,HRA0 1.0 TURBO PETROL
Automatic,Maruti Ertiga,2021.0,Hyderabad,Petrol,MUV,First Owner,20000.0,K15 Smart Hybrid
Manual,Hyundai Alcazar,2021.0,Hyderabad,Diesel,SUV,First Owner,30111.0,1.5 l diesel CRDi engine
Automatic,Maruti Swift,2018.0,Hyderabad,Petrol,Hatchback,First Owner,34840.0,K Series Dual jet
Automatic,Skoda Rapid,2018.0,Hyderabad,Diesel,Sedan,Second Owner,100000.0,Diesel Engine
Manual,Volkswagen Vento,2013.0,Hyderabad,Diesel,Sedan,Second Owner,110807.0,Common Rail Diesel Engine
Manual,Kia Sonet,2022.0,Hyderabad,Petrol,SUV,First Owner,10000.0,SMARTSTREAM G1.2
Manual,Hyundai Santro Xing,2004.0,Hyderabad,Petrol,Hatchback,Fifth Owner,131561.0,
Manual,Hyundai Aura,2021.0,Hyderabad,Petrol,Sedan,First Owner,38370.0,1.2 l Kappa dual petrol
Manual,Maruti Vitara Brezza,2020.0,Hyderabad,Petrol,SUV,First Owner,60000.0,K15B Petrol Engine
Manual,Renault Triber,2020.0,Hyderabad,Petrol,MUV,First Owner,30000.0,
Manual,Hyundai Accent,2003.0,Hyderabad,Diesel,Sedan,Second Owner,120000.0,In-Line Engine
Manual,Mahindra XUV300,2020.0,Hyderabad,Petrol,SUV,First Owner,50000.0,1.2L Turbo Petrol
Automatic,BMW 3 Series,2012.0,Hyderabad,Diesel,Sedan,First Owner,70000.0,Diesel Engine
Manual,Hyundai Santro Xing,2010.0,Hyderabad,Petrol,Hatchback,Second Owner,90566.0,Petrol Engine 
Automatic,Hyundai Verna,2019.0,Hyderabad,Diesel,Sedan,Second Owner,67370.0,U2 VGT Diesel Engine
Automatic,MG Hector,2021.0,Hyderabad,Petrol,SUV,First Owner,20000.0,
Manual,Mahindra Marazzo,2021.0,Hyderabad,Diesel,MUV,First Owner,19661.0,D15 1.5 Litre Diesel Engine
Manual,Hyundai Venue,2021.0,Hyderabad,Diesel,SUV,First Owner,58177.0,U2 CRDi Diesel
Manual,Maruti SX4 S Cross,2020.0,Hyderabad,Petrol,SUV,First Owner,40000.0,K15B Smart Hybrid
Manual,Renault Duster,2013.0,Hyderabad,Diesel,SUV,First Owner,76134.0,dCi Diesel Engine
Manual,Hyundai Creta,2022.0,Hyderabad,Diesel,SUV,First Owner,40000.0,1.5 L U2 CRDi Diesel
Manual,Honda City,2014.0,Hyderabad,Diesel,Sedan,First Owner,90102.0,i DTEC Diesel Engine 
Manual,Datsun RediGO,2019.0,Hyderabad,Petrol,Hatchback,Second Owner,32329.0,0.8L Petrol Engine
Manual,Mahindra XUV300,2020.0,Hyderabad,Petrol,SUV,First Owner,50000.0,1.2L Turbo Petrol
Automatic,Tata Nexon,2020.0,Hyderabad,Petrol,SUV,Second Owner,72812.0,1.2l Turbocharged Revotron Engine
Manual,Hyundai Xcent,2016.0,Hyderabad,Diesel,Sedan,Third Owner,120000.0,U2 CRDI Diesel Engine
Automatic,Hyundai i20,2019.0,Hyderabad,Petrol,Hatchback,Second Owner,30000.0,Kappa VTVT Petrol Engine
Manual,Hyundai i20,2019.0,Hyderabad,Diesel,Hatchback,Second Owner,60000.0,U2 CRDI Diesel Engine
Manual,Ford Fiesta,2008.0,Hyderabad,Petrol,Sedan,Second Owner,70000.0,
Manual,Honda Amaze,2018.0,Hyderabad,Diesel,Sedan,Second Owner,60000.0,i-DTEC Diesel Engine
Manual,Hyundai Venue,2022.0,Hyderabad,Petrol,SUV,Second Owner,30000.0,Kappa 1.2 L MPi Petrol
Automatic,Jeep Compass,2022.0,Hyderabad,Diesel,SUV,First Owner,24916.0,2.0L Multijet Diesel
Manual,Hyundai EON,2015.0,Hyderabad,Petrol,Hatchback,First Owner,25121.0,Petrol Engine
Manual,Hyundai i10,2011.0,Hyderabad,Petrol,Hatchback,Second Owner,95916.0,Kappa Petrol Engine
Manual,Maruti Ritz,2016.0,Hyderabad,Diesel,Hatchback,Second Owner,98076.0,DDiS Diesel Engine 
Manual,Renault KWID,2018.0,Hyderabad,Petrol,Hatchback,First Owner,84020.0,Petrol Engine
Manual,Maruti Alto 800,2015.0,Hyderabad,Petrol,Hatchback,Second Owner,49692.0,F8D Petrol Engine
Manual,Hyundai Getz,2008.0,Hyderabad,Petrol,Hatchback,Second Owner,90000.0,In-Line Engine
Manual,Hyundai i10,2011.0,Hyderabad,Petrol,Hatchback,First Owner,96502.0,Kappa Petrol Engine
Automatic,Jaguar XJ,2018.0,Hyderabad,Diesel,Sedan,Second Owner,60000.0,Diesel Engine
Manual,Renault KWID,2019.0,Hyderabad,Petrol,Hatchback,First Owner,37634.0,Petrol Engine
Manual,Maruti Alto,2012.0,Hyderabad,Petrol,Hatchback,Second Owner,64934.0,In-Line Engine
Manual,Maruti Wagon R,2022.0,Hyderabad,Petrol,Hatchback,First Owner,30000.0,K10C
Automatic,Hyundai i10,2011.0,Hyderabad,Petrol,Hatchback,Second Owner,61609.0,DOHC Kappa2 Engine
Automatic,Skoda Rapid,2018.0,Hyderabad,Petrol,Sedan,First Owner,80000.0,Petrol Engine
Manual,Tata New Safari,2021.0,Hyderabad,Diesel,SUV,First Owner,60000.0,Kryotec 2.0 L Turbocharged Engine
Manual,Maruti Ertiga,2016.0,Hyderabad,Diesel,MUV,Second Owner,70000.0,D13A SHVS Engine
Manual,Maruti Wagon R,2012.0,Hyderabad,CNG,Hatchback,Second Owner,80000.0,K Series Petrol Engine
Manual,Tata Indica V2,2016.0,Hyderabad,Diesel,Hatchback,Second Owner,120000.0,CR4 Diesel Engine
Manual,Tata Hexa,2017.0,Hyderabad,Diesel,SUV,Third Owner,80000.0,2.2 LTR. VARICOR 400
Manual,Maruti Ritz,2016.0,Hyderabad,Diesel,Hatchback,First Owner,120000.0,DDiS Diesel Engine 
Manual,Maruti Swift,2009.0,Hyderabad,Diesel,Hatchback,Second Owner,120000.0,In-Line Engine
Manual,Volkswagen Polo,2021.0,Hyderabad,Petrol,Hatchback,First Owner,30088.0,1.0L MPI Petrol
Manual,Datsun RediGO,2017.0,Hyderabad,Petrol,Hatchback,Second Owner,65094.0,0.8L Petrol Engine
Manual,Maruti Swift,2009.0,Hyderabad,Diesel,Hatchback,Second Owner,120000.0,In-Line Engine
Manual,Maruti Alto,2010.0,Hyderabad,Petrol,Hatchback,First Owner,55024.0,In-Line Engine
Automatic,Renault Triber,2020.0,Hyderabad,Petrol,MUV,Second Owner,21687.0,
Manual,Toyota Innova,2013.0,Hyderabad,Diesel,MUV,First Owner,120000.0,In-Line Engine
Manual,Datsun GO,2017.0,Hyderabad,Petrol,Hatchback,First Owner,72762.0,Naturally Aspirated 12V
Manual,Tata Yodha Pickup,2021.0,Hyderabad,Diesel,Pickup Trucks,First Owner,30000.0,TATA 4SP CR TCIC
Automatic,Maruti Wagon R,2017.0,Hyderabad,Petrol,Hatchback,First Owner,52791.0,K10B Petrol Engine
Manual,Renault Duster,2012.0,Hyderabad,Diesel,SUV,First Owner,67879.0,dCi Diesel Engine 
Manual,Maruti Baleno,2018.0,Hyderabad,Petrol,Hatchback,First Owner,60053.0,VVT Petrol Engine
Manual,Nissan Magnite,2021.0,Hyderabad,Petrol,SUV,First Owner,23316.0,B4D 1.0 NA PETROL
Automatic,Renault KWID,2017.0,Hyderabad,Petrol,Hatchback,Second Owner,50000.0,Petrol Engine
Manual,Hyundai Santro Xing,2007.0,Hyderabad,Petrol,Hatchback,Second Owner,100000.0,Petrol Engine 
Manual,Hyundai EON,2016.0,Hyderabad,LPG,Hatchback,Second Owner,60000.0,Petrol Engine
Automatic,Honda City,2018.0,Hyderabad,Petrol,Sedan,First Owner,20000.0,i VTEC Engine
Manual,Tata Indica V2,2015.0,Hyderabad,Diesel,Hatchback,First Owner,120000.0,TDi Engine
Manual,Jeep Compass,2018.0,Hyderabad,Petrol,SUV,Second Owner,30000.0,1.4-Litre 4-Cyl Multiair Engine
Manual,Maruti Swift,2019.0,Hyderabad,Diesel,Hatchback,First Owner,70000.0,DDiS 190 Engine
Manual,Nissan Magnite,2022.0,Hyderabad,Petrol,SUV,Second Owner,10000.0,B4D 1.0 NA PETROL
Manual,Renault KWID,2016.0,Hyderabad,Petrol,Hatchback,Second Owner,42203.0,Petrol Engine
Automatic,Maruti SX4 S Cross,2020.0,Hyderabad,Petrol,SUV,First Owner,27653.0,K15B Smart Hybrid
Automatic,Audi Q5,2013.0,Hyderabad,Diesel,SUV,Second Owner,100000.0,TDI Quattro Engine 
Manual,Datsun GO,2016.0,Hyderabad,Petrol,Hatchback,First Owner,67429.0,Naturally Aspirated 12V
Manual,Renault KWID,2017.0,Hyderabad,Petrol,Hatchback,First Owner,65192.0,Petrol Engine
Manual,Hyundai Santro Xing,2003.0,Hyderabad,Petrol,Hatchback,Second Owner,120000.0,
Manual,Tata Altroz,2021.0,Hyderabad,Diesel,Hatchback,First Owner,26893.0,1.5 l Turbocharged Revotorq
Automatic,Chevrolet Cruze,2010.0,Hyderabad,Diesel,Sedan,Second Owner,90000.0,"4 Cylinder, VCDi"
Manual,Maruti Vitara Brezza,2018.0,Hyderabad,Diesel,SUV,Second Owner,70167.0,DDiS 200 Diesel Engine
Manual,Maruti Eeco,2016.0,Hyderabad,Petrol,Minivans,Second Owner,84542.0,In-Line Engine
Automatic,Volkswagen Polo,2015.0,Hyderabad,Petrol,Hatchback,First Owner,50000.0,TSI Petrol Engine 
Manual,Maruti Alto 800,2017.0,Hyderabad,Petrol,Hatchback,First Owner,36027.0,F8D Petrol Engine
Automatic,Volkswagen Polo,2015.0,Hyderabad,Petrol,Hatchback,First Owner,50000.0,TSI Petrol Engine 
Automatic,Volkswagen Polo,2015.0,Hyderabad,Petrol,Hatchback,First Owner,50000.0,TSI Petrol Engine 
Manual,Ford Figo,2013.0,Hyderabad,Petrol,Hatchback,First Owner,10000.0,Duratec Petrol Engine
Manual,Volkswagen Vento,2011.0,Hyderabad,Diesel,Sedan,Fifth Owner,90000.0,Common Rail Diesel Engine
Manual,Tata Indigo Marina,2004.0,Hyderabad,Petrol,MUV,Third Owner,70000.0,In-Line Engine
Manual,Hyundai Creta,2022.0,Hyderabad,Petrol,SUV,First Owner,40000.0,1.5 L MPi Petrol
Manual,Tata Indica V2,2016.0,Hyderabad,Diesel,Hatchback,First Owner,100000.0,CR4 Diesel Engine
Manual,Honda Amaze,2021.0,Hyderabad,Petrol,Sedan,First Owner,40000.0,i-VTEC Petrol Engine
Manual,Honda WR-V,2021.0,Hyderabad,Petrol,SUV,First Owner,77687.0,i-VTEC
Manual,Maruti Baleno,2016.0,Hyderabad,Petrol,Hatchback,First Owner,52456.0,VVT Petrol Engine
Manual,Volkswagen Virtus,2022.0,Hyderabad,Petrol,Sedan,First Owner,24000.0,1.0L TSI
Manual,Honda Jazz,2021.0,Hyderabad,Petrol,Hatchback,First Owner,42674.0,1.2 i-VTEC
Manual,Maruti S-Presso,2019.0,Hyderabad,Petrol,Hatchback,First Owner,44903.0,K10C
Manual,Maruti Wagon R,2008.0,Hyderabad,Petrol,Hatchback,First Owner,65000.0,K10B Petrol Engine
Manual,Maruti Swift,2013.0,Hyderabad,Petrol,Hatchback,Second Owner,72205.0,K Series Dual jet
Manual,Ford Ecosport,2015.0,Hyderabad,Diesel,SUV,First Owner,70000.0,TDCi Diesel Engine
Manual,Volkswagen Polo,2019.0,Hyderabad,Petrol,Hatchback,Second Owner,101306.0,1.0L MPI Petrol
Manual,Hyundai i10,2009.0,Hyderabad,Petrol,Hatchback,Second Owner,60000.0,Kappa Petrol Engine
Manual,Maruti Swift,2018.0,Hyderabad,Petrol,Hatchback,First Owner,81028.0,K Series Dual jet
Manual,Honda WR-V,2018.0,Hyderabad,Diesel,SUV,First Owner,80000.0,i-DTEC Diesel Engine
Automatic,Tata Harrier,2021.0,Hyderabad,Diesel,SUV,First Owner,20000.0,Kryotec 2.0 L Turbocharged Engine
Manual,Maruti Swift Dzire,2016.0,Hyderabad,Diesel,Sedan,First Owner,120000.0,DDiS Diesel Engine
Automatic,Tata Harrier,2021.0,Hyderabad,Diesel,SUV,First Owner,20000.0,Kryotec 2.0 L Turbocharged Engine
Manual,Hyundai Santro Xing,2010.0,Hyderabad,Petrol,Hatchback,Second Owner,120000.0,In-Line Engine
Manual,Renault KWID,2016.0,Hyderabad,Petrol,Hatchback,Third Owner,52442.0,Petrol Engine
Manual,Renault Duster,2014.0,Hyderabad,Diesel,SUV,Second Owner,90001.0,dCi Diesel Engine
Manual,Maruti Swift,2014.0,Hyderabad,Petrol,Hatchback,Third Owner,87966.0,K Series Dual jet
Manual,Maruti Baleno,2019.0,Hyderabad,Petrol,Hatchback,First Owner,105614.0,VVT Petrol Engine
Manual,Honda City,2020.0,Hyderabad,Petrol,Sedan,First Owner,11249.0,Water Cooled Inline i-VTEC DOHC with VTC
Manual,Hyundai Grand i10,2018.0,Hyderabad,Petrol,Hatchback,Second Owner,39264.0,Kappa VTVT Petrol Engine
Manual,Maruti Alto 800,2017.0,Hyderabad,Petrol,Hatchback,First Owner,68359.0,F8D Petrol Engine
Manual,Hyundai i10,2010.0,Hyderabad,Petrol,Hatchback,First Owner,49500.0,IRDE2 Engine
Automatic,Volkswagen Polo,2021.0,Hyderabad,Petrol,Hatchback,Second Owner,51466.0,1.0L TSI Petrol
Manual,Volkswagen Vento,2013.0,Hyderabad,Diesel,Sedan,Second Owner,99929.0,Common Rail Diesel Engine
Manual,Maruti Wagon R,2013.0,Hyderabad,Petrol,Hatchback,First Owner,64628.0,K Series Petrol Engine
Automatic,Maruti Ignis,2018.0,Hyderabad,Petrol,Hatchback,First Owner,79151.0,VVT
Manual,Maruti Celerio,2017.0,Hyderabad,Petrol,Hatchback,First Owner,78131.0,K10B Engine
Manual,Maruti Vitara Brezza,2017.0,Hyderabad,Diesel,SUV,First Owner,103256.0,DDiS 200 Diesel Engine
Manual,Tata Indigo,2007.0,Hyderabad,Diesel,Sedan,Third Owner,,In-Line Engine
Manual,Maruti Vitara Brezza,2021.0,Hyderabad,Petrol,SUV,First Owner,45794.0,K15B Petrol Engine
Manual,Honda Mobilio,2016.0,Hyderabad,Diesel,MUV,First Owner,60000.0,i-DTEC Engine
Manual,Maruti Swift Dzire,2022.0,Hyderabad,Petrol,Sedan,First Owner,20000.0,
Manual,Honda Mobilio,2016.0,Hyderabad,Diesel,MUV,First Owner,60000.0,i-DTEC Engine
Manual,Chevrolet Sail,2015.0,Hyderabad,Petrol,Sedan,Second Owner,80000.0,SMARTECH Petrol Engine
Automatic,Ford Ecosport,2015.0,Hyderabad,Petrol,SUV,First Owner,60000.0,Ti-VCT Petrol Engine
Manual,Hyundai i20,2010.0,Hyderabad,Petrol,Hatchback,Second Owner,60000.0,In-Line Engine
Manual,Hyundai i20,2016.0,Hyderabad,Petrol,Hatchback,Third Owner,67407.0,Kappa VTVT Petrol Engine
Manual,Maruti S-Presso,2019.0,Hyderabad,Petrol,Hatchback,Second Owner,58713.0,K10C
Automatic,Volkswagen Jetta,2016.0,Hyderabad,Diesel,Sedan,First Owner,90000.0,Diesel Engine
Manual,Hyundai Grand i10 Nios,2021.0,Hyderabad,Petrol,Hatchback,First Owner,33798.0,1.2 Kappa petrol
Manual,Hyundai Grand i10,2016.0,Hyderabad,Petrol,Hatchback,First Owner,33190.0,Kappa VTVT Petrol Engine
Manual,Maruti Swift,2020.0,Hyderabad,Petrol,Hatchback,First Owner,30000.0,VTVT Engine
Manual,Hyundai i20,2016.0,Hyderabad,Petrol,Hatchback,Second Owner,56346.0,Kappa VTVT Petrol Engine
Manual,Maruti Ciaz,2017.0,Hyderabad,Diesel,Sedan,First Owner,80000.0,DDIS Diesel Engine
Automatic,Maruti Baleno,2018.0,Hyderabad,Petrol,Hatchback,Second Owner,59512.0,VVT Petrol Engine
Automatic,Chevrolet Captiva,2010.0,Hyderabad,Diesel,SUV,Second Owner,120000.0,VCDi Diesel Engine
Automatic,Maruti Ignis,2017.0,Hyderabad,Diesel,Hatchback,Second Owner,81342.0,1.3-Litre DDiS Diesel Engine
Manual,Jeep Compass,2018.0,Hyderabad,Diesel,SUV,First Owner,40000.0,2.0-Litre 4-Cyl Multijet II Engine
Automatic,Hyundai i20 N Line,2022.0,Hyderabad,Petrol,Hatchback,First Owner,10000.0,1.0 Turbo GDI
Automatic,Ford Ecosport,2015.0,Hyderabad,Petrol,SUV,First Owner,60000.0,Ti-VCT Petrol Engine
Manual,Ford Figo,2011.0,Hyderabad,Diesel,Hatchback,Second Owner,120000.0,Diesel Engine
Manual,Maruti Swift Dzire,2017.0,Hyderabad,Diesel,Sedan,First Owner,110000.0,DDiS Diesel Engine
Manual,Mahindra Bolero Pik Up Extra Long,2020.0,Hyderabad,Diesel,Pickup Trucks,First Owner,20000.0,m2DiCR 4 cly 2.5L TB
Manual,Honda WR-V,2017.0,Hyderabad,Diesel,SUV,First Owner,30000.0,i-DTEC Diesel Engine
Manual,Maruti Alto K10,2018.0,Hyderabad,Petrol,Hatchback,First Owner,44478.0,K10C
Manual,Hyundai Grand i10 Nios,2020.0,Hyderabad,Petrol,Hatchback,Second Owner,29765.0,1.2 Kappa petrol
Automatic,Tata Harrier,2021.0,Hyderabad,Diesel,SUV,First Owner,30000.0,Kryotec 2.0 L Turbocharged Engine
Manual,Maruti Baleno,2017.0,Hyderabad,Petrol,Hatchback,First Owner,83688.0,VVT Petrol Engine
Automatic,Hyundai Grand i10,2018.0,Hyderabad,Petrol,Hatchback,Second Owner,52704.0,Kappa VTVT Petrol Engine
Manual,Jeep Compass,2017.0,Hyderabad,Diesel,SUV,Second Owner,40000.0,2.0-Litre 4-Cyl Multijet II Engine
Manual,Maruti Ignis,2019.0,Hyderabad,Petrol,Hatchback,Second Owner,51278.0,1.2-Litre VVT Petrol Engine
Manual,Ford Ecosport,2013.0,Hyderabad,Diesel,SUV,First Owner,110000.0,TDCi Diesel Engine
Manual,Maruti Wagon R,2015.0,Hyderabad,Petrol,Hatchback,First Owner,89218.0,K10B Petrol Engine
Automatic,Maruti Swift Dzire,2018.0,Hyderabad,Diesel,Sedan,First Owner,88900.0,DDiS Diesel Engine
Manual,Chevrolet Spark,2009.0,Hyderabad,Petrol,Hatchback,First Owner,70000.0,In-Line Engine
Manual,Renault KWID,2018.0,Hyderabad,Petrol,Hatchback,First Owner,96639.0,Petrol Engine
Manual,Honda Amaze,2019.0,Hyderabad,Petrol,Sedan,First Owner,19100.0,i-VTEC Petrol Engine
Manual,Ford Ikon,2004.0,Hyderabad,Petrol,Sedan,Second Owner,100000.0,In-Line Engine
Manual,Maruti XL6,2021.0,Hyderabad,Petrol,MUV,Second Owner,70000.0,K15B Smart Hybrid
Manual,Tata Tiago,2021.0,Hyderabad,Petrol,Hatchback,Second Owner,10000.0,1.2 L Revotron
Manual,Hyundai Grand i10,2014.0,Hyderabad,Diesel,Hatchback,Third Owner,100000.0,U2 CRDi  Diesel Engine
Manual,Skoda Rapid,2019.0,Hyderabad,Petrol,Sedan,First Owner,50000.0,Petrol Engine
Automatic,Toyota Fortuner,2014.0,Hyderabad,Diesel,SUV,First Owner,120000.0,D-4D Diesel Engine
Manual,Hyundai i20,2011.0,Hyderabad,Petrol,Hatchback,First Owner,114000.0,In-Line Engine
Manual,Hyundai Santro,2019.0,Hyderabad,Petrol,Hatchback,First Owner,57435.0,1.1 litre Petrol Engine
Manual,Hyundai Santro,2019.0,Hyderabad,Petrol,Hatchback,Second Owner,24978.0,1.1 litre Petrol Engine
Automatic,Hyundai Xcent,2016.0,Hyderabad,Petrol,Sedan,First Owner,73322.0,Kappa VTVT Petrol Engine
Manual,Honda Brio,2014.0,Hyderabad,Petrol,Hatchback,Second Owner,47784.0,i-VTEC Engine
Automatic,Toyota Glanza,2020.0,Hyderabad,Petrol,Hatchback,First Owner,80643.0,Petrol Engine
Manual,Skoda Rapid,2019.0,Hyderabad,Petrol,Sedan,First Owner,48683.0,Petrol Engine
Manual,Maruti Wagon R Stingray,2016.0,Hyderabad,Petrol,Hatchback,First Owner,87908.0,K 10B Petrol Engine
Manual,Chevrolet Sail,2013.0,Hyderabad,Petrol,Sedan,First Owner,120000.0,SMARTECH Petrol Engine
Automatic,Maruti Celerio,2016.0,Hyderabad,Petrol,Hatchback,First Owner,61822.0,K10B Engine
Manual,Maruti Alto 800,2021.0,Hyderabad,Petrol,Hatchback,First Owner,23748.0,F8D Petrol Engine
Manual,Volkswagen Polo,2010.0,Hyderabad,Petrol,Hatchback,Second Owner,120000.0,In-Line Engine
Automatic,Maruti Wagon R,2016.0,Hyderabad,Petrol,Hatchback,First Owner,84484.0,K10B Petrol Engine
Automatic,Renault KWID,2018.0,Hyderabad,Petrol,Hatchback,First Owner,10000.0,Petrol Engine
Automatic,Renault KWID,2018.0,Hyderabad,Petrol,Hatchback,First Owner,10000.0,Petrol Engine
Automatic,Mercedes-Benz B Class,2014.0,Hyderabad,Petrol,Hatchback,First Owner,60000.0,In-Line Petrol Engine
Manual,Hyundai i20,2011.0,Hyderabad,Petrol,Hatchback,Second Owner,70000.0,In-Line Engine
Automatic,Maruti Swift,2018.0,Hyderabad,Petrol,Hatchback,Second Owner,50000.0,VTVT Engine
Manual,Tata Bolt,2015.0,Hyderabad,Diesel,Hatchback,First Owner,100000.0,Quadrajet Engine
Manual,Toyota Innova,2005.0,Hyderabad,Diesel,MUV,First Owner,150000.0,In-Line Engine
Manual,Tata Nexon,2018.0,Hyderabad,Petrol,SUV,Second Owner,40000.0,Revotron 1.2L Turbocharged engine
Manual,Maruti Alto 800,2014.0,Hyderabad,Petrol,Hatchback,First Owner,70145.0,F8D Petrol Engine
Manual,Honda WR-V,2021.0,Hyderabad,Petrol,SUV,First Owner,70226.0,i-VTEC
Automatic,Tata Nexon,2021.0,Hyderabad,Petrol,SUV,First Owner,30000.0,1.2l Turbocharged Revotron Engine
Manual,Maruti Wagon R,2015.0,Hyderabad,Petrol,Hatchback,Second Owner,67993.0,K10B Petrol Engine
Automatic,Maruti Baleno,2018.0,Hyderabad,Petrol,Hatchback,Second Owner,73224.0,VVT Petrol Engine
Manual,Toyota Innova Crysta,2016.0,Hyderabad,Diesel,MUV,Second Owner,150000.0,2-GD FTV Engine
Manual,Honda City,2017.0,Hyderabad,Petrol,Sedan,Second Owner,75199.0,i VTEC Engine
Manual,Jeep Compass,2018.0,Hyderabad,Diesel,SUV,First Owner,40000.0,2.0-Litre 4-Cyl Multijet II Engine
Manual,Maruti Swift,2016.0,Hyderabad,Petrol,Hatchback,First Owner,58671.0,K Series Dual jet
Manual,Maruti Swift,2019.0,Hyderabad,Petrol,Hatchback,First Owner,54187.0,K Series Dual jet
Automatic,Mercedes-Benz E-Class,2019.0,Hyderabad,Diesel,Sedan,First Owner,43000.0,CDI In-line Engine
Manual,Hyundai i20,2014.0,Hyderabad,Petrol,Hatchback,Second Owner,63457.0,Kappa VTVT Petrol Engine
Manual,Honda City,2014.0,Hyderabad,Diesel,Sedan,First Owner,117189.0,i DTEC Diesel Engine 
Automatic,Mahindra Ssangyong Rexton,2014.0,Hyderabad,Diesel,SUV,First Owner,110000.0,RX270 XVT Diesel Engine 
Manual,Toyota Urban cruiser,2021.0,Hyderabad,Petrol,SUV,First Owner,20000.0,k-series1.5l
Manual,Ford Ecosport,2020.0,Hyderabad,Petrol,SUV,First Owner,12727.0,Ti-VCT Petrol Engine
Manual,Tata Hexa,2017.0,Hyderabad,Diesel,SUV,Second Owner,70000.0,2.2 LTR. VARICOR 400
Manual,Hyundai Santro Xing,2009.0,Hyderabad,Petrol,Hatchback,First Owner,50000.0,Petrol Engine 
Manual,Kia Sonet,2022.0,Hyderabad,Petrol,SUV,First Owner,20000.0,Smartstream G1.0 T - GDi
Manual,Datsun RediGO,2019.0,Hyderabad,Petrol,Hatchback,Second Owner,58547.0,0.8L Petrol Engine
Manual,Hyundai i20 Active,2018.0,Hyderabad,Petrol,Hatchback,First Owner,70784.0,VTVT Petrol Engine
Automatic,Jaguar F-Pace,2018.0,Hyderabad,Diesel,SUV,Second Owner,80000.0,Diesel Engine
Manual,Maruti Ritz,2014.0,Hyderabad,Petrol,Hatchback,Second Owner,94681.0,K Series Petrol Engine
Manual,Mahindra Thar,2013.0,Hyderabad,Diesel,SUV,Second Owner,37421.0,NEF TCI-CRDe Engine
Automatic,Mahindra Thar,2021.0,Hyderabad,Petrol,SUV,First Owner,40000.0,mStallion 150 TGDi Engine
Manual,Skoda Rapid,2016.0,Hyderabad,Diesel,Sedan,First Owner,100456.0,Diesel Engine
Manual,Honda Civic,2008.0,Hyderabad,Petrol,Sedan,Second Owner,80000.0,In-Line Engine
Manual,Maruti Swift,2013.0,Hyderabad,Petrol,Hatchback,Second Owner,95036.0,K Series Dual jet
Manual,Hyundai EON,2015.0,Hyderabad,Petrol,Hatchback,Second Owner,96632.0,Petrol Engine
Manual,Honda Civic,2008.0,Hyderabad,Petrol,Sedan,Second Owner,80000.0,In-Line Engine
Manual,Maruti Alto 800,2015.0,Hyderabad,Petrol,Hatchback,First Owner,60976.0,F8D Petrol Engine
Manual,Maruti Zen,,Hyderabad,Petrol,Hatchback,First Owner,120000.0,In-Line Engine
Manual,Chevrolet Spark,2008.0,Hyderabad,Petrol,Hatchback,Third Owner,88046.0,In-Line Engine
Automatic,Volvo XC60,2016.0,Hyderabad,Diesel,SUV,First Owner,103000.0,Turbo Diesel Engine
Manual,Jeep Compass,2019.0,Hyderabad,Petrol,SUV,First Owner,9800.0,1.4-Litre 4-Cyl Multiair Engine
Automatic,Audi Q5,2010.0,Hyderabad,Petrol,SUV,First Owner,92000.0,InLine 4-cylinder Engine
Manual,Honda Mobilio,2014.0,Hyderabad,Petrol,MUV,First Owner,59000.0,i-VTEC Engine
Manual,Chevrolet Sail,2013.0,Hyderabad,Diesel,Sedan,First Owner,93000.0,SMARTECH Diesel Engine
Automatic,Tata Punch,2022.0,Hyderabad,Petrol,SUV,First Owner,10000.0,1.2 l Revotron Engine
Manual,Maruti Vitara Brezza,2017.0,Hyderabad,Diesel,SUV,Second Owner,70451.0,DDiS 200 Diesel Engine
Automatic,Maruti Swift,2018.0,Hyderabad,Petrol,Hatchback,Second Owner,73838.0,K Series Dual jet
Automatic,Hyundai Alcazar,2022.0,Hyderabad,Petrol,SUV,First Owner,20000.0,2.0 l petrol MPi engine
Manual,Renault KWID,2020.0,Hyderabad,Petrol,Hatchback,First Owner,22726.0,Petrol Engine
Automatic,Maruti Ignis,2017.0,Hyderabad,Diesel,Hatchback,Second Owner,98700.0,1.3-Litre DDiS Diesel Engine
Automatic,MG Astor,2022.0,Hyderabad,Petrol,SUV,First Owner,20000.0,220TURBO
Manual,Maruti Baleno,2018.0,Hyderabad,Diesel,Hatchback,Second Owner,97909.0,DDiS Diesel Engine
Manual,Ford Ecosport,2020.0,Hyderabad,Diesel,SUV,First Owner,30000.0,TDCi Diesel Engine
Manual,Hyundai Grand i10,2013.0,Hyderabad,Petrol,Hatchback,Second Owner,77945.0,Kappa VTVT Petrol Engine
Manual,Maruti Swift Dzire,2017.0,Hyderabad,Petrol,Sedan,First Owner,86017.0,K Series VVT Engine
Manual,Hyundai Creta,2021.0,Hyderabad,Diesel,SUV,First Owner,20000.0,1.5 L U2 CRDi Diesel
Manual,Maruti Wagon R,2017.0,Hyderabad,Petrol,Hatchback,First Owner,83596.0,K10B Petrol Engine
Manual,Maruti 800,2004.0,Hyderabad,Petrol,Hatchback,Second Owner,80000.0,Hi-Tech Petrol Engine
Manual,Chevrolet Optra,2005.0,Hyderabad,Petrol,Sedan,Second Owner,110000.0,In-Line Engine
Manual,Ford Freestyle,2019.0,Hyderabad,Petrol,Hatchback,First Owner,40000.0,1.2 litre Petrol Engine
Manual,Maruti Swift Dzire,2022.0,Hyderabad,Petrol,Sedan,First Owner,50000.0,
Manual,Toyota Qualis,,Hyderabad,Diesel,SUV,Second Owner,120000.0,In-Line Engine
Manual,Mahindra XUV300,2022.0,Hyderabad,Petrol,SUV,First Owner,10000.0,1.2L Petrol
Manual,Ford Figo,2015.0,Hyderabad,Diesel,Hatchback,First Owner,100000.0,TDCi Diesel Engine
Manual,Maruti SX4 S Cross,2018.0,Hyderabad,Diesel,SUV,First Owner,79464.0,DDiS 200 Diesel Engine
Manual,Maruti Swift Dzire,2016.0,Hyderabad,Petrol,Sedan,First Owner,87113.0,
Manual,Maruti Swift Dzire,2015.0,Hyderabad,Petrol,Sedan,First Owner,52315.0,
Automatic,MG Hector Plus,2020.0,Hyderabad,Petrol,SUV,First Owner,10000.0,1.5L Turbocharged Intercooled
Manual,Hyundai Grand i10,2015.0,Hyderabad,Petrol,Hatchback,Second Owner,60817.0,Kappa VTVT Petrol Engine
Manual,Hyundai Xcent,2018.0,Hyderabad,Diesel,Sedan,Second Owner,55797.0,1.2L U2 CRDi Diesel
Manual,Hyundai Verna,2006.0,Hyderabad,Diesel,Sedan,Second Owner,110000.0,In-Line Engine
Manual,Maruti Vitara Brezza,2017.0,Hyderabad,Diesel,SUV,First Owner,64285.0,DDiS 200 Diesel Engine
Manual,Skoda Octavia,2006.0,Hyderabad,Diesel,Sedan,Second Owner,120000.0,In-Line Engine 
Automatic,Maruti Swift Dzire,2016.0,Hyderabad,Diesel,Sedan,First Owner,85948.0,DDiS Diesel Engine
Manual,Honda City,2013.0,Hyderabad,Petrol,Sedan,Third Owner,105746.0,SOHC i-VTEC
Manual,Honda Mobilio,2015.0,Hyderabad,Petrol,MUV,First Owner,100000.0,i-VTEC Engine
Manual,Volkswagen Vento,2020.0,Hyderabad,Petrol,Sedan,First Owner,45949.0,TSI Petrol Engine
Manual,Toyota Corolla,2006.0,Hyderabad,Petrol,Sedan,First Owner,92000.0,In-Line Engine
Automatic,Audi A6,2012.0,Hyderabad,Diesel,Sedan,First Owner,83000.0,TDI Diesel Engine 
Manual,Hyundai i10,2008.0,Hyderabad,Petrol,Hatchback,First Owner,60000.0,DOHC Engine
Manual,Hyundai i20 Active,2018.0,Hyderabad,Diesel,Hatchback,First Owner,75000.0,U2 CRDI Diesel Engine
Manual,Maruti 800,2004.0,Hyderabad,Petrol,Hatchback,Second Owner,80000.0,Hi-Tech Petrol Engine
Manual,Maruti Swift,2013.0,Hyderabad,Diesel,Hatchback,First Owner,71000.0,DDiS Diesel Engine
Manual,Hyundai Verna,2015.0,Hyderabad,Petrol,Sedan,First Owner,84000.0,VTVT Petrol Engine
Manual,Maruti Celerio,2018.0,Hyderabad,Petrol,Hatchback,First Owner,110000.0,K10B Engine
Manual,Hyundai i10,2011.0,Hyderabad,Petrol,Hatchback,First Owner,48659.0,Kappa Petrol Engine
Automatic,Hyundai Santro,2019.0,Hyderabad,Petrol,Hatchback,First Owner,26970.0,1.1 litre Petrol Engine
Manual,Mercedes-Benz C-Class,2007.0,Hyderabad,Petrol,Sedan,First Owner,92000.0,In-Line Engine
Manual,Tata Nexon,2022.0,Hyderabad,Diesel,SUV,First Owner,29766.0,1.5l Turbocharged Revotorq
Manual,Renault KWID,2022.0,Hyderabad,Petrol,Hatchback,First Owner,6580.0,1.0 SCe
Automatic,BMW X1,2011.0,Hyderabad,Diesel,SUV,Second Owner,80000.0,sDrive20d Diesel Engine
Manual,Maruti Swift,2012.0,Hyderabad,Petrol,Hatchback,Second Owner,98910.0,K Series Dual jet
Automatic,BMW X1,2011.0,Hyderabad,Diesel,SUV,Second Owner,80000.0,sDrive20d Diesel Engine
Automatic,Maruti Ciaz,2017.0,Hyderabad,Petrol,Sedan,First Owner,48247.0,k14B VVT Engine
Manual,Honda Brio,2016.0,Hyderabad,Petrol,Hatchback,Second Owner,54515.0,i-VTEC Engine
Manual,Maruti Vitara Brezza,2018.0,Hyderabad,Diesel,SUV,Second Owner,10000.0,DDiS 200 Diesel Engine
Manual,Maruti Baleno,2017.0,Hyderabad,Petrol,Hatchback,First Owner,80546.0,VVT Petrol Engine
Manual,Maruti Wagon R,2013.0,Hyderabad,LPG,Hatchback,Second Owner,10000.0,K Series Engine
Manual,Maruti Alto,2008.0,Hyderabad,Petrol,Hatchback,Second Owner,20000.0,In-Line Engine
Manual,Tata Punch,2022.0,Hyderabad,Petrol,SUV,First Owner,20000.0,1.2 l Revotron Engine
Automatic,Skoda Slavia,2022.0,Hyderabad,Petrol,Sedan,First Owner,10000.0,1.0 L TSI Petrol
Manual,Tata Manza,2012.0,Hyderabad,Petrol,Sedan,Third Owner,110000.0,"4 Cylinder, MPFI, Petrol "
Manual,Honda New Accord,2006.0,Hyderabad,Petrol,Sedan,Second Owner,100000.0,In-Line Engine
Manual,Mahindra Scorpio,2012.0,Hyderabad,Diesel,SUV,Second Owner,20000.0, mHawk CRDe Engine
Manual,Mahindra Scorpio,2012.0,Hyderabad,Diesel,SUV,Second Owner,20000.0, mHawk CRDe Engine
Manual,Hyundai i10,2014.0,Hyderabad,Petrol,Hatchback,First Owner,87773.0,IRDE2 Engine
Manual,Honda Amaze,2018.0,Hyderabad,Petrol,Sedan,First Owner,81854.0,i-VTEC Petrol Engine
Manual,Maruti Swift,2012.0,Hyderabad,Diesel,Hatchback,First Owner,110000.0,DDiS Diesel Engine
Manual,Tata Nexon,2021.0,Hyderabad,Petrol,SUV,First Owner,33090.0,1.2l Turbocharged Revotron Engine
Manual,Maruti Ciaz,2016.0,Hyderabad,Petrol,Sedan,Second Owner,76071.0,k14B VVT Engine
Manual,Renault KWID,2016.0,Hyderabad,Petrol,Hatchback,Third Owner,60000.0,Petrol Engine
Automatic,Tata New Safari,2021.0,Hyderabad,Diesel,SUV,First Owner,96529.0,Kryotec 2.0 L Turbocharged Engine
Manual,Volkswagen Vento,2011.0,Hyderabad,Diesel,Sedan,Second Owner,110000.0,Common Rail Diesel Engine
Manual,Ford Ecosport,2017.0,Hyderabad,Diesel,SUV,Third Owner,89576.0,TDCi Diesel Engine
Manual,Hyundai Verna,2020.0,Hyderabad,Diesel,Sedan,First Owner,88178.0,1.5 l U2 CRDi diesel
Manual,Maruti Ertiga,2013.0,Hyderabad,Diesel,MUV,Second Owner,70000.0,DDiS Diesel Engine
Manual,Honda Amaze,2021.0,Hyderabad,Petrol,Sedan,First Owner,16925.0,i-VTEC
Manual,Maruti Alto 800,2013.0,Hyderabad,Petrol,Hatchback,First Owner,12000.0,F8D Petrol Engine
Automatic,BMW X3,2018.0,Hyderabad,Diesel,SUV,First Owner,20000.0,TwinPower Turbo 4-cylinder engine
Manual,Mahindra XUV500,2013.0,Hyderabad,Diesel,SUV,First Owner,60000.0,mHawk Diesel Engine
Manual,Mahindra XUV500,2013.0,Hyderabad,Diesel,SUV,First Owner,60000.0,mHawk Diesel Engine
Automatic,Jaguar XF,2014.0,Hyderabad,Diesel,Sedan,First Owner,50000.0,Diesel S Engine
Automatic,BMW 5 Series,2018.0,Hyderabad,Diesel,Sedan,Third Owner,120000.0,TwinPower Turbo Inline 4 Cylinder Engine
Automatic,Tata Nexon,2019.0,Hyderabad,Diesel,SUV,Second Owner,50000.0,"Revotorq, 1.5L Turbocharged engine"
Manual,Toyota Innova,2015.0,Hyderabad,Diesel,MUV,First Owner,100000.0,2KD-FTV Diesel Engine
Manual,Hyundai i20,2015.0,Jaipur,Diesel,Hatchback,Second Owner,120000.0,U2 CRDI Diesel Engine
Manual,Maruti Swift,2012.0,Jaipur,Petrol,Hatchback,First Owner,66951.0,K Series Dual jet
Automatic,Maruti Celerio,2016.0,Jaipur,Petrol,Hatchback,Second Owner,80000.0,K10B Engine
Manual,Hyundai Grand i10,2017.0,Jaipur,Petrol,Hatchback,First Owner,44392.0,Kappa VTVT Petrol Engine
Automatic,Maruti Wagon R,2016.0,Jaipur,Petrol,Hatchback,First Owner,40000.0,K10B Petrol Engine
Manual,Hyundai Verna,2007.0,Jaipur,Diesel,Sedan,Second Owner,150000.0,In-Line Engine
Manual,Hyundai Xcent,2016.0,Jaipur,Petrol,Sedan,Second Owner,91771.0,Kappa VTVT Petrol Engine
Automatic,Skoda Superb,2011.0,Jaipur,Diesel,Sedan,First Owner,90000.0,Turbocharged Diesel Engin
Automatic,BMW X1,2014.0,Jaipur,Diesel,SUV,First Owner,58621.0,sDrive20d Diesel Engine
Automatic,Skoda Superb,2011.0,Jaipur,Diesel,Sedan,First Owner,90000.0,Turbocharged Diesel Engin
Manual,Hyundai i20,2013.0,Jaipur,Diesel,Hatchback,Third Owner,120000.0,U2 CRDI Diesel Engine
Manual,Tata Zest,2017.0,Jaipur,Diesel,Sedan,First Owner,120000.0,Quadrajet Engine
Automatic,Hyundai i10,2011.0,Jaipur,Petrol,Hatchback,First Owner,53165.0,DOHC Kappa2 Engine
Automatic,BMW 5 Series,2020.0,Jaipur,Diesel,Sedan,First Owner,13500.0,TwinPower Turbo Inline 4 Cylinder Engine
Automatic,BMW 7 Series,2020.0,Jaipur,Diesel,Sedan,First Owner,44210.0,TwinPower Turbo Inline 6 Cylinder Engine
Automatic,Skoda Superb,2017.0,Jaipur,Diesel,Sedan,First Owner,63255.0,Diesel Engine
Manual,Maruti Swift Dzire,2015.0,Jaipur,Diesel,Sedan,First Owner,79215.0,DDiS Diesel Engine
Automatic,Hyundai Creta,2023.0,Jaipur,Petrol,SUV,First Owner,200.0,1.5 L MPi Petrol
Manual,Mahindra XUV300,2019.0,Jaipur,Petrol,SUV,First Owner,40000.0,1.2 Petrol Engine
Automatic,Tata Nexon,2021.0,Jaipur,Petrol,SUV,First Owner,40000.0,1.2l Turbocharged Revotron Engine
Manual,Tata Harrier,2020.0,Jaipur,Diesel,SUV,First Owner,60000.0,Kryotec 2.0 L Turbocharged Engine
Manual,Volkswagen Ameo,2017.0,Jaipur,Petrol,Sedan,First Owner,92721.0,MPI Petrol Engine
Manual,Hyundai Creta,2016.0,Jaipur,Diesel,SUV,First Owner,90000.0,U2 CRDI VGT Engine
Manual,Volkswagen Polo,2012.0,Jaipur,Petrol,Hatchback,First Owner,34644.0,In-Line Petrol Engine 
Manual,Maruti Baleno,2021.0,Jaipur,Petrol,Hatchback,Second Owner,23000.0,1.2L VVT Engine
Manual,Honda City,2015.0,Jaipur,Petrol,Sedan,First Owner,100000.0,i VTEC Engine
Automatic,Honda Amaze,2018.0,Jaipur,Diesel,Sedan,Second Owner,95000.0,i-DTEC Diesel Engine
Manual,Maruti Swift Dzire,2018.0,Jaipur,Diesel,Sedan,First Owner,69000.0,DDiS Diesel Engine
Manual,Maruti Alto 800,2018.0,Jaipur,Petrol,Hatchback,First Owner,22000.0,F8D Petrol Engine
Automatic,BMW 5 Series,2012.0,Jaipur,Diesel,Sedan,Second Owner,85000.0,In-Line Engine
Automatic,Skoda Kodiaq,2017.0,Jaipur,Diesel,SUV,Second Owner,90000.0,2.0-litre TDI Diesel Engine
Automatic,BMW X5,2017.0,Jaipur,Diesel,SUV,First Owner,82243.0,Diesel Engine
Manual,Hyundai i20,2013.0,Jaipur,Petrol,Hatchback,Second Owner,63000.0,Kappa VTVT Petrol Engine
Manual,Maruti Baleno,2016.0,Jaipur,Diesel,Hatchback,First Owner,77177.0,DDiS Diesel Engine
Manual,Volkswagen Vento,2011.0,Jaipur,Diesel,Sedan,First Owner,28368.0,Common Rail Diesel Engine
Manual,Renault Kiger,2022.0,Jaipur,Petrol,SUV,First Owner,40000.0,1.0L energy
Automatic,BMW X1,2022.0,Jaipur,Petrol,SUV,First Owner,9690.0,TwinPower Turbo 4-Cylinder engine
Manual,Tata Nano,2011.0,Jaipur,Petrol,Hatchback,Second Owner,40000.0,Motronic engine managemen
Manual,Maruti Swift,2019.0,Jaipur,Petrol,Hatchback,First Owner,40000.0,VTVT Engine
Manual,Hyundai EON,2011.0,Jaipur,Petrol,Hatchback,Second Owner,80000.0,Petrol Engine
Manual,Volkswagen Polo,2014.0,Jaipur,Diesel,Hatchback,First Owner,62761.0,In-Line Diesel Engine
Manual,Maruti Wagon R,2019.0,Jaipur,Petrol,Hatchback,First Owner,45075.0,K12M Petrol Engine
Manual,Mahindra XUV300,2021.0,Jaipur,Petrol,SUV,First Owner,36882.0,1.2L Petrol
Manual,Hyundai Grand i10,2015.0,Jaipur,Petrol,Hatchback,First Owner,82030.0,Kappa VTVT Petrol Engine
Automatic,Maruti Baleno,2017.0,Jaipur,Petrol,Hatchback,First Owner,31469.0,VVT Petrol Engine
Manual,Maruti SX4 S Cross,2022.0,Jaipur,Petrol,SUV,First Owner,20000.0,K15B Smart Hybrid
Manual,Chevrolet Spark,2010.0,Jaipur,Petrol,Hatchback,Third Owner,70000.0,In-Line Engine
Manual,Hyundai i20,2014.0,Jaipur,Diesel,Hatchback,First Owner,120000.0,U2 CRDI Diesel Engine
Manual,Maruti Swift Dzire,2017.0,Jaipur,Diesel,Sedan,Second Owner,120000.0,DDiS Diesel Engine
Automatic,Audi Q3,2014.0,Jaipur,Diesel,SUV,Third Owner,90000.0,TDI Diesel Engine
Manual,Honda Brio,2012.0,Jaipur,Petrol,Hatchback,Fifth Owner,70000.0,i-VTEC Engine
Manual,Hyundai Verna,2013.0,Jaipur,Diesel,Sedan,Second Owner,90000.0,Diesel Engine
Manual,Hyundai Accent,2011.0,Jaipur,LPG,Sedan,Second Owner,100000.0,Bifuel Engine
Manual,Maruti XL6,2020.0,Jaipur,Petrol,MUV,First Owner,70000.0,K15B Smart Hybrid
Manual,Maruti Wagon R,2010.0,Jaipur,Petrol,Hatchback,First Owner,80000.0,FC Petrol Engine
Manual,Hyundai i20,2018.0,Jaipur,Petrol,Hatchback,First Owner,43336.0,Kappa VTVT Petrol Engine
Manual,Mahindra Marazzo,2018.0,Jaipur,Diesel,MUV,Second Owner,120000.0,D15 1.5 Liter Diesel Engine
Automatic,Honda City,2020.0,Jaipur,Petrol,Sedan,Second Owner,40000.0,Water Cooled Inline i-VTEC DOHC with VTC
Manual,Tata Nexon,2018.0,Jaipur,Petrol,SUV,Second Owner,90000.0,Revotron 1.2L Turbocharged engine
Manual,Honda Jazz,2021.0,Jaipur,Petrol,Hatchback,First Owner,21659.0,1.2 i-VTEC
Manual,Maruti Vitara Brezza,2017.0,Jaipur,Diesel,SUV,First Owner,80000.0,DDiS 200 Diesel Engine
Automatic,Maruti Baleno,2018.0,Jaipur,Petrol,Hatchback,First Owner,63662.0,VVT Petrol Engine
Manual,Toyota Innova,2012.0,Jaipur,Diesel,MUV,Second Owner,188000.0,In-Line Engine
Automatic,Jaguar XJ,2019.0,Jaipur,Diesel,Sedan,First Owner,82058.0,Diesel Engine
Manual,Maruti SX4 S Cross,2019.0,Jaipur,Diesel,SUV,First Owner,67847.0,DDiS 200 Diesel Engine
Automatic,Kia Seltos,2020.0,Jaipur,Diesel,SUV,First Owner,59627.0,1.5 L CRDi VGT
Automatic,Tata Harrier,2022.0,Jaipur,Diesel,SUV,First Owner,20000.0,Kryotec 2.0 L Turbocharged Engine
Manual,Mahindra XUV500,2013.0,Jaipur,Diesel,SUV,First Owner,50000.0,mHawk Diesel Engine
Manual,Maruti Swift Dzire,2011.0,Jaipur,Diesel,Sedan,Second Owner,110000.0,In-Line Engine
Manual,Skoda Slavia,2022.0,Jaipur,Petrol,Sedan,First Owner,20000.0,1.0 L TSI Petrol
Manual,Maruti Swift Dzire,2018.0,Jaipur,Diesel,Sedan,Fourth Owner,100000.0,DDiS Diesel Engine
Manual,Maruti SX4,2009.0,Jaipur,Petrol,Sedan,Second Owner,80000.0,VVT Petrol Engine 
Manual,Ford Ecosport,2018.0,Jaipur,Diesel,SUV,First Owner,76800.0,TDCi Diesel Engine
Automatic,Maruti Baleno,2017.0,Jaipur,Petrol,Hatchback,First Owner,71711.0,VVT Petrol Engine
Manual,Maruti Baleno,2019.0,Jaipur,Petrol,Hatchback,First Owner,28406.0,VVT Petrol Engine
Automatic,Skoda Superb,2020.0,Jaipur,Petrol,Sedan,First Owner,50000.0,Petrol Engine
Manual,Maruti Celerio,2019.0,Jaipur,Petrol,Hatchback,First Owner,53615.0,K10C
Manual,Hyundai Grand i10,2015.0,Jaipur,Petrol,Hatchback,Second Owner,33959.0,Kappa VTVT Petrol Engine
Manual,Honda Jazz,2016.0,Jaipur,Petrol,Hatchback,Second Owner,65300.0,i-VTEC Petrol Engine
Manual,Jeep Compass,2020.0,Jaipur,Diesel,SUV,First Owner,49000.0,2.0-Litre 4-Cyl Multijet II Engine
Manual,Maruti Swift Dzire,2014.0,Jaipur,Diesel,Sedan,Second Owner,81000.0,In-Line Engine
Manual,Hyundai EON,2014.0,Jaipur,Petrol,Hatchback,Third Owner,70000.0,Kappa Engine
Manual,Hyundai Santro Xing,2010.0,Jaipur,CNG,Hatchback,Third Owner,150000.0,Bifuel Engine
Manual,Kia Sonet,2021.0,Jaipur,Diesel,SUV,First Owner,62000.0,1.5 L CRDi WGT
Manual,Maruti Vitara Brezza,2020.0,Jaipur,Diesel,SUV,First Owner,40000.0,DDiS 200 Diesel Engine
Manual,Volkswagen Vento,2013.0,Jaipur,Diesel,Sedan,First Owner,110000.0,Common Rail Diesel Engine
Manual,Tata Nexon,2019.0,Jaipur,Petrol,SUV,First Owner,30000.0,Revotron 1.2L Turbocharged engine
Manual,Maruti Alto 800,2007.0,Jaipur,Petrol,Hatchback,Second Owner,90000.0,F8D Petrol Engine
Manual,Chevrolet Cruze,2017.0,Jaipur,Diesel,Sedan,First Owner,120000.0,VCDi Diesel Engine
Manual,Honda Amaze,2014.0,Jaipur,Diesel,Sedan,Fourth Owner,90000.0,i-DTEC Diesel Engine
Automatic,Skoda Octavia,2019.0,Jaipur,Petrol,Sedan,First Owner,41521.0,1.8TSI Petrol Engine
Manual,Toyota Innova,2016.0,Jaipur,Diesel,MUV,First Owner,80000.0,2KD-FTV Diesel Engine
Manual,Toyota Glanza,2019.0,Jaipur,Petrol,Hatchback,First Owner,76000.0,1.2 L Petrol Engine
Manual,Hyundai Grand i10,2018.0,Jaipur,Petrol,Hatchback,Second Owner,100977.0,Kappa VTVT Petrol Engine
Manual,Maruti Ertiga,2015.0,Jaipur,Diesel,MUV,First Owner,23793.0,D13A SHVS Engine
Manual,Honda City,2015.0,Jaipur,Diesel,Sedan,First Owner,81000.0,i DTEC Diesel Engine 
Manual,Mahindra Bolero Neo,2021.0,Jaipur,Diesel,SUV,First Owner,43867.0,mHAWk100
Manual,Tata Nexon,2019.0,Jaipur,Diesel,SUV,First Owner,35000.0,1.5l Turbocharged Revotorq
Automatic,Hyundai Creta,2016.0,Jaipur,Diesel,SUV,Second Owner,125000.0,U2 CRDI VGT Engine
Manual,Hyundai Grand i10,2019.0,Jaipur,Petrol,Hatchback,Second Owner,83000.0,Kappa VTVT Petrol Engine
Automatic,BMW X3,2023.0,Jaipur,Petrol,SUV,First Owner,300.0,
Manual,Hyundai Creta,2017.0,Jaipur,Diesel,SUV,First Owner,84000.0,U2 CRDI Engine
Manual,Tata Tiago,2023.0,Jaipur,Petrol,Hatchback,First Owner,10000.0,1.2 L Revotron
Manual,Volkswagen Vento,2013.0,Jaipur,Diesel,Sedan,First Owner,110000.0,Common Rail Diesel Engine
Automatic,Hyundai Creta,2022.0,Jaipur,Diesel,SUV,First Owner,64000.0,1.5 L U2 CRDi Diesel
Manual,Maruti Alto,2009.0,Jaipur,Petrol,Hatchback,Fourth Owner,90000.0,In-Line Engine
Automatic,Honda Jazz,2019.0,Jaipur,Petrol,Hatchback,Second Owner,56000.0,i-VTEC Petrol Engine
Manual,Ford Ecosport,2013.0,Jaipur,Diesel,SUV,Second Owner,120000.0,TDCi Diesel Engine
Manual,Hyundai i20,2015.0,Jaipur,Diesel,Hatchback,First Owner,75000.0,U2 CRDI Diesel Engine
Manual,Honda WR-V,2019.0,Jaipur,Petrol,SUV,First Owner,26633.0,i-VTEC Petrol Engine
Manual,Maruti Alto,2009.0,Jaipur,Petrol,Hatchback,Second Owner,100000.0,In-Line Engine
Automatic,Honda City,2020.0,Jaipur,Petrol,Sedan,Second Owner,40000.0,Water Cooled Inline i-VTEC DOHC with VTC
Manual,Hyundai Santro,2022.0,Jaipur,Petrol,Hatchback,First Owner,4527.0,1.1 L Petrol
Automatic,Datsun RediGO,2017.0,Jaipur,Petrol,Hatchback,First Owner,25446.0,1.0L Petrol Engine
Manual,Honda WR-V,2019.0,Jaipur,Petrol,SUV,First Owner,50923.0,i-VTEC Petrol Engine
Manual,Maruti Vitara Brezza,2017.0,Jaipur,Diesel,SUV,First Owner,56123.0,DDiS 200 Diesel Engine
Manual,Maruti Wagon R,2015.0,Jaipur,Petrol,Hatchback,First Owner,64984.0,K10B Petrol Engine
Automatic,Maruti Baleno,2019.0,Jaipur,Petrol,Hatchback,Second Owner,77561.0,VVT Petrol Engine
Manual,Maruti SX4 S Cross,2018.0,Jaipur,Diesel,SUV,First Owner,90000.0,DDiS 200 Diesel Engine
Manual,Maruti Vitara Brezza,2018.0,Jaipur,Diesel,SUV,First Owner,85123.0,DDiS 200 Diesel Engine
Manual,Honda City,2019.0,Jaipur,Diesel,Sedan,First Owner,90456.0,i DTEC Diesel Engine
Manual,Jeep Compass,2017.0,Jaipur,Diesel,SUV,First Owner,94215.0,2.0-Litre 4-Cyl Multijet II Engine
Manual,Mahindra XUV500,2016.0,Jaipur,Diesel,SUV,Second Owner,76200.0,mHawk Diesel Engine
Manual,Honda WR-V,2019.0,Jaipur,Petrol,SUV,First Owner,59000.0,i-VTEC Petrol Engine
Manual,Toyota Innova,2016.0,Jaipur,Diesel,MUV,First Owner,80000.0,2KD-FTV Diesel Engine
Manual,Maruti Ciaz,2017.0,Jaipur,Diesel,Sedan,First Owner,112000.0,DDIS 200 Engine
Manual,Maruti Brezza,2023.0,Jaipur,Petrol,SUV,First Owner,20000.0,K15C
Automatic,Tata Nexon,2020.0,Jaipur,Petrol,SUV,First Owner,20000.0,Revotron 1.2L Turbocharged engine
Automatic,Volkswagen Taigun,2021.0,Jaipur,Petrol,SUV,First Owner,46100.0,1.5L TSI EVO with ACT
Manual,Maruti Baleno,2020.0,Jaipur,Petrol,Hatchback,First Owner,51374.0,1.2L VVT Engine
Manual,Maruti Vitara Brezza,2019.0,Jaipur,Diesel,SUV,First Owner,40000.0,DDiS 200 Diesel Engine
Manual,Maruti Celerio,2019.0,Jaipur,Petrol,Hatchback,Second Owner,110000.0,K10B Engine
Manual,Maruti Ertiga,2015.0,Jaipur,Diesel,MUV,Fourth Owner,120000.0,D13A SHVS Engine
Manual,Honda WR-V,2018.0,Jaipur,Petrol,SUV,Third Owner,48089.0,i-VTEC Petrol Engine
Manual,Honda City,2018.0,Jaipur,Petrol,Sedan,Second Owner,51046.0,i VTEC Engine
Manual,Hyundai Grand i10,2015.0,Jaipur,Petrol,Hatchback,First Owner,62134.0,Kappa VTVT Petrol Engine
Manual,Honda Jazz,2016.0,Jaipur,Petrol,Hatchback,First Owner,54256.0,i-VTEC Petrol Engine
Manual,Maruti Ciaz,2017.0,Jaipur,Petrol,Sedan,Second Owner,118046.0,k14B VVT Engine
Manual,Skoda Kushaq,2021.0,Jaipur,Petrol,SUV,First Owner,44461.0,1.0 TSI Petrol Engine
Manual,Hyundai Grand i10,2020.0,Jaipur,Petrol,Hatchback,First Owner,80000.0,Kappa VTVT Petrol Engine
Manual,Toyota Innova,2015.0,Jaipur,Diesel,MUV,Second Owner,125000.0,In-Line Engine
Manual,Mahindra Scorpio,2013.0,Jaipur,Diesel,SUV,Second Owner,120000.0,mHawk CRDe Engine
Manual,Maruti Ciaz,2017.0,Jaipur,Petrol,Sedan,First Owner,70123.0,k14B VVT Engine
Manual,Hyundai Creta,2016.0,Jaipur,Diesel,SUV,First Owner,80000.0,U2 CRDI Engine
Manual,Honda City,2019.0,Jaipur,Petrol,Sedan,First Owner,80000.0,i VTEC Engine
Manual,Mitsubishi Pajero,2007.0,Jaipur,Diesel,SUV,Third Owner,120000.0,In-Line Engine
Automatic,Mercedes-Benz M-Class,2015.0,Jaipur,Diesel,SUV,First Owner,114756.0,Diesel Engine
Manual,Maruti Ertiga,2016.0,Jaipur,Diesel,MUV,First Owner,23793.0,D13A SHVS Engine
Manual,Toyota Fortuner,2011.0,Jaipur,Diesel,SUV,Second Owner,100181.0,4 Cylinders In-line
Manual,Maruti Celerio,2016.0,Jaipur,Petrol,Hatchback,First Owner,60000.0,K10B Engine
Manual,Kia Seltos,2019.0,Jaipur,Petrol,SUV,First Owner,16858.0,Smartstream G1.4
Manual,Mahindra TUV 300,2017.0,Jaipur,Diesel,SUV,Second Owner,80000.0,mHawk 100 Diesel Engine
Manual,Renault KWID,2022.0,Jaipur,Petrol,Hatchback,First Owner,7414.0,0.8 SCe
Manual,Ford Figo,2020.0,Jaipur,Petrol,Hatchback,First Owner,18206.0,Ti-VCT Petrol Engine
Manual,Honda City,2016.0,Jaipur,Petrol,Sedan,Second Owner,77000.0,i VTEC Engine
Manual,Ford Ecosport,2019.0,Jaipur,Diesel,SUV,First Owner,56569.0,TDCi Diesel Engine
Manual,Skoda Slavia,2021.0,Jaipur,Petrol,Sedan,First Owner,44461.0,1.0 L TSI Petrol
Manual,Maruti Alto 800,2019.0,Jaipur,Petrol,Hatchback,Second Owner,40000.0,F8D Petrol Engine
Manual,Maruti Swift Dzire,2022.0,Jaipur,Petrol,Sedan,First Owner,20000.0,
Manual,Honda Amaze,2020.0,Jaipur,Petrol,Sedan,First Owner,30000.0,i-VTEC Petrol Engine
Manual,Jeep Compass,2017.0,Jaipur,Diesel,SUV,First Owner,120000.0,2.0-Litre 4-Cyl Multijet II Engine
Automatic,Hyundai Creta,2017.0,Jaipur,Diesel,SUV,Second Owner,90000.0,U2 CRDI VGT Engine
Manual,Honda BR-V,2016.0,Jaipur,Diesel,SUV,First Owner,43919.0,i DTEC Diesel Engine
Manual,Hyundai Creta,2015.0,Jaipur,Diesel,SUV,First Owner,80000.0,U2 CRDI VGT Engine
Automatic,Hyundai Verna,2016.0,Jaipur,Diesel,Sedan,Second Owner,72602.0,U2 VGT Diesel Engine 
Manual,Hyundai Grand i10,2016.0,Jaipur,Petrol,Hatchback,First Owner,86000.0,Kappa VTVT Petrol Engine
Manual,Renault KWID,2020.0,Jaipur,Petrol,Hatchback,First Owner,32355.0,1.0 SCe
Manual,Hyundai i20,2021.0,Jaipur,Petrol,Hatchback,Second Owner,40000.0,1.2 l Kappa petrol
Manual,Honda City,2020.0,Jaipur,Petrol,Sedan,First Owner,30000.0,Water Cooled Inline i-VTEC DOHC with VTC
Automatic,BMW X1,2016.0,Jaipur,Diesel,SUV,First Owner,94724.0,sDrive20d Diesel Engine
Automatic,Volvo S60 Cross Country,2017.0,Jaipur,Diesel,Sedan,First Owner,72916.0,Diesel Engine
Manual,Maruti Wagon R,2016.0,Jaipur,Petrol,Hatchback,First Owner,100000.0,K10B Petrol Engine
Automatic,Skoda Octavia,2019.0,Jaipur,Petrol,Sedan,First Owner,41521.0,1.8TSI Petrol Engine
Manual,Tata Nexon,2019.0,Jaipur,Petrol,SUV,Second Owner,76065.0,Revotron 1.2L Turbocharged engine
Manual,Mitsubishi Pajero,2007.0,Jaipur,Diesel,SUV,Third Owner,120000.0,In-Line Engine
Manual,Maruti Baleno,2022.0,Jaipur,Petrol,Hatchback,Second Owner,9909.0,1.2 L K Series Engine
Manual,Honda City,2018.0,Jaipur,Petrol,Sedan,Second Owner,37811.0,i VTEC Engine
Manual,Tata Manza,2014.0,Jaipur,Diesel,Sedan,Third Owner,60000.0,Quadrajet Diesel Engine
Manual,Volkswagen Vento,2015.0,Jaipur,Diesel,Sedan,Second Owner,120000.0,TDI Diesel Engine
Automatic,Audi A3,2015.0,Jaipur,Diesel,Sedan,First Owner,42840.0,TDI Diesel Engine 
Manual,Mahindra XUV300,2019.0,Jaipur,Petrol,SUV,First Owner,60000.0,1.2 Petrol Engine
Manual,Tata Indica,2013.0,Jaipur,Diesel,Hatchback,First Owner,120000.0,
Manual,Maruti Swift,2018.0,Jaipur,Petrol,Hatchback,Second Owner,70000.0,VTVT Engine
Automatic,MG Astor,2022.0,Jaipur,Petrol,SUV,First Owner,8401.0,VTi-TECH
Automatic,Kia Carens,2022.0,Jaipur,Petrol,MUV,First Owner,16275.0,Smartstream G1.4 T-GDi
Manual,Ford Ecosport,2019.0,Jaipur,Petrol,SUV,First Owner,30000.0,Ti-VCT Petrol Engine
Manual,Kia Seltos,2021.0,Jaipur,Petrol,SUV,First Owner,22289.0,SMARTSTREAM G1.5
Manual,Renault KWID,2018.0,Jaipur,Petrol,Hatchback,First Owner,70123.0,Petrol Engine
Manual,Renault Triber,2019.0,Jaipur,Petrol,MUV,First Owner,50123.0,
Automatic,Maruti Celerio,2018.0,Jaipur,Petrol,Hatchback,First Owner,70123.0,K10B Engine
Manual,Hyundai EON,2016.0,Jaipur,Petrol,Hatchback,Third Owner,100000.0,Petrol Engine
Manual,Mahindra XUV500,2014.0,Jaipur,Diesel,SUV,Third Owner,110000.0,mHawk Diesel Engine
Manual,Volkswagen Ameo,2017.0,Jaipur,Diesel,Sedan,First Owner,99643.0,TDI Diesel Engine
Manual,Honda WR-V,2017.0,Jaipur,Petrol,SUV,First Owner,103116.0,i-VTEC Petrol Engine
Manual,Chevrolet Sail,2017.0,Jaipur,Diesel,Sedan,First Owner,120000.0,SMARTECH Diesel Engine
Automatic,Maruti Alto K10,2017.0,Jaipur,Petrol,Hatchback,First Owner,43202.0,K Series Petrol Engine
Manual,Volkswagen Ameo,2017.0,Jaipur,Petrol,Sedan,First Owner,57671.0,MPI Petrol Engine
Manual,Hyundai EON,2014.0,Jaipur,Petrol,Hatchback,Third Owner,70000.0,Kappa Engine
Automatic,MG Hector Plus,2021.0,Jaipur,Petrol,SUV,First Owner,40000.0,1.5L Turbocharged Intercooled
Manual,Maruti Ciaz,2017.0,Jaipur,Petrol,Sedan,Second Owner,60000.0,k14B VVT Engine
Manual,Maruti Vitara Brezza,2021.0,Jaipur,Petrol,SUV,First Owner,60000.0,K15B Petrol Engine
Automatic,Mercedes-Benz CLA,2019.0,Jaipur,Diesel,Sedan,First Owner,74700.0,In Line Diesel Engine
Manual,Maruti Swift Dzire,2015.0,Jaipur,Diesel,Sedan,Third Owner,110000.0,DDiS Diesel Engine
Manual,Hyundai i10,2010.0,Jaipur,Petrol,Hatchback,Fourth Owner,100000.0,IRDE2 Engine
Manual,Maruti Ciaz,2020.0,Jaipur,Petrol,Sedan,First Owner,60000.0,K15 Smart Hybrid Petrol Engine
Manual,Jeep Compass,2018.0,Jaipur,Diesel,SUV,First Owner,62000.0,2.0-Litre 4-Cyl Multijet II Engine
Automatic,BMW X3,2012.0,Jaipur,Diesel,SUV,Second Owner,120000.0,xDrive20d Diesel Engine 
Manual,Renault Scala,2014.0,Jaipur,Diesel,Sedan,Second Owner,90000.0,dCi Diesel Engine 
Manual,Hyundai Verna,2013.0,Jaipur,Diesel,Sedan,Third Owner,120000.0,VGT CRDi Diesel Engine 
Manual,Maruti Ciaz,2019.0,Jaipur,Petrol,Sedan,First Owner,40000.0,k15B VVT Engine
Manual,Maruti Vitara Brezza,2020.0,Jaipur,Petrol,SUV,Second Owner,60000.0,K15B Petrol Engine
Manual,Maruti Baleno,2018.0,Jaipur,Petrol,Hatchback,First Owner,50000.0,VVT Petrol Engine
Manual,Maruti Baleno,2019.0,Jaipur,Petrol,Hatchback,First Owner,42811.0,VVT Petrol Engine
Manual,Maruti Celerio X,2018.0,Jaipur,Petrol,Hatchback,First Owner,82558.0,K10B Petrol Engine
Manual,Maruti Ciaz,2019.0,Jaipur,Petrol,Sedan,First Owner,40000.0,k15B VVT Engine
Manual,Ford Ecosport,2018.0,Jaipur,Diesel,SUV,First Owner,104521.0,TDCi Diesel Engine
Manual,Maruti Baleno,2018.0,Jaipur,Petrol,Hatchback,First Owner,95745.0,VVT Petrol Engine
Manual,Hyundai Grand i10,2018.0,Jaipur,Diesel,Hatchback,First Owner,78000.0,U2 CRDi  Diesel Engine
Automatic,BMW 3 Series,2013.0,Jaipur,Diesel,Sedan,Third Owner,90000.0,Diesel Engine
Manual,Skoda Laura,2009.0,Jaipur,Diesel,Sedan,Third Owner,150000.0,In-Line Engine
Manual,Maruti Baleno,2020.0,Jaipur,Petrol,Hatchback,Second Owner,70000.0,1.2L VVT Engine
Manual,Maruti Baleno,2020.0,Jaipur,Petrol,Hatchback,Second Owner,70000.0,1.2L VVT Engine
Manual,Honda City,2014.0,Jaipur,Diesel,Sedan,Second Owner,90000.0,i DTEC Diesel Engine 
Manual,Honda New Accord,2006.0,Jaipur,Petrol,Sedan,Second Owner,100000.0,In-Line Engine
Automatic,Honda CR-V,2013.0,Jaipur,Petrol,SUV,Second Owner,80000.0,i-VTEC Engine
Automatic,Audi Q7,2017.0,Jaipur,Diesel,SUV,First Owner,150000.0,V-Type Diesel Engine
Manual,Hyundai Verna,2016.0,Jaipur,Diesel,Sedan,Third Owner,90000.0,U2 VGT Diesel Engine
Automatic,Audi Q5,2013.0,Jaipur,Diesel,SUV,First Owner,60091.0,TDI Quattro Engine 
Manual,Toyota Fortuner,2012.0,Jaipur,Diesel,SUV,First Owner,170000.0,D-4D Diesel Engine
Manual,Maruti Alto 800,2016.0,Jaipur,Petrol,Hatchback,Second Owner,42000.0,F8D Petrol Engine
Manual,Renault Kiger,2022.0,Jaipur,Petrol,SUV,First Owner,37724.0,1.0 L ENERGY
Manual,Ford Figo,2011.0,Jaipur,Diesel,Hatchback,First Owner,120000.0,Diesel Engine
Manual,Maruti Ertiga,2014.0,Jaipur,Diesel,MUV,First Owner,100227.0,DDiS Diesel Engine
Manual,Hyundai Xcent,2017.0,Jaipur,Petrol,Sedan,First Owner,94112.0,Kappa VTVT Petrol Engine
Manual,Toyota Urban cruiser,2021.0,Jaipur,Petrol,SUV,First Owner,23848.0,k-series1.5l
Manual,Maruti Wagon R,2015.0,Jaipur,Petrol,Hatchback,Third Owner,43349.0,K10B Petrol Engine
Manual,Maruti Ertiga,2012.0,Jaipur,Diesel,MUV,Third Owner,64394.0,DDiS Diesel Engine
Manual,Kia Seltos,2021.0,Jaipur,Petrol,SUV,First Owner,17353.0,SMARTSTREAM G1.5
Manual,Maruti Wagon R,2009.0,Jaipur,Petrol,Hatchback,Second Owner,30000.0,FC Petrol Engine
Manual,Hyundai Santro Xing,2006.0,Jaipur,Petrol,Hatchback,Third Owner,80000.0,
Manual,Maruti Ignis,2016.0,Jaipur,Diesel,Hatchback,First Owner,70000.0,1.3-Litre DDiS Diesel Engine
Manual,Renault KWID,2021.0,Jaipur,Petrol,Hatchback,First Owner,10000.0,Petrol Engine
Manual,Kia Seltos,2020.0,Jaipur,Diesel,SUV,First Owner,49017.0,1.5 L CRDi VGT
Manual,Hyundai Creta,2015.0,Jaipur,Diesel,SUV,First Owner,120000.0,U2 CRDI Engine
Manual,Kia Seltos,2019.0,Jaipur,Petrol,SUV,First Owner,80000.0,SMARTSTREAM G1.5
Manual,Maruti Wagon R,2018.0,Jaipur,Petrol,Hatchback,First Owner,50000.0,K10B Petrol Engine
Automatic,Maruti Wagon R,2016.0,Jaipur,Petrol,Hatchback,First Owner,40000.0,K10B Petrol Engine
Manual,Renault KWID,2021.0,Jaipur,Petrol,Hatchback,First Owner,60000.0,Petrol Engine
Manual,Maruti Swift,2014.0,Jaipur,Diesel,Hatchback,Second Owner,70000.0,DDiS Diesel Engine
Manual,Hyundai Venue,2019.0,Jaipur,Diesel,SUV,First Owner,87000.0,U2 CRDi Diesel
Automatic,BMW 5 Series,2017.0,Jaipur,Diesel,Sedan,First Owner,96330.0,Diesel Engine
Manual,Maruti Swift,2015.0,Jaipur,Diesel,Hatchback,Second Owner,81040.0,DDiS Diesel Engine
Automatic,Volkswagen Polo,2018.0,Jaipur,Petrol,Hatchback,First Owner,112625.0,TSI Petrol Engine
Manual,Hyundai Grand i10,2018.0,Jaipur,Petrol,Hatchback,First Owner,58374.0,Kappa VTVT Petrol Engine
Manual,Hyundai Grand i10,2014.0,Jaipur,Petrol,Hatchback,Second Owner,31733.0,Kappa VTVT Petrol Engine
Manual,Maruti Baleno,2019.0,Jaipur,Diesel,Hatchback,First Owner,49616.0,DDiS Diesel Engine
Manual,Honda City,2018.0,Jaipur,Petrol,Sedan,First Owner,70000.0,i VTEC Engine
Manual,Maruti Ciaz,2016.0,Jaipur,Diesel,Sedan,First Owner,68000.0,DDIS Diesel Engin
Manual,Tata Indigo,2011.0,Jaipur,Diesel,Sedan,First Owner,120000.0,CR4 Turbo Intercooled Eng
Manual,Ford Ecosport,2015.0,Jaipur,Petrol,SUV,Second Owner,50000.0,Ti-VCT Petrol Engine
Manual,Hyundai Elantra,2014.0,Jaipur,Diesel,Sedan,Second Owner,120000.0,VGT Diesel Engine
Automatic,Mercedes-Benz GLS,2019.0,Jaipur,Diesel,SUV,First Owner,116544.0,V-Type Engine
Manual,Honda Jazz,2010.0,Jaipur,Petrol,Hatchback,First Owner,49580.0,SOHC i-VTEC
Manual,Mahindra XUV500,2017.0,Jaipur,Diesel,SUV,Second Owner,56031.0,mHawk Diesel Engine
Automatic,Kia Carens,2022.0,Jaipur,Diesel,MUV,First Owner,15285.0,1.5L CRDi VGT
Manual,Tata Tiago,2022.0,Jaipur,Petrol,Hatchback,First Owner,4437.0,1.2 L Revotron
Manual,Maruti Wagon R,2018.0,Jaipur,Petrol,Hatchback,First Owner,24590.0,K10B Petrol Engine
Manual,Maruti Baleno,2022.0,Jaipur,Petrol,Hatchback,First Owner,20000.0,1.2L VVT Engine
Manual,Hyundai i20,2013.0,Jaipur,Petrol,Hatchback,First Owner,70456.0,Kappa VTVT Petrol Engine
Manual,Skoda Slavia,2022.0,Jaipur,Petrol,Sedan,First Owner,20000.0,1.0 L TSI Petrol
Manual,Hyundai i20,2013.0,Jaipur,Petrol,Hatchback,First Owner,120000.0,Kappa VTVT Petrol Engine
Manual,Hyundai Verna,2016.0,Jaipur,Diesel,Sedan,Second Owner,50889.0,U2 VGT Diesel Engine 
Manual,Maruti Swift,2012.0,Jaipur,Petrol,Hatchback,First Owner,76043.0,K Series Dual jet
Automatic,Mercedes-Benz GLC,2019.0,Jaipur,Petrol,SUV,First Owner,10200.0,Petrol Engine
Manual,Hyundai Grand i10,2014.0,Jaipur,Petrol,Hatchback,First Owner,55890.0,Kappa VTVT Petrol Engine
Manual,Honda Jazz,2016.0,Jaipur,Petrol,Hatchback,Second Owner,81984.0,i-VTEC Petrol Engine
Manual,Honda Brio,2014.0,Jaipur,Petrol,Hatchback,Second Owner,70123.0,i-VTEC Engine
Manual,Renault KWID,2021.0,Jaipur,Petrol,Hatchback,First Owner,60000.0,Petrol Engine
Manual,Hyundai i10,2010.0,Jaipur,Petrol,Hatchback,Fourth Owner,100000.0,IRDE2 Engine
Manual,Maruti Alto,2010.0,Jaipur,Petrol,Hatchback,Third Owner,110000.0,In-Line Engine
Manual,Maruti Ciaz,2019.0,Jaipur,Petrol,Sedan,First Owner,40000.0,k15B VVT Engine
Manual,Toyota Fortuner,2018.0,Jaipur,Diesel,SUV,First Owner,90000.0,1-GD FTV Engine
Manual,Renault KWID,2017.0,Jaipur,Petrol,Hatchback,First Owner,50000.0,Petrol Engine
Automatic,Maruti Swift Dzire,2020.0,Jaipur,Petrol,Sedan,First Owner,50000.0,K Series VVT Engine
Manual,Maruti Swift Dzire,2013.0,Jaipur,Diesel,Sedan,First Owner,56805.0,DDiS Diesel Engine
Manual,Volkswagen Polo,2016.0,Jaipur,Diesel,Hatchback,Second Owner,120000.0,TDI Diesel Engine
Manual,Honda City,2011.0,Jaipur,Petrol,Sedan,Second Owner,120000.0,In-Line Engine
Manual,Hyundai Grand i10,2019.0,Jaipur,Diesel,Hatchback,Second Owner,90000.0,U2 CRDi  Diesel Engine
Manual,Volkswagen Vento,2014.0,Jaipur,Diesel,Sedan,Second Owner,100000.0,Common Rail Diesel Engine
Automatic,Mercedes-Benz E-Class,2015.0,Jaipur,Diesel,Sedan,First Owner,70705.0,In-Line Diesel Engine
Manual,Maruti Swift Dzire,2014.0,Jaipur,Diesel,Sedan,First Owner,75000.0,In-Line Engine
Manual,Datsun RediGO,2020.0,Jaipur,Petrol,Hatchback,First Owner,17587.0,1.0 L Petrol Engine
Manual,Hyundai Santro,2019.0,Jaipur,Petrol,Hatchback,Second Owner,27153.0,1.1 litre Petrol Engine
Manual,Mahindra Thar,2011.0,Jaipur,Diesel,SUV,Second Owner,90000.0,NEF TCI-CRDe Engine
Manual,Maruti Swift Dzire,2012.0,Jaipur,Diesel,Sedan,First Owner,104243.0,In-Line Engine
Automatic,Honda City,2017.0,Jaipur,Petrol,Sedan,First Owner,25791.0,i VTEC Engine
Manual,Toyota Fortuner,2010.0,Jaipur,Diesel,SUV,Second Owner,120000.0,4 Cylinders In-line
Automatic,Jaguar XF,2013.0,Jaipur,Diesel,Sedan,Second Owner,70000.0,Diesel Engine 
Manual,Hyundai Venue,2021.0,Jaipur,Petrol,SUV,First Owner,60000.0,
Manual,Maruti Vitara Brezza,2021.0,Jaipur,Petrol,SUV,First Owner,17580.0,K15B Petrol Engine
Manual,Mahindra XUV500,2012.0,Jaipur,Diesel,SUV,Second Owner,120000.0,mHawk Diesel Engine
Manual,Maruti Vitara Brezza,2020.0,Jaipur,Petrol,SUV,First Owner,39109.0,K15B Petrol Engine
Manual,Maruti Vitara Brezza,2022.0,Jaipur,Petrol,SUV,First Owner,20000.0,K15B Petrol Engine
Manual,Honda WR-V,2018.0,Jaipur,Diesel,SUV,First Owner,80000.0,i-DTEC Diesel Engine
Manual,Maruti Celerio,2022.0,Jaipur,Petrol,Hatchback,First Owner,20000.0,K10C
Manual,Toyota Innova,2007.0,Jaipur,Diesel,MUV,Second Owner,120000.0,In-Line Engine
Manual,Maruti Swift,2015.0,Jaipur,Petrol,Hatchback,Second Owner,70000.0,VTVT Engine
Automatic,Honda City,2016.0,Jaipur,Petrol,Sedan,Second Owner,70000.0,i VTEC Engine
Manual,Maruti Alto,2010.0,Jaipur,Petrol,Hatchback,Third Owner,110000.0,In-Line Engine
Manual,Volkswagen Polo,2011.0,Jaipur,Petrol,Hatchback,First Owner,70000.0,In-Line Engine
Manual,Jeep Compass,2019.0,Jaipur,Diesel,SUV,First Owner,9106.0,2.0-Litre 4-Cyl Multijet II Engine
Manual,Honda Amaze,2019.0,Jaipur,Petrol,Sedan,First Owner,90239.0,i-VTEC Petrol Engine
Manual,Hyundai EON,2014.0,Jaipur,Petrol,Hatchback,Second Owner,31608.0,Kappa Engine
Manual,Honda Amaze,2019.0,Jaipur,Petrol,Sedan,First Owner,58740.0,i-VTEC Petrol Engine
Manual,Hyundai i20,2018.0,Jaipur,Petrol,Hatchback,Second Owner,73398.0,Kappa VTVT Petrol Engine
Automatic,Maruti Ciaz,2019.0,Jaipur,Petrol,Sedan,First Owner,29393.0,k15B VVT Engine
Manual,Volkswagen Polo,2016.0,Jaipur,Diesel,Hatchback,Second Owner,100000.0,TDI Diesel Engine
Manual,Honda New Accord,2008.0,Jaipur,Petrol,Sedan,Second Owner,150000.0,DOHC i-VTEC
Manual,Toyota Fortuner,2013.0,Jaipur,Diesel,SUV,First Owner,150000.0,D-4D Diesel Engine
Automatic,Audi A6,2013.0,Jaipur,Diesel,Sedan,Second Owner,40000.0,TDI Diesel Engine 
Automatic,Renault KWID,2019.0,Jaipur,Petrol,Hatchback,Second Owner,30000.0,Petrol Engine
Automatic,Kia Seltos,2019.0,Jaipur,Diesel,SUV,First Owner,44354.0,1.5 L CRDi VGT
Manual,Renault KWID,2016.0,Jaipur,Petrol,Hatchback,Second Owner,65000.0,Petrol Engine
Manual,Maruti Swift,2016.0,Jaipur,Diesel,Hatchback,First Owner,79700.0,DDiS 190 Engine
Manual,Toyota Innova,2007.0,Jaipur,Diesel,MUV,Second Owner,120000.0,In-Line Engine
Manual,Maruti Baleno,2019.0,Jaipur,Petrol,Hatchback,First Owner,30000.0,VVT Petrol Engine
Automatic,Kia Sonet,2021.0,Jaipur,Diesel,SUV,First Owner,45204.0,1.5L CRDi VGT
Manual,Hyundai i20,2017.0,Jaipur,Diesel,Hatchback,First Owner,81000.0,U2 CRDI Diesel Engine 
Manual,Honda City,2008.0,Jaipur,Petrol,Sedan,First Owner,120000.0,In-Line Engine
Manual,Hyundai Grand i10 Nios,2020.0,Jaipur,Petrol,Hatchback,Second Owner,40000.0,1.2 Kappa petrol
Automatic,Hyundai i20,2019.0,Jaipur,Petrol,Hatchback,Second Owner,33236.0,Kappa VTVT Petrol Engine
Automatic,Hyundai Grand i10,2014.0,Jaipur,Petrol,Hatchback,Second Owner,50000.0,Kappa VTVT Petrol Engine
Manual,Maruti Baleno,2019.0,Jaipur,Petrol,Hatchback,First Owner,47214.0,VVT Petrol Engine
Manual,Hyundai Grand i10 Nios,2019.0,Jaipur,Petrol,Hatchback,Second Owner,54670.0,1.2 Kappa petrol
Manual,Honda Amaze,2018.0,Jaipur,Petrol,Sedan,Second Owner,30000.0,i-VTEC Petrol Engine
Manual,Mahindra Bolero,2013.0,Jaipur,Diesel,SUV,First Owner,120000.0,M2DiCR Engine
Manual,Tata Zest,2016.0,Jaipur,Petrol,Sedan,Second Owner,120000.0,Revotron Engine
Automatic,Toyota Fortuner,2015.0,Jaipur,Diesel,SUV,First Owner,125000.0,D-4D Diesel Engine
Manual,Ford Aspire,2017.0,Jaipur,Diesel,Sedan,First Owner,100000.0,TDCi Diesel Engine
Manual,Hyundai i20,2017.0,Jaipur,Petrol,Hatchback,Second Owner,57000.0,Kappa VTVT Petrol Engine
Manual,Chevrolet Spark,2011.0,Jaipur,LPG,Hatchback,Second Owner,70000.0,In-Line Engine
Manual,Volkswagen Polo,2017.0,Jaipur,Diesel,Hatchback,First Owner,120000.0,TDI Diesel Engine
Manual,Maruti Baleno,2022.0,Jaipur,Petrol,Hatchback,First Owner,30000.0,1.2 L K Series Engine
Manual,Ford Endeavour,2008.0,Jaipur,Diesel,SUV,Second Owner,120000.0,
Manual,Kia Seltos,2021.0,Jaipur,Petrol,SUV,First Owner,3844.0,SMARTSTREAM G1.5
Manual,Chevrolet Cruze,2011.0,Jaipur,Diesel,Sedan,Fourth Owner,120000.0,"4 Cylinder, VCDi"
Manual,Renault KWID,2020.0,Jaipur,Petrol,Hatchback,First Owner,50000.0,1.0 SCe
Manual,Honda CR-V,2008.0,Jaipur,Petrol,SUV,Third Owner,120000.0,i-VTEC Engine
Manual,Mahindra XUV500,2015.0,Jaipur,Diesel,SUV,Second Owner,80000.0,mHawk Diesel Engine
Manual,Maruti Swift Dzire,2012.0,Jaipur,Petrol,Sedan,First Owner,94554.0,
Manual,Maruti Baleno,2021.0,Jaipur,Petrol,Hatchback,First Owner,15991.0,1.2L VVT Engine
Manual,Mahindra Scorpio,2013.0,Jaipur,Diesel,SUV,Third Owner,70000.0,In-Line Engine
Automatic,Maruti Swift Dzire,2017.0,Jaipur,Diesel,Sedan,First Owner,72918.0,DDiS Diesel Engine
Automatic,Datsun RediGO,2018.0,Jaipur,Petrol,Hatchback,First Owner,22982.0,1.0L Petrol Engine
Manual,Hyundai i20,2015.0,Jaipur,Diesel,Hatchback,First Owner,76000.0,U2 CRDI Diesel Engine
Manual,Skoda Rapid,2017.0,Jaipur,Diesel,Sedan,First Owner,115000.0,Diesel Engine
Manual,Maruti Vitara Brezza,2018.0,Jaipur,Diesel,SUV,First Owner,73000.0,DDiS 200 Diesel Engine
Automatic,Ford Endeavour,2016.0,Jaipur,Diesel,SUV,Second Owner,90000.0,Diesel Engine
Manual,Hyundai Santro,2019.0,Jaipur,Petrol,Hatchback,First Owner,30000.0,1.1 litre Petrol Engine
Manual,Hyundai Grand i10,2014.0,Jaipur,Diesel,Hatchback,Second Owner,80000.0,U2 CRDi  Diesel Engine
Automatic,Mercedes-Benz AMG GLC 43,2022.0,Jaipur,Petrol,SUV,First Owner,23200.0,3.0-LITRE V6 BITURBO ENGINE
Manual,Skoda Kushaq,2022.0,Jaipur,Petrol,SUV,First Owner,10000.0,1.0 TSI Petrol Engine
Manual,Mahindra XUV500,2012.0,Jaipur,Diesel,SUV,Second Owner,120000.0,mHawk Diesel Engine
Automatic,Hyundai Grand i10 Nios,2022.0,Jaipur,Petrol,Hatchback,First Owner,10000.0,1.2 Kappa petrol
Automatic,Hyundai Grand i10 Nios,2022.0,Jaipur,Petrol,Hatchback,First Owner,10000.0,1.2 Kappa petrol
Manual,Renault Triber,2020.0,Jaipur,Petrol,MUV,First Owner,30000.0,
Manual,Maruti Vitara Brezza,2022.0,Jaipur,Petrol,SUV,First Owner,20000.0,K15B Petrol Engine
Manual,Chevrolet Aveo U-VA,2007.0,Jaipur,Petrol,Hatchback,First Owner,60000.0,In-Line Engine
Automatic,Maruti Celerio,2017.0,Jaipur,Petrol,Hatchback,First Owner,107963.0,K10C
Manual,Renault Duster,2012.0,Jaipur,Diesel,SUV,Second Owner,121243.0,dCi Diesel Engine
Manual,Tata Harrier,2020.0,Jaipur,Diesel,SUV,First Owner,100000.0,Kryotec 2.0LTurbocharged Engine
Manual,Honda Brio,2015.0,Jaipur,Petrol,Hatchback,First Owner,67194.0,i-VTEC Engine
Manual,Honda City,2016.0,Jaipur,Petrol,Sedan,Second Owner,69236.0,i VTEC Engine
Manual,Honda WR-V,2019.0,Jaipur,Diesel,SUV,First Owner,80000.0,i-DTEC Diesel Engine
Manual,Jeep Compass,2018.0,Jaipur,Petrol,SUV,Second Owner,90000.0,1.4-Litre 4-Cyl Multiair Engine
Manual,MG Hector,2020.0,Jaipur,Diesel,SUV,First Owner,60000.0,
Automatic,Land Rover Discovery Sport,2017.0,Jaipur,Diesel,SUV,Second Owner,80000.0,TD4 Diesel Engine
Automatic,Land Rover Range Rover Evoque,2016.0,Jaipur,Diesel,SUV,Second Owner,81317.0,TD4 Diesel Engine
Manual,Hyundai i10,2015.0,Jaipur,Petrol,Hatchback,Second Owner,60000.0,DOHC Kappa2 Engine 
Manual,Renault Duster,2015.0,Jaipur,Diesel,SUV,First Owner,80000.0,dCi THP Diesel Engine
Manual,Renault Duster,2018.0,Jaipur,Diesel,SUV,Second Owner,60000.0,dCi THP Diesel Engine
Manual,Hyundai Grand i10,2014.0,Jaipur,Diesel,Hatchback,Third Owner,110000.0,U2 CRDi  Diesel Engine
Manual,Ford Fiesta Classic,2011.0,Jaipur,Diesel,Sedan,Second Owner,120000.0,In-Line Engine
Automatic,Hyundai Creta,2017.0,Jaipur,Diesel,SUV,Second Owner,110000.0,U2 CRDI VGT Engine
Automatic,BMW 5 Series,2017.0,Jaipur,Diesel,Sedan,First Owner,100000.0,TwinPower Turbo Inline 4 Cylinder Engine
Manual,Maruti Swift,2018.0,Jaipur,Petrol,Hatchback,First Owner,57000.0,VTVT Engine
Automatic,BMW 3 Series,2013.0,Jaipur,Diesel,Sedan,Second Owner,70000.0,Diesel Engine
Manual,Maruti Swift,2014.0,Jaipur,Diesel,Hatchback,First Owner,76000.0,DDiS 190 Engine
Automatic,Maruti Swift,2021.0,Jaipur,Petrol,Hatchback,Second Owner,7183.0,K Series Dual jet
Automatic,Hyundai Creta,2021.0,Jaipur,Petrol,SUV,Third Owner,6165.0,1.4 L Turbo GDi Petrol
Manual,Skoda Rapid,2012.0,Jaipur,Diesel,Sedan,Second Owner,85000.0,Turbocharged Diesel Engin
Manual,Tata Tiago,2022.0,Jaipur,CNG,Hatchback,First Owner,4437.0,1.2 L i-CNG
Manual,Hyundai i20,2016.0,Jaipur,Petrol,Hatchback,First Owner,34217.0,Kappa VTVT Petrol Engine
Manual,Volkswagen Polo,2017.0,Jaipur,Petrol,Hatchback,First Owner,80101.0,MPI Petrol Engine
Manual,Honda Civic,2007.0,Jaipur,Petrol,Sedan,Third Owner,150000.0,In-Line
Manual,Maruti A-Star,2012.0,Jaipur,Petrol,Hatchback,First Owner,50000.0,K Series Petrol Engine
Manual,Mahindra Scorpio,2019.0,Jaipur,Diesel,SUV,Second Owner,100000.0,mHawk Diesel Engine
Manual,Maruti Wagon R,2011.0,Jaipur,Petrol,Hatchback,First Owner,72580.0,K10B Petrol Engine
Manual,Hyundai Verna,2012.0,Jaipur,Diesel,Sedan,Fourth Owner,120000.0,Diesel Engine
Manual,Hyundai Verna,2020.0,Jaipur,Diesel,Sedan,First Owner,120000.0,U2 VGT Diesel Engine
Manual,Hyundai Santro,2019.0,Jaipur,Petrol,Hatchback,First Owner,30000.0,1.1 litre Petrol Engine
Manual,Volkswagen Polo,2012.0,Jaipur,Diesel,Hatchback,First Owner,100000.0,In-Line Diesel Engine
Manual,Hyundai i20,2018.0,Jaipur,Diesel,Hatchback,First Owner,69000.0,U2 CRDI Diesel Engine
Manual,Maruti Swift,2017.0,Jaipur,Diesel,Hatchback,First Owner,50040.0,DDiS Diesel Engine
Automatic,Honda CR-V,2015.0,Jaipur,Petrol,SUV,First Owner,48350.0,i-VTEC Petrol Engine
Manual,Chevrolet Beat,2011.0,Jaipur,Petrol,Hatchback,Second Owner,40000.0,Smartech Engine
Manual,Chevrolet Cruze,2011.0,Jaipur,Diesel,Sedan,Fourth Owner,120000.0,"4 Cylinder, VCDi"
Manual,Tata New Safari,2011.0,Jaipur,Diesel,SUV,First Owner,120000.0,DICOR Engine
Automatic,Honda City,2017.0,Jaipur,Petrol,Sedan,First Owner,74573.0,i VTEC Engine
Automatic,Renault KWID,2018.0,Jaipur,Petrol,Hatchback,First Owner,64715.0,Petrol Engine
Manual,Honda City,2014.0,Jaipur,Diesel,Sedan,First Owner,76000.0,i DTEC Diesel Engine 
Manual,Maruti Wagon R,2017.0,Jaipur,Petrol,Hatchback,Second Owner,99348.0,K10B Petrol Engine
Manual,Hyundai Grand i10,2017.0,Jaipur,Petrol,Hatchback,First Owner,39176.0,Kappa VTVT Petrol Engine
Manual,Maruti A-Star,2012.0,Jaipur,Petrol,Hatchback,First Owner,50000.0,K Series Petrol Engine
Manual,Nissan Micra Active,2017.0,Jaipur,Petrol,Hatchback,Second Owner,80000.0,In Line Petrol Engine
Manual,Maruti Vitara Brezza,2020.0,Jaipur,Petrol,SUV,First Owner,50000.0,K15B Petrol Engine
Manual,Maruti Swift Dzire,2016.0,Jaipur,Diesel,Sedan,Third Owner,120000.0,DDiS Diesel Engine
Manual,Maruti Ertiga,2012.0,Jaipur,Diesel,MUV,Third Owner,70000.0,DDiS Diesel Engine
Manual,Hyundai Grand i10,2016.0,Jaipur,Petrol,Hatchback,First Owner,40000.0,Kappa VTVT Petrol Engine
Manual,Hyundai Santro,,Jaipur,Petrol,Hatchback,First Owner,70000.0,
Automatic,Ford Ecosport,2017.0,Jaipur,Petrol,SUV,Third Owner,100000.0,Ti-VCT Petrol Engine
Manual,Tata Indigo,2012.0,Jaipur,Diesel,Sedan,Second Owner,60000.0,In-Line Engine
Manual,Hyundai Verna,2019.0,Jaipur,Petrol,Sedan,First Owner,29905.0,VTVT Petrol Engine
Manual,Maruti Swift Dzire,2015.0,Jaipur,Diesel,Sedan,First Owner,70000.0,DDiS Diesel Engine
Automatic,Mercedes-Benz A Class,2013.0,Jaipur,Diesel,Hatchback,Fourth Owner,80000.0,In-line Diesel Engine
Manual,Tata Harrier,2019.0,Jaipur,Diesel,SUV,Second Owner,70000.0,Kryotec 2.0 L Turbocharged Engine
Manual,Honda Amaze,2018.0,Jaipur,Diesel,Sedan,First Owner,80000.0,i-DTEC Diesel Engine
Manual,Mahindra XUV300,2020.0,Jaipur,Petrol,SUV,First Owner,40000.0,1.2L Petrol
Manual,Skoda Rapid,2021.0,Jaipur,Petrol,Sedan,Second Owner,88069.0,1.0L TSI Petrol
Manual,Hyundai i10,2014.0,Jaipur,Petrol,Hatchback,Third Owner,50789.0,IRDE2 Engine
Manual,Hyundai Verna,2014.0,Jaipur,Diesel,Sedan,Second Owner,76000.0,Diesel Engine
Manual,Maruti Alto 800,2019.0,Jaipur,Petrol,Hatchback,First Owner,42212.0,F8D Petrol Engine
Manual,Honda Amaze,2015.0,Jaipur,Petrol,Sedan,First Owner,105227.0,i-VTEC Petrol Engine
Manual,Skoda Laura,2006.0,Jaipur,Diesel,Sedan,Third Owner,150000.0,In-Line Engine
Automatic,Hyundai Creta,2019.0,Jaipur,Diesel,SUV,Second Owner,92700.0,U2 CRDI VGT Engine
Manual,Chevrolet Cruze,2011.0,Jaipur,Diesel,Sedan,Second Owner,120000.0,"4 Cylinder, VCDi"
Manual,Maruti Alto,2006.0,Jaipur,Petrol,Hatchback,First Owner,30000.0,In-Line Engine
Manual,Maruti Swift,2021.0,Jaipur,Petrol,Hatchback,First Owner,12168.0,VTVT Engine
Manual,Hyundai Grand i10 Nios,2022.0,Jaipur,Diesel,Hatchback,First Owner,10000.0,1.2 L U2 CRDi Diesel
Manual,Tata Nano,2011.0,Jaipur,Petrol,Hatchback,Third Owner,30000.0,Motronic engine managemen
Automatic,Hyundai Kona,2021.0,Jaipur,Electric,SUV,First Owner,75000.0,
Automatic,Hyundai Creta,2020.0,Jaipur,Petrol,SUV,First Owner,73500.0,1.5 L MPi Petrol
Automatic,Tata Nexon EV Max,2023.0,Jaipur,Electric,SUV,,4140.0,
Automatic,MG ZS EV,2022.0,Jaipur,Electric,SUV,First Owner,10371.0,
Manual,Isuzu D-Max,2016.0,Jaipur,Diesel,Pickup Trucks,First Owner,75210.0,VGS Turbo Diesel Engine
Automatic,Maruti Wagon R,2017.0,Jaipur,Petrol,Hatchback,First Owner,69159.0,K10B Petrol Engine
Automatic,Maruti A-Star,2011.0,Jaipur,Petrol,Hatchback,First Owner,56992.0,K Series Petrol Engine
Manual,Maruti Swift Dzire,2015.0,Jaipur,Diesel,Sedan,Second Owner,120000.0,DDiS Diesel Engine
Manual,Hyundai Grand i10,2017.0,Jaipur,Petrol,Hatchback,First Owner,28500.0, Kappa VTVT Petrol Engine
Manual,Skoda Fabia,2010.0,Jaipur,Petrol,Hatchback,Second Owner,100000.0,In-Line Engine
Manual,Hyundai i20,2012.0,Jaipur,Diesel,Hatchback,Fifth Owner,90000.0,Diesel
Manual,Hyundai i20,2012.0,Jaipur,Diesel,Hatchback,Fifth Owner,90000.0,Diesel
Manual,Hyundai Grand i10,2014.0,Jaipur,Diesel,Hatchback,Second Owner,76164.0,U2 CRDi  Diesel Engine
Automatic,Maruti Alto K10,2016.0,Jaipur,Petrol,Hatchback,First Owner,75196.0,K Series Petrol Engine
Automatic,Mahindra XUV500,2016.0,Jaipur,Diesel,SUV,Third Owner,50000.0,mHawk Diesel Engine
Manual,Maruti Alto 800,2017.0,Jaipur,Petrol,Hatchback,First Owner,51759.0,F8D Petrol Engine
Manual,Tata Tiago,2019.0,Jaipur,Petrol,Hatchback,Second Owner,105021.0,Revotron Engine
Manual,Hyundai Verna,2010.0,Jaipur,Petrol,Sedan,First Owner,120000.0,Petrol
Manual,Tata Safari Storme,2016.0,Jaipur,Diesel,SUV,Second Owner,90000.0,VTT VARICOR Diesel Engine
Manual,Mahindra XUV500,2021.0,Jaipur,Diesel,SUV,First Owner,80000.0,mHawk155 Diesel Engine
Manual,Mahindra Thar,2021.0,Jaipur,Petrol,SUV,Second Owner,30000.0,mStallion 150 TGDi Engine
Manual,Kia Sonet,2022.0,Jaipur,Petrol,SUV,First Owner,10000.0,Smartstream G1.0 T - GDi
Manual,Volkswagen Taigun,2022.0,Jaipur,Petrol,SUV,First Owner,20000.0,1.0L TSI
Manual,Hyundai Getz,2007.0,Jaipur,Petrol,Hatchback,Third Owner,110000.0,In-Line Engine
Manual,Maruti Swift Dzire,2020.0,Jaipur,Petrol,Sedan,Second Owner,40000.0,
Manual,Honda City,2012.0,Jaipur,Petrol,Sedan,First Owner,100000.0,SOHC i-VTEC
Manual,Mahindra XUV300,2022.0,Jaipur,Diesel,SUV,First Owner,10000.0,1.5L Turbo Diesel with CRDi
Manual,Toyota Etios Liva,2013.0,Jaipur,Petrol,Hatchback,First Owner,60000.0,Petrol Engine
Manual,Maruti 800,2008.0,Jaipur,Petrol,Hatchback,First Owner,50000.0,Hi-Tech Petrol Engine
Manual,Maruti SX4,2007.0,Jaipur,Petrol,Sedan,Second Owner,120000.0,In-Line Engine
Manual,Volkswagen Polo,2013.0,Jaipur,Diesel,Hatchback,Third Owner,70000.0,In-Line Diesel Engine
Manual,Honda Amaze,2016.0,Jaipur,Diesel,Sedan,Fourth Owner,100000.0,i-DTEC Diesel Engine
Automatic,Skoda Octavia,2019.0,Jaipur,Petrol,Sedan,First Owner,67896.0,1.8TSI Petrol Engine
Manual,Renault Kiger,2021.0,Jaipur,Petrol,SUV,Second Owner,9862.0,1.0L Turbo
Manual,Renault KWID,2017.0,Jaipur,Petrol,Hatchback,First Owner,40000.0,Petrol Engine
Manual,Renault KWID,2019.0,Jaipur,Petrol,Hatchback,First Owner,37478.0,0.8 SCe
Manual,Maruti Alto 800,2021.0,Jaipur,CNG,Hatchback,First Owner,32972.0,F8D Petrol Engine
Manual,Maruti Eeco,2022.0,Jaipur,CNG,Minivans,First Owner,30000.0,G12B
Automatic,Maruti Swift,2022.0,Jaipur,Petrol,Hatchback,First Owner,3120.0,K Series Dual jet
Manual,Volkswagen Vento,2022.0,Jaipur,Petrol,Sedan,First Owner,20972.0,TSI Petrol Engine
Manual,Volkswagen Polo,2018.0,Jaipur,Petrol,Hatchback,First Owner,60000.0,MPI Petrol Engine
Manual,Hyundai Verna,2012.0,Jaipur,Diesel,Sedan,First Owner,120000.0,Diesel Engine 
Automatic,Jeep Compass,2018.0,Jaipur,Petrol,SUV,First Owner,20000.0,1.4-Litre 4-Cyl Multiair Engine
Manual,Hyundai EON,2013.0,Jaipur,Petrol,Hatchback,Second Owner,70000.0,Petrol Engine
Manual,Maruti Swift Dzire,2012.0,Jaipur,Petrol,Sedan,Third Owner,80000.0,K Series VVT Engine
Automatic,Tata Nexon,2021.0,Jaipur,Petrol,SUV,First Owner,38323.0,1.2l Turbocharged Revotron Engine
Manual,Maruti Swift Dzire,2020.0,Jaipur,Petrol,Sedan,First Owner,120000.0,
Manual,Renault KWID,2019.0,Jaipur,Petrol,Hatchback,First Owner,40000.0,Petrol Engine
Automatic,Skoda Superb,2020.0,Jaipur,Petrol,Sedan,First Owner,50000.0,2.0L Turbocharged Petrol
Manual,Mahindra XUV300,2019.0,Jaipur,Diesel,SUV,First Owner,60000.0,1.5 Diesel Engine
Automatic,Hyundai Santa Fe,2014.0,Jaipur,Diesel,SUV,First Owner,90000.0,CRDi Diesel Engine
Automatic,Hyundai Grand i10,2016.0,Jaipur,Petrol,Hatchback,First Owner,72842.0,Kappa VTVT Petrol Engine
Manual,Maruti Wagon R,2018.0,Jaipur,Petrol,Hatchback,Second Owner,16338.0,K10B Petrol Engine
Manual,Kia Seltos,2020.0,Jaipur,Diesel,SUV,First Owner,49017.0,1.5 L CRDi VGT
Manual,Maruti Wagon R,2010.0,Jaipur,LPG,Hatchback,Second Owner,80000.0,In-Line Engine
Manual,Tata Nano,2011.0,Jaipur,Petrol,Hatchback,Third Owner,30000.0,Motronic engine managemen
Manual,Toyota Innova,2014.0,Jaipur,Diesel,MUV,First Owner,120000.0,2KD-FTV Diesel Engine
Automatic,Hyundai Verna,2019.0,Jaipur,Diesel,Sedan,First Owner,79828.0,U2 VGT Diesel Engine
Manual,Ford Figo,2014.0,Jaipur,Diesel,Hatchback,Second Owner,120000.0,Duratorq Diesel Engine
Manual,Volkswagen Polo,2016.0,Jaipur,Petrol,Hatchback,Second Owner,59000.0,MPI Petrol Engine
Manual,Chevrolet Beat,2011.0,Jaipur,Petrol,Hatchback,Fourth Owner,120000.0,Smartech Engine
Manual,Maruti Ritz,2010.0,Jaipur,Diesel,Hatchback,Second Owner,90000.0,In-Line Engine
Manual,Maruti Alto K10,2012.0,Jaipur,Petrol,Hatchback,Second Owner,40000.0,K Series Petrol Engine
Manual,Honda City,2010.0,Jaipur,Petrol,Sedan,First Owner,70000.0,In-Line Engine
Manual,Mahindra Bolero Camper,2022.0,Jaipur,Diesel,Pickup Trucks,First Owner,10000.0,m2DiCR 4 Cyl 2.5L TB
Manual,Mahindra Scorpio,2015.0,Jaipur,Diesel,SUV,Second Owner,120000.0,m2DiCR Diesel Engine
Manual,Honda Amaze,2013.0,Jaipur,Petrol,Sedan,First Owner,52034.0,i-VTEC Petrol Engine
Manual,Renault KWID,2015.0,Jaipur,Petrol,Hatchback,Second Owner,45979.0,Petrol Engine
Manual,Honda Amaze,2019.0,Jaipur,Petrol,Sedan,First Owner,10000.0,i-VTEC Petrol Engine
Manual,Hyundai i20,2013.0,Jaipur,Petrol,Hatchback,First Owner,68551.0,Kappa VTVT Petrol Engine
Manual,Tata Tiago,2019.0,Jaipur,Petrol,Hatchback,First Owner,68766.0,Revotron Engine
Manual,Tata New Safari,2012.0,Jaipur,Diesel,SUV,First Owner,80000.0,DICOR Engine
Manual,Maruti Swift Dzire,2020.0,Jaipur,Petrol,Sedan,Second Owner,20000.0,
Manual,Hyundai Verna,2016.0,Jaipur,Diesel,Sedan,Second Owner,120000.0,U2 VGT Diesel Engine
Manual,Hyundai Verna,2015.0,Jaipur,Diesel,Sedan,Second Owner,120000.0,Diesel Engine
Manual,Mahindra Bolero,2010.0,Jaipur,Diesel,MUV,Fifth Owner,120000.0,In-Line Engine
Manual,Ford Ecosport,2019.0,Jaipur,Diesel,SUV,First Owner,71000.0,TDCi Diesel Engine
Manual,Volkswagen Vento,2014.0,Jaipur,Diesel,Sedan,First Owner,53000.0,Common Rail Diesel Engine
Manual,Volkswagen Polo,2017.0,Jaipur,Diesel,Hatchback,Second Owner,75000.0,TDI Diesel Engine
Manual,Maruti Wagon R,2020.0,Jaipur,Petrol,Hatchback,First Owner,23573.0,K10B Petrol Engine
Manual,Ford Ecosport,2018.0,Jaipur,Diesel,SUV,First Owner,76200.0,TDCi Diesel Engine
Automatic,Hyundai Santro Xing,2007.0,Jaipur,Petrol,Hatchback,First Owner,85000.0,In-Line Engine
Manual,Maruti Alto K10,2014.0,Jaipur,Petrol,Hatchback,First Owner,62000.0,K10C
Automatic,Hyundai Aura,2020.0,Jaipur,Petrol,Sedan,First Owner,16603.0,1.2 l Kappa dual petrol
Manual,Hyundai EON,2018.0,Jaipur,Petrol,Hatchback,First Owner,43571.0,Petrol Engine
Manual,Maruti Alto 800,2020.0,Jaipur,Petrol,Hatchback,First Owner,28328.0,F8D Petrol Engine
Manual,Maruti Swift,2014.0,Jaipur,Diesel,Hatchback,First Owner,115000.0,DDiS 190 Engine
Manual,Honda WR-V,2017.0,Jaipur,Petrol,SUV,First Owner,40282.0,i-VTEC Petrol Engine
Manual,Maruti Alto 800,2016.0,Jaipur,Petrol,Hatchback,First Owner,57826.0,F8D Petrol Engine
Manual,Volkswagen Polo,2016.0,Jaipur,Petrol,Hatchback,First Owner,85400.0,MPI Petrol Engine
Manual,Hyundai i20,2014.0,Jaipur,Petrol,Hatchback,Second Owner,74000.0,Kappa VTVT Petrol Engine
Manual,Mahindra Bolero Power Plus,2018.0,Jaipur,Diesel,SUV,First Owner,66000.0,mHAWK D70 Diesel Engine
Automatic,Maruti Vitara Brezza,2018.0,Jaipur,Diesel,SUV,First Owner,65580.0,DDiS 200 Diesel Engine
Manual,Volkswagen Polo,2014.0,Jaipur,Diesel,Hatchback,Second Owner,91200.0,TDI Diesel Engine
Manual,Ford Ecosport,2015.0,Jaipur,Diesel,SUV,Second Owner,65000.0,TDCi Diesel Engine
Manual,Hyundai i20,2017.0,Jaipur,Diesel,Hatchback,Second Owner,84250.0,U2 CRDI Diesel Engine
Manual,Maruti Swift,2007.0,Jaipur,Diesel,Hatchback,Third Owner,93155.0,In-Line Engine
Automatic,BMW 3 Series,2014.0,Jaipur,Diesel,Sedan,Second Owner,79412.0,Diesel Engine
Manual,Skoda Rapid,2019.0,Jaipur,Diesel,Sedan,First Owner,68140.0,Diesel Engine
Automatic,Kia Carens,2022.0,Jaipur,Petrol,MUV,First Owner,16293.0,Smartstream G1.4 T-GDi
Manual,Maruti Ritz,2014.0,Jaipur,Diesel,Hatchback,Second Owner,79883.0,DDiS Diesel Engine 
Manual,Jeep Compass,2020.0,Jaipur,Diesel,SUV,First Owner,9000.0,2.0-Litre 4-Cyl Multijet II Engine
Manual,Hyundai Getz,2007.0,Jaipur,Petrol,Hatchback,First Owner,100048.0,In-Line Engine
Manual,Honda Amaze,2014.0,Jaipur,Diesel,Sedan,First Owner,110712.0,i-DTEC Diesel Engine
Automatic,Tata Tiago,2017.0,Jaipur,Petrol,Hatchback,First Owner,67653.0,Revotron Engine
Manual,Hyundai i10,2015.0,Jaipur,Petrol,Hatchback,First Owner,58066.0,IRDE2 Engine
Automatic,Jaguar XF,2017.0,Jaipur,Diesel,Sedan,Second Owner,83000.0,Diesel Engine 
Manual,Honda Amaze,2019.0,Jaipur,Petrol,Sedan,First Owner,71053.0,i-VTEC Petrol Engine
Manual,Volkswagen Polo,2018.0,Jaipur,Diesel,Hatchback,Second Owner,76977.0,TDI Diesel Engine
Manual,Tata Indica,2009.0,Jaipur,Diesel,Hatchback,First Owner,150729.0,In-Line Engine
Automatic,Mercedes-Benz M-Class,2016.0,Jaipur,Diesel,SUV,First Owner,115000.0,Diesel Engine
Automatic,Kia Carens,2022.0,Jaipur,Diesel,MUV,First Owner,15000.0,1.5L CRDi VGT
Manual,Honda New Accord,2007.0,Jaipur,Petrol,Sedan,First Owner,144103.0,In-Line Engine
Manual,Honda Amaze,2022.0,Jaipur,Petrol,Sedan,First Owner,19726.0,i-VTEC
Automatic,Audi Q5,2013.0,Jaipur,Diesel,SUV,First Owner,60267.0,TDI Quattro Engine 
Manual,Hyundai Elantra,2013.0,Jaipur,Diesel,Sedan,First Owner,120931.0,VGT Diesel Engine
Manual,Tata Nexon,2022.0,Jaipur,Petrol,SUV,First Owner,12111.0,1.2l Turbocharged Revotron Engine
Manual,Chevrolet Cruze,2016.0,Jaipur,Diesel,Sedan,First Owner,121671.0,VCDi Diesel Engine
Automatic,Maruti Vitara Brezza,2019.0,Jaipur,Diesel,SUV,First Owner,65573.0,DDiS 200 Diesel Engine
Manual,Hyundai i10,2009.0,Jaipur,Petrol,Hatchback,First Owner,52887.0,DOHC Engine
Automatic,Honda CR-V,2015.0,Jaipur,Petrol,SUV,First Owner,48457.0,i-VTEC Petrol Engine
Manual,Nissan Micra Active,2013.0,Jaipur,Petrol,Hatchback,First Owner,51088.0,In Line Petrol Engine
Manual,Maruti Wagon R,2015.0,Jaipur,Petrol,Hatchback,First Owner,,K10B Petrol Engine
Manual,Kia Seltos,2021.0,Jaipur,Petrol,SUV,First Owner,22000.0,SMARTSTREAM G1.5
Manual,Hyundai Verna,2018.0,Jaipur,Petrol,Sedan,First Owner,45316.0,VTVT Petrol Engine
Automatic,Kia Seltos,2019.0,Jaipur,Petrol,SUV,First Owner,16858.0,Smartstream G1.4
Manual,Toyota Innova,2014.0,Jaipur,Diesel,MUV,First Owner,105000.0,2KD-FTV Diesel Engine
Manual,Renault KWID,2019.0,Jaipur,Petrol,Hatchback,First Owner,31850.0,0.8 SCe
Manual,Honda Amaze,2013.0,Jaipur,Diesel,Sedan,First Owner,135213.0,i-DTEC Diesel Engine
Manual,Honda Amaze,2014.0,Jaipur,Diesel,Sedan,First Owner,88378.0,i-DTEC Diesel Engine
Manual,Maruti Swift Dzire,2016.0,Jaipur,Diesel,Sedan,First Owner,191867.0,DDiS Diesel Engine
Manual,Maruti Swift Dzire,2012.0,Jaipur,Diesel,Sedan,First Owner,65808.0,DDiS Diesel Engine
Manual,Nissan Magnite,2021.0,Jaipur,Petrol,SUV,First Owner,20135.0,B4D 1.0 NA PETROL
Automatic,Skoda Octavia,2019.0,Jaipur,Petrol,Sedan,First Owner,29882.0,1.8TSI Petrol Engine
Automatic,MG Hector,2020.0,Jaipur,Petrol,SUV,First Owner,33831.0,
Manual,Maruti Wagon R,2018.0,Jaipur,Petrol,Hatchback,First Owner,61334.0,K10B Petrol Engine
Automatic,BMW 3 Series,2017.0,Jaipur,Diesel,Sedan,Third Owner,69383.0,TwinPower Turbo 4 Cylinder Engine
Manual,Mahindra Scorpio,2009.0,Jaipur,Diesel,SUV,Fourth Owner,157312.0, mHawk CRDe Engine
Manual,Hyundai i20,2017.0,Jaipur,Petrol,Hatchback,First Owner,51531.0,Kappa VTVT Petrol Engine
Manual,Kia Seltos,2019.0,Jaipur,Diesel,SUV,First Owner,88098.0,1.5 L CRDi VGT
Manual,Honda BR-V,2016.0,Jaipur,Diesel,SUV,First Owner,96000.0,i DTEC Diesel Engine
Manual,Hyundai Venue,2019.0,Jaipur,Diesel,SUV,First Owner,77901.0,
Manual,Skoda Laura,2008.0,Jaipur,Diesel,Sedan,First Owner,133946.0,In-Line Engine
Manual,Hyundai i10,2016.0,Jaipur,Petrol,Hatchback,First Owner,70593.0,IRDE2 Engine
Manual,Hyundai i20,2015.0,Jaipur,Petrol,Hatchback,First Owner,82556.0,Kappa VTVT Petrol Engine
Manual,Maruti Wagon R,2009.0,Jaipur,Petrol,Hatchback,First Owner,42160.0,FC Petrol Engine
Manual,Maruti Swift Dzire,2018.0,Jaipur,Diesel,Sedan,First Owner,99367.0,DDiS Diesel Engine
Manual,Hyundai Verna,2018.0,Jaipur,Petrol,Sedan,First Owner,95329.0,VTVT Petrol Engine
Manual,Maruti Swift Dzire,2015.0,Jaipur,Petrol,Sedan,First Owner,72000.0,K Series VVT Engine
Manual,Hyundai i20,2011.0,Jaipur,Diesel,Hatchback,Fourth Owner,137537.0,Diesel
Manual,Honda City,2014.0,Jaipur,Diesel,Sedan,First Owner,98000.0,i DTEC Diesel Engine 
Manual,Chevrolet Cruze,2010.0,Jaipur,Diesel,Sedan,Third Owner,152098.0,"4 Cylinder, VCDi"
Manual,Renault Scala,2013.0,Jaipur,Diesel,Sedan,First Owner,88329.0,dCi Diesel Engine 
Automatic,Toyota Fortuner,2016.0,Jaipur,Diesel,SUV,Second Owner,126000.0,4 Cylinders In-line
Manual,Maruti Ritz,2009.0,Jaipur,Petrol,Hatchback,Second Owner,114866.0,K Series Petrol Engine 
Manual,Maruti Baleno,2021.0,Jaipur,Petrol,Hatchback,First Owner,27723.0,1.2L VVT Engine
Automatic,Toyota Corolla Altis,2009.0,Jaipur,Petrol,Sedan,First Owner,57847.0,DOHC Dual VVT-i Petrol En
Manual,Hyundai Verna,2021.0,Jaipur,Petrol,Sedan,First Owner,46557.0,1.5 l MPi petrol
Manual,Maruti Wagon R,2016.0,Jaipur,Petrol,Hatchback,First Owner,37983.0,K10B Petrol Engine
Manual,Maruti Alto,2010.0,Jaipur,Petrol,Hatchback,Fourth Owner,152783.0,In-Line Engine
Automatic,Mercedes-Benz C-Class,2012.0,Jaipur,Diesel,Sedan,First Owner,69856.0,CDI Blue Efficiency Engin
Automatic,Audi Q5,2013.0,Jaipur,Diesel,SUV,First Owner,60091.0,TDI Quattro Engine 
Manual,Maruti Swift,2017.0,Jaipur,Petrol,Hatchback,First Owner,50501.0,K Series VVT Engine
Automatic,Hyundai Aura,2020.0,Jaipur,Petrol,Sedan,First Owner,16603.0,1.2 l Kappa dual petrol
Manual,Maruti Celerio,2020.0,Jaipur,CNG,Hatchback,First Owner,40960.0,K10C
Manual,Hyundai Grand i10,2018.0,Jaipur,Petrol,Hatchback,First Owner,65000.0,Kappa VTVT Petrol Engine
Manual,Maruti Swift,2014.0,Jaipur,Diesel,Hatchback,First Owner,74232.0,DDiS Diesel Engine
Manual,Maruti Wagon R,2015.0,Jaipur,Petrol,Hatchback,First Owner,38892.0,K10B Petrol Engine
Automatic,Hyundai Verna,2016.0,Jaipur,Diesel,Sedan,Second Owner,72602.0,U2 VGT Diesel Engine 
Automatic,BMW X5,2014.0,Jaipur,Diesel,SUV,First Owner,82882.0,xDrive30d Diesel Engine
Manual,Audi Q3,2017.0,Jaipur,Diesel,SUV,Second Owner,79329.0,TDI Diesel Engine
Manual,Maruti Swift Dzire,2013.0,Jaipur,Petrol,Sedan,First Owner,63959.0,K Series VVT Engine
Manual,Tata Altroz,2022.0,Jaipur,Petrol,Hatchback,First Owner,10801.0,1.2 l Revotron
Manual,Toyota Fortuner,2015.0,Jaipur,Diesel,SUV,Second Owner,86580.0,D-4D Diesel Engine
Automatic,Skoda Rapid,2015.0,Jaipur,Petrol,Sedan,Second Owner,30751.0,Petrol Engine
Manual,Maruti Wagon R,2014.0,Jaipur,Petrol,Hatchback,First Owner,151231.0,K10B Petrol Engine
Manual,Kia Seltos,2020.0,Jaipur,Diesel,SUV,First Owner,49000.0,1.5 L CRDi VGT
Automatic,Kia Seltos,2019.0,Jaipur,Petrol,SUV,First Owner,49000.0,Smartstream G1.4
Automatic,Mercedes-Benz C-Class,2006.0,Jaipur,Diesel,Sedan,Third Owner,147640.0,CDI Blue Efficiency Engin
Automatic,Audi A4,2013.0,Jaipur,Diesel,Sedan,First Owner,55000.0,In Line Engine
Manual,Honda WR-V,2022.0,Jaipur,Petrol,SUV,First Owner,17284.0,i-VTEC
Manual,Hyundai Xcent,2014.0,Jaipur,Diesel,Sedan,Third Owner,100076.0,U2 CRDI Diesel  Engine
Manual,Chevrolet Spark,2011.0,Jaipur,Petrol,Hatchback,Second Owner,105180.0,In-Line Engine
Manual,Maruti Alto 800,2018.0,Jaipur,Petrol,Hatchback,First Owner,85648.0,F8D Petrol Engine
Manual,Maruti Swift,2018.0,Jaipur,Petrol,Hatchback,First Owner,97229.0,K Series Dual jet
Manual,Maruti Baleno,2016.0,Jaipur,Diesel,Hatchback,First Owner,74850.0,DDiS Diesel Engine
Manual,Maruti S-Presso,2022.0,Jaipur,CNG,Hatchback,First Owner,18484.0,K10B
Manual,Maruti Swift,2018.0,Jaipur,Petrol,Hatchback,First Owner,52509.0,K Series Dual jet
Manual,Hyundai Accent,2006.0,Jaipur,Petrol,Sedan,Second Owner,94970.0,In-Line Engine
Manual,Hyundai i10,2016.0,Jaipur,Petrol,Hatchback,Second Owner,57000.0,DOHC Kappa2 Engine
Manual,Skoda Rapid,2018.0,Jaipur,Diesel,Sedan,First Owner,91547.0,Diesel Engine
Manual,Maruti Swift Dzire,2011.0,Jaipur,Petrol,Sedan,First Owner,42601.0,In-Line Engine
Manual,Maruti Ertiga,2013.0,Jaipur,Diesel,MUV,First Owner,208978.0,DDiS Diesel Engine
Automatic,Kia Seltos,2019.0,Jaipur,Diesel,SUV,First Owner,31262.0,1.5L CRDi VGT
Manual,Ford Ecosport,2018.0,Jaipur,Diesel,SUV,First Owner,72000.0,TDCi Diesel Engine
Manual,Nissan Terrano,2014.0,Jaipur,Diesel,SUV,First Owner,152633.0,K9K Diesel Engine
Manual,Hyundai i20,2017.0,Jaipur,Petrol,Hatchback,First Owner,70000.0,Kappa VTVT Petrol Engine
Automatic,Audi A3,2018.0,Jaipur,Petrol,Sedan,First Owner,54737.0,TFSI Petrol Engine
Manual,Mahindra XUV500,2020.0,Jaipur,Diesel,SUV,First Owner,97845.0,mHawk Diesel Engine
Manual,Maruti Swift,2022.0,Jaipur,Petrol,Hatchback,First Owner,18240.0,K Series Dual jet
Manual,Hyundai Santro,,Jaipur,Petrol,Hatchback,Third Owner,81700.0,
Manual,Tata Safari Storme,2015.0,Jaipur,Diesel,SUV,Second Owner,90000.0,VTT VARICOR Diesel Engine
Automatic,Jaguar XJ,2014.0,Jaipur,Diesel,Sedan,First Owner,65262.0,Diesel Engine
Manual,Hyundai Verna,2018.0,Jaipur,Petrol,Sedan,First Owner,86703.0,VTVT Petrol Engine
Manual,Skoda Slavia,2022.0,Jaipur,Petrol,Sedan,First Owner,16000.0,1.0 L TSI Petrol
Manual,Hyundai EON,2018.0,Jaipur,Petrol,Hatchback,First Owner,48409.0,Petrol Engine
Manual,Maruti Swift,2012.0,Jaipur,Petrol,Hatchback,First Owner,102912.0,K Series Dual jet
Manual,Renault KWID,2019.0,Jaipur,Petrol,Hatchback,First Owner,37025.0,0.8 SCe
Manual,Nissan Micra Active,2015.0,Jaipur,Petrol,Hatchback,First Owner,164910.0,In Line Petrol Engine
Manual,Volkswagen Vento,2012.0,Jaipur,Diesel,Sedan,Second Owner,68243.0,Common Rail Diesel Engine
Manual,Hyundai i10,2012.0,Jaipur,Petrol,Hatchback,First Owner,110728.0,DOHC Kappa2 Engine
Manual,Hyundai Verna,2020.0,Jaipur,Diesel,Sedan,First Owner,69492.0,1.5 l U2 CRDi diesel
Manual,Maruti Swift,2013.0,Jaipur,Diesel,Hatchback,First Owner,72480.0,DDiS Diesel Engine
Manual,Hyundai i20,2016.0,Jaipur,Petrol,Hatchback,First Owner,120094.0,Kappa VTVT Petrol Engine
Manual,Maruti Swift,2013.0,Jaipur,Diesel,Hatchback,Third Owner,118149.0,DDiS Diesel Engine
Automatic,Kia Seltos,2020.0,Jaipur,Petrol,SUV,First Owner,29000.0,SMARTSTREAM G1.5
Automatic,Honda Brio,2015.0,Jaipur,Petrol,Hatchback,Third Owner,68000.0,i-VTEC Engine
Automatic,Tata Nexon EV,2021.0,Jaipur,Electric,SUV,First Owner,55463.0,
Automatic,Tata Nexon EV,2022.0,Jaipur,Electric,SUV,First Owner,26455.0,
Manual,Maruti Omni,2014.0,Jaipur,Petrol,Minivans,Third Owner,45663.0,In-Line Engine
Manual,Maruti Alto 800,2012.0,Jaipur,Petrol,Hatchback,First Owner,62626.0,F8D Petrol Engine
Manual,Maruti Eeco,2022.0,Jaipur,CNG,Minivans,First Owner,32317.0,G12B
Manual,Hyundai i20,2010.0,Jaipur,Petrol,Hatchback,Second Owner,65733.0,In-Line Engine
Manual,Tata Altroz,2020.0,Jaipur,Petrol,Hatchback,First Owner,21388.0,1.2 l Revotron
Automatic,Maruti Swift Dzire,2019.0,Jaipur,Diesel,Sedan,Third Owner,71448.0,DDiS Diesel Engine
Automatic,MG ZS EV,2022.0,Jaipur,Electric,SUV,First Owner,10371.0,
Manual,Honda Amaze,2018.0,Jaipur,Petrol,Sedan,First Owner,63385.0,i-VTEC Petrol Engine
Manual,Hyundai i20,2019.0,Jaipur,Petrol,Hatchback,First Owner,60048.0,Kappa VTVT Petrol Engine
Automatic,Tata Tigor EV,2022.0,Jaipur,Electric,Sedan,First Owner,44351.0,
Manual,Hyundai EON,2015.0,Jaipur,Petrol,Hatchback,First Owner,45926.0,Petrol Engine
Manual,Maruti Vitara Brezza,2021.0,Jaipur,Petrol,SUV,First Owner,19876.0,K15B Petrol Engine
Manual,Hyundai i20,2017.0,Jaipur,Diesel,Hatchback,First Owner,69000.0,U2 CRDI Diesel Engine
Manual,Maruti Vitara Brezza,2021.0,Jaipur,Petrol,SUV,First Owner,65000.0,K15B Petrol Engine
Manual,Hyundai Grand i10,2015.0,Jaipur,Petrol,Hatchback,First Owner,37386.0,Kappa VTVT Petrol Engine
Manual,Maruti Baleno,2020.0,Jaipur,Petrol,Hatchback,First Owner,104590.0,1.2L VVT Engine
Manual,Maruti Swift Dzire,2021.0,Jaipur,Petrol,Sedan,First Owner,57794.0,
Manual,Ford Ecosport,2015.0,Jaipur,Diesel,SUV,First Owner,105072.0,TDCi Diesel Engine
Manual,Honda Civic,2007.0,Jaipur,Petrol,Sedan,Third Owner,176550.0,In-Line
Manual,Hyundai Verna,2016.0,Jaipur,Diesel,Sedan,First Owner,52000.0,U2 VGT Diesel Engine 
Manual,Tata Altroz,2020.0,Jaipur,Petrol,Hatchback,First Owner,26124.0,1.2 l Revotron
Manual,Maruti Ciaz,2018.0,Jaipur,Petrol,Sedan,First Owner,35925.0,k14B VVT Engine
Manual,Mahindra Renault Logan,2008.0,Jaipur,Petrol,Sedan,Second Owner,64816.0,In-Line Engine
Manual,Mahindra Bolero,2008.0,Jaipur,Diesel,MUV,Fourth Owner,92701.0,In-Line Engine
Manual,Maruti Celerio,2019.0,Jaipur,Petrol,Hatchback,First Owner,38439.0,K10C
Manual,Ford Ecosport,2017.0,Jaipur,Petrol,SUV,First Owner,45531.0,Ti-VCT Petrol Engine
Manual,Maruti Swift Dzire,2021.0,Jaipur,Petrol,Sedan,First Owner,33000.0,
Manual,Maruti Swift,2015.0,Jaipur,Petrol,Hatchback,Second Owner,71098.0,K Series Dual jet
Manual,Mahindra XUV500,2014.0,Jaipur,Diesel,SUV,First Owner,99432.0,mHawk Diesel Engine
Manual,Maruti Esteem,2005.0,Jaipur,Petrol,Sedan,Second Owner,44777.0,
Automatic,Renault KWID,2020.0,Jaipur,Petrol,Hatchback,Second Owner,24068.0,Petrol Engine
Manual,Ford Figo,2013.0,Jaipur,Diesel,Hatchback,Third Owner,85445.0,Duratorq Diesel Engine
Automatic,Volkswagen Jetta,2008.0,Jaipur,Diesel,Sedan,Fourth Owner,112097.0,In-Line Engine
Manual,Hyundai Grand i10,2017.0,Jaipur,Diesel,Hatchback,First Owner,80008.0,U2 CRDi  Diesel Engine
Manual,Volkswagen Vento,2013.0,Jaipur,Diesel,Sedan,Second Owner,96496.0,Common Rail Diesel Engine
Manual,Nissan Terrano,2014.0,Jaipur,Diesel,SUV,First Owner,75744.0,K9K Diesel Engine
Automatic,Maruti Ignis,2017.0,Jaipur,Diesel,Hatchback,First Owner,70000.0,1.3-Litre DDiS Diesel Engine
Manual,Hyundai i20 Active,2015.0,Jaipur,Diesel,Hatchback,First Owner,85000.0,U2 CRDI Diesel Engine
Manual,Maruti Alto 800,2022.0,Jaipur,Petrol,Hatchback,First Owner,15092.0,F8D Petrol Engine
Manual,Honda Amaze,2014.0,Jaipur,Petrol,Sedan,Third Owner,117131.0,i-VTEC Petrol Engine
Automatic,Maruti Wagon R Stingray,2016.0,Jaipur,Petrol,Hatchback,Second Owner,32802.0,K 10B Petrol Engine
Manual,Maruti Baleno,2016.0,Jaipur,Petrol,Hatchback,First Owner,39201.0,VVT Petrol Engine
Automatic,Kia Seltos,2019.0,Jaipur,Diesel,SUV,First Owner,101884.0,1.5L CRDi VGT
Manual,Maruti Swift,2014.0,Jaipur,Diesel,Hatchback,Second Owner,152702.0,DDiS Diesel Engine
Manual,Hyundai EON,2014.0,Jaipur,Petrol,Hatchback,First Owner,74729.0,Petrol Engine
Manual,Tata Nexon,2022.0,Jaipur,Petrol,SUV,First Owner,9009.0,1.2l Turbocharged Revotron Engine
Manual,Maruti SX4 S Cross,2020.0,Jaipur,Petrol,SUV,First Owner,10785.0,K15B Smart Hybrid
Manual,Hyundai Grand i10,2017.0,Jaipur,Petrol,Hatchback,First Owner,85374.0,Kappa VTVT Petrol Engine
Manual,Hyundai i10,2011.0,Jaipur,Petrol,Hatchback,First Owner,36495.0,Kappa Petrol Engine
Manual,Volkswagen Polo,2012.0,Jaipur,Diesel,Hatchback,Second Owner,57095.0,In-Line Diesel Engine
Manual,Hyundai i20,2022.0,Jaipur,Diesel,Hatchback,First Owner,20199.0,1.5 l U2 diesel
Manual,Renault KWID,2022.0,Jaipur,Petrol,Hatchback,First Owner,1782.0,1.0 SCe
Manual,Hyundai Creta,2017.0,Jaipur,Petrol,SUV,First Owner,182946.0,VTVT Petrol Engine
Manual,Renault KWID,2019.0,Jaipur,Petrol,Hatchback,First Owner,20685.0,Petrol Engine
Manual,Hyundai EON,2015.0,Jaipur,Petrol,Hatchback,First Owner,51284.0,Petrol Engine
Manual,Maruti Ertiga,2020.0,Jaipur,Petrol,MUV,First Owner,83000.0,K15 Smart Hybrid
Manual,Maruti Alto 800,2019.0,Jaipur,Petrol,Hatchback,First Owner,36661.0,F8D Petrol Engine
Manual,Mahindra Thar,2022.0,Jaipur,Petrol,SUV,First Owner,44143.0,mStallion 150 TGDi Engine
Manual,Honda City,2006.0,Jaipur,Petrol,Sedan,Fourth Owner,108168.0,In-Line Engine
Automatic,Maruti Alto K10,2018.0,Jaipur,Petrol,Hatchback,First Owner,69475.0,K Series Petrol Engine
Manual,Mahindra XUV500,2013.0,Jaipur,Diesel,SUV,Second Owner,96294.0,mHawk Diesel Engine
Manual,Hyundai Creta,2017.0,Jaipur,Petrol,SUV,First Owner,48000.0,VTVT Petrol Engine
Manual,Maruti Vitara Brezza,2018.0,Jaipur,Diesel,SUV,First Owner,34970.0,DDiS 200 Diesel Engine
Manual,Hyundai Aura,2020.0,Jaipur,Petrol,Sedan,First Owner,49931.0,1.2 l Kappa dual petrol
Manual,Maruti Baleno,2018.0,Jaipur,Petrol,Hatchback,First Owner,49500.0,VVT Petrol Engine
Automatic,Kia Seltos,2019.0,Jaipur,Diesel,SUV,First Owner,44376.0,1.5 L CRDi VGT
Manual,Maruti Swift,2018.0,Jaipur,Diesel,Hatchback,First Owner,49225.0,DDiS 190 Engine
Manual,Tata Tiago,2020.0,Jaipur,Petrol,Hatchback,First Owner,68843.0,1.2 L Revotron
Manual,Maruti Wagon R,2009.0,Jaipur,Petrol,Hatchback,First Owner,60318.0,K10B Petrol Engine
Automatic,Maruti Swift,2018.0,Jaipur,Diesel,Hatchback,First Owner,101014.0,DDiS 190 Engine
Automatic,Renault KWID,2020.0,Jaipur,Petrol,Hatchback,Second Owner,44319.0,Petrol Engine
Manual,Volkswagen Polo,2017.0,Jaipur,Petrol,Hatchback,First Owner,49422.0,MPI Petrol Engine
Automatic,Tata Nexon,2021.0,Jaipur,Petrol,SUV,First Owner,44934.0,1.2l Turbocharged Revotron Engine
Manual,Maruti Swift Dzire,2011.0,Jaipur,Diesel,Sedan,First Owner,251066.0,In-Line Engine
Manual,Maruti Ciaz,2017.0,Jaipur,Diesel,Sedan,First Owner,208708.0,DDIS 200 Engine
Manual,Maruti Wagon R,2009.0,Jaipur,LPG,Hatchback,First Owner,75426.0,FC Petrol Engine
Automatic,Hyundai Venue,2020.0,Jaipur,Petrol,SUV,First Owner,36107.0,Kappa 1.0 L Turbo GDi Petrol
Manual,Honda WR-V,2019.0,Jaipur,Petrol,SUV,First Owner,50854.0,i-VTEC Petrol Engine
Manual,Hyundai Grand i10 Nios,2020.0,Jaipur,Petrol,Hatchback,First Owner,7985.0,1.2 Kappa petrol
Manual,Mahindra TUV 300,2017.0,Jaipur,Diesel,SUV,First Owner,47913.0,mHawk 100 Diesel Engine
Manual,Maruti Baleno,2017.0,Jaipur,Petrol,Hatchback,First Owner,138907.0,VVT Petrol Engine
Manual,Maruti Ritz,2010.0,Jaipur,Diesel,Hatchback,First Owner,201161.0,In-Line Engine
Manual,Mahindra XUV500,2015.0,Jaipur,Diesel,SUV,First Owner,124143.0,mHawk Diesel Engine
Manual,Honda Amaze,2017.0,Jaipur,Petrol,Sedan,Second Owner,65396.0,i-VTEC Petrol Engine
Manual,Hyundai i10,2011.0,Jaipur,Petrol,Hatchback,First Owner,45746.0,Kappa Petrol Engine
Manual,Maruti Ciaz,2017.0,Jaipur,Petrol,Sedan,First Owner,90560.0,k14B VVT Engine
Automatic,Honda CR-V,2015.0,Jaipur,Petrol,SUV,First Owner,48350.0,i-VTEC Petrol Engine
Manual,Honda Amaze,2017.0,Jaipur,Diesel,Sedan,First Owner,66000.0,i-DTEC Diesel Engine
Manual,Maruti Alto 800,2022.0,Jaipur,Petrol,Hatchback,First Owner,1989.0,F8D Petrol Engine
Manual,Hyundai EON,2014.0,Jaipur,Petrol,Hatchback,First Owner,110818.0,Petrol Engine
Automatic,Hyundai Creta,2017.0,Jaipur,Diesel,SUV,Second Owner,89000.0,U2 CRDI VGT Engine
Manual,Mahindra KUV 100 NXT,2018.0,Jaipur,Petrol,Hatchback,First Owner,67225.0,mFALCON G80 Engine
Manual,Tata Harrier,2020.0,Jaipur,Diesel,SUV,First Owner,96937.0,Kryotec 2.0LTurbocharged Engine
Manual,Maruti Swift,2010.0,Jaipur,Diesel,Hatchback,First Owner,160145.0,In-Line Engine
Manual,Honda Mobilio,2015.0,Jaipur,Petrol,MUV,First Owner,85017.0,i-VTEC Engine
Manual,Hyundai i10,2009.0,Jaipur,Petrol,Hatchback,First Owner,86719.0,IRDE2 Engine
Manual,Hyundai Santro Xing,2006.0,Jaipur,Petrol,Hatchback,Third Owner,85254.0,
Manual,Tata Manza,2012.0,Jaipur,Diesel,Sedan,Second Owner,106311.0,Diesel Engine
Manual,Honda Brio,2018.0,Jaipur,Petrol,Hatchback,First Owner,66328.0,i-VTEC Engine
Manual,Honda City,,Jaipur,Petrol,Sedan,First Owner,132528.0,In-Line Engine
Automatic,Jaguar XF,2019.0,Jaipur,Diesel,Sedan,First Owner,62285.0,Diesel Engine
Manual,Hyundai i20,2011.0,Jaipur,Diesel,Hatchback,First Owner,183619.0,Diesel
Manual,Mahindra Bolero Power Plus,2019.0,Jaipur,Diesel,SUV,First Owner,27019.0,mHAWK D70 Diesel Engine
Manual,Hyundai i10,2011.0,Jaipur,Petrol,Hatchback,First Owner,46848.0,Kappa Petrol Engine
Manual,Renault Kiger,2021.0,Jaipur,Petrol,SUV,First Owner,16424.0,1.0 L Turbocharged
Manual,Maruti Ciaz,2015.0,Jaipur,Petrol,Sedan,Second Owner,89525.0,k14B VVT Engine
Automatic,Hyundai Creta,2020.0,Jaipur,Diesel,SUV,First Owner,39657.0,1.5L CRDi Diesel
Manual,Skoda Kushaq,2021.0,Jaipur,Petrol,SUV,First Owner,44516.0,1.0 TSI Petrol Engine
Manual,Maruti Swift Dzire,2016.0,Jaipur,Diesel,Sedan,First Owner,129267.0,DDiS Diesel Engine
Manual,Hyundai EON,2017.0,Jaipur,Petrol,Hatchback,First Owner,77497.0,Petrol Engine
Manual,Maruti Swift,2015.0,Jaipur,Diesel,Hatchback,Fourth Owner,74953.0,DDiS Diesel Engine
Manual,Maruti Ciaz,2016.0,Jaipur,Diesel,Sedan,Second Owner,153007.0,DDIS 200 Engine
Manual,Maruti Alto,2008.0,Jaipur,Petrol,Hatchback,Second Owner,75415.0,In-Line Engine
Manual,Maruti Ertiga,2022.0,Jaipur,Petrol,MUV,First Owner,32516.0,K15C Smart Hybrid
Manual,Hyundai Santro Xing,2005.0,Jaipur,Petrol,Hatchback,Second Owner,110833.0,
Manual,Kia Sonet,2022.0,Jaipur,Petrol,SUV,First Owner,49972.0,SMARTSTREAM G1.2
Manual,Maruti Alto,2006.0,Jaipur,Petrol,Hatchback,First Owner,174077.0,In-Line Engine
Manual,Maruti Alto,2011.0,Jaipur,Petrol,Hatchback,Third Owner,72434.0,In-Line Engine
Manual,Ford Aspire,2015.0,Jaipur,Petrol,Sedan,Third Owner,34185.0,Ti-VCT Petrol Engine
Manual,Nissan Magnite,2021.0,Jaipur,Petrol,SUV,Second Owner,29336.0,B4D 1.0 NA PETROL
Manual,Hyundai Grand i10,2015.0,Jaipur,Petrol,Hatchback,First Owner,71501.0, Kappa VTVT Petrol Engine
Manual,Kia Seltos,2019.0,Jaipur,Petrol,SUV,First Owner,68279.0,Smartstream G1.4
Manual,Maruti Swift Dzire,2012.0,Jaipur,Diesel,Sedan,Second Owner,99761.0,DDiS Diesel Engine
Automatic,Kia Seltos,2021.0,Jaipur,Petrol,SUV,First Owner,46865.0,Smartstream G1.4
Manual,Hyundai Grand i10,2014.0,Jaipur,Diesel,Hatchback,First Owner,158924.0,U2 CRDi  Diesel Engine
Manual,Hyundai i20,2014.0,Jaipur,Diesel,Hatchback,First Owner,94905.0,U2 CRDI Diesel Engine
Manual,Honda City,2014.0,Jaipur,Diesel,Sedan,Second Owner,80607.0,i DTEC Diesel Engine 
Automatic,Maruti Swift,2020.0,Jaipur,Petrol,Hatchback,Second Owner,33055.0,VTVT Engine
Manual,Mahindra XUV500,2012.0,Jaipur,Diesel,SUV,Second Owner,91873.0,mHawk Diesel Engine
Manual,Chevrolet Optra,2007.0,Jaipur,Petrol,Sedan,First Owner,72117.0,In-Line Engine
Manual,Mahindra XUV500,2012.0,Jaipur,Diesel,SUV,First Owner,160351.0,mHawk Diesel Engine
Manual,Maruti Vitara Brezza,2018.0,Jaipur,Diesel,SUV,First Owner,68280.0,DDiS 200 Diesel Engine
Manual,Maruti Alto K10,2018.0,Jaipur,Petrol,Hatchback,First Owner,47008.0,K Series Petrol Engine
Manual,Hyundai Verna,2018.0,Jaipur,Diesel,Sedan,First Owner,104782.0,U2 VGT Diesel Engine
Automatic,Maruti Ertiga,2017.0,Jaipur,Petrol,MUV,Second Owner,107598.0,K14B Petrol Engine
Manual,Hyundai Creta,2019.0,Jaipur,Diesel,SUV,First Owner,90150.0,U2 CRDI Engine
Manual,Maruti Ciaz,2016.0,Jaipur,Diesel,Sedan,Second Owner,77074.0,DDIS 200 Engine
Automatic,Honda Amaze,2021.0,Jaipur,Petrol,Sedan,First Owner,32293.0,i-VTEC
Automatic,Jeep Compass,2018.0,Jaipur,Petrol,SUV,First Owner,69510.0,1.4-Litre 4-Cyl Multiair Engine
Manual,Jeep Compass,2018.0,Jaipur,Diesel,SUV,First Owner,131511.0,2.0-Litre 4-Cyl Multijet II Engine
Manual,Maruti Swift,2012.0,Jaipur,Diesel,Hatchback,Second Owner,145716.0,DDiS Diesel Engine
Manual,Maruti Ciaz,2017.0,Jaipur,Petrol,Sedan,First Owner,38943.0,k14B VVT Engine
Manual,Maruti Zen,2005.0,Jaipur,Petrol,Hatchback,Second Owner,96598.0,In-Line Engine
Automatic,Hyundai Creta,2021.0,Jaipur,Petrol,SUV,First Owner,28807.0,1.5 L MPi Petrol
Automatic,BMW 5 Series,2012.0,Jaipur,Diesel,Sedan,First Owner,107000.0,In-Line Engine
Automatic,Land Rover Range Rover Evoque,2016.0,Jaipur,Diesel,SUV,Second Owner,79331.0,SD4 Diesel Engine
Manual,Kia Sonet,2020.0,Jaipur,Diesel,SUV,First Owner,49503.0,1.5 L CRDi WGT
Manual,Toyota Innova,2014.0,Jaipur,Diesel,MUV,First Owner,137029.0,2KD-FTV Diesel Engine
Automatic,Jeep Compass,2018.0,Jaipur,Petrol,SUV,First Owner,34576.0,1.4-Litre 4-Cyl Multiair Engine
Manual,Mahindra TUV 300,2016.0,Jaipur,Diesel,SUV,First Owner,40220.0,mHawk 100 Diesel Engine
Manual,Maruti Baleno,2018.0,Jaipur,Diesel,Hatchback,First Owner,83083.0,DDiS Diesel Engine
Manual,Toyota Fortuner,2010.0,Jaipur,Diesel,SUV,First Owner,139208.0,4 Cylinders In-line
Manual,Maruti Alto K10,2023.0,Jaipur,Petrol,Hatchback,First Owner,40000.0,K10C
Manual,Maruti Wagon R,2016.0,Jaipur,Petrol,Hatchback,First Owner,50000.0,K10B Petrol Engine
Manual,Maruti Esteem,2005.0,Jaipur,Petrol,Sedan,First Owner,60000.0,In-Line Engine
Manual,Renault Triber,2023.0,Jaipur,Petrol,MUV,First Owner,50000.0,
Manual,Hyundai EON,2011.0,Jaipur,Petrol,Hatchback,First Owner,100000.0,Petrol Engine
Manual,Hyundai EON,2012.0,Jaipur,Petrol,Hatchback,First Owner,120000.0,Petrol Engine
Manual,Ford Figo,2011.0,Jaipur,Petrol,Hatchback,Second Owner,70000.0,Petrol Engine
Manual,Maruti Zen Estilo,2008.0,Jaipur,Petrol,Hatchback,Second Owner,50000.0,K Series Petrol Engine
Manual,Hyundai EON,2011.0,Jaipur,Petrol,Hatchback,First Owner,120000.0,Petrol Engine
Manual,Nissan Magnite,2022.0,Jaipur,Petrol,SUV,First Owner,20000.0,B4D 1.0 NA PETROL
Manual,Renault KWID,2016.0,Jaipur,Petrol,Hatchback,First Owner,40000.0,Petrol Engine
Manual,Maruti A-Star,2010.0,Jaipur,Petrol,Hatchback,First Owner,100000.0,K Series Petrol Engine
Manual,Nissan Magnite,2021.0,Jaipur,Petrol,SUV,First Owner,10000.0,HRA0 1.0 TURBO PETROL
Manual,Maruti Alto,2012.0,Jaipur,CNG,Hatchback,First Owner,60000.0,In Line Engine
Manual,Maruti Alto 800,2021.0,Jaipur,Petrol,Hatchback,First Owner,20000.0,F8D Petrol Engine
Manual,Maruti Swift Dzire,2020.0,Jaipur,Petrol,Sedan,First Owner,30000.0,K Series VVT Engine
Manual,Renault Triber,2020.0,Jaipur,Petrol,MUV,First Owner,70000.0,
Manual,Renault Triber,2020.0,Jaipur,Petrol,MUV,First Owner,70000.0,
Manual,Maruti Wagon R,2009.0,Jaipur,Petrol,Hatchback,Second Owner,50000.0,In-Line Engine
Manual,Maruti Swift,2013.0,Jaipur,Petrol,Hatchback,First Owner,70000.0,K Series Petrol Engine
Manual,Mahindra Bolero Neo,2023.0,Jaipur,Diesel,SUV,First Owner,30000.0,mHAWk100
Automatic,Ford Ecosport,2014.0,Jaipur,Petrol,SUV,Third Owner,50000.0,Ti-VCT Petrol Engine
Manual,Hyundai i20,2011.0,Jaipur,Petrol,Hatchback,First Owner,30000.0,In-Line Engine
Manual,Hyundai Santro Xing,2011.0,Jaipur,Petrol,Hatchback,First Owner,20000.0,Petrol Engine 
Manual,Mahindra XUV300,2022.0,Jaipur,Diesel,SUV,First Owner,20000.0,1.5L Turbo Diesel
Manual,MG Hector,2019.0,Jaipur,Petrol,SUV,First Owner,50000.0,
Manual,Hyundai i20,2012.0,Jaipur,Petrol,Hatchback,First Owner,90000.0,In-Line Engine
Manual,Ford Figo,2011.0,Jaipur,Diesel,Hatchback,Third Owner,60000.0,Diesel Engine
Automatic,Maruti Celerio,2018.0,Jaipur,Petrol,Hatchback,First Owner,100000.0,K10B Engine
Manual,Citroen C3,2022.0,Jaipur,Petrol,Hatchback,First Owner,10000.0,1.2L PureTech Turbo
Manual,Ford Ecosport,2017.0,Jaipur,Diesel,SUV,First Owner,60000.0,TDCi Diesel Engine
Manual,Maruti Vitara Brezza,2021.0,Jaipur,Petrol,SUV,First Owner,40000.0,K15B Petrol Engine
Manual,Ford Figo,2013.0,Jaipur,Diesel,Hatchback,Second Owner,120000.0,Duratorq Diesel Engine
Manual,Ford Figo,2013.0,Jaipur,Diesel,Hatchback,Second Owner,120000.0,Duratorq Diesel Engine
Manual,Kia Seltos,2020.0,Jaipur,Diesel,SUV,First Owner,70000.0,1.5 L CRDi VGT
Manual,Maruti Wagon R,2021.0,Jaipur,Petrol,Hatchback,First Owner,10000.0,K10B Petrol Engine
Automatic,Maruti Alto K10,2018.0,Jaipur,Petrol,Hatchback,Second Owner,50000.0,K Series Petrol Engine
Manual,Tata Nexon,2018.0,Jaipur,Diesel,SUV,Second Owner,50000.0,"Revotorq, 1.5L Turbocharged engine"
Manual,Datsun GO,2016.0,Jaipur,Petrol,Hatchback,First Owner,50000.0,Petrol Engine
Manual,Mahindra Bolero,2021.0,Jaipur,Diesel,SUV,First Owner,30000.0,mHAWK 75 BSVI
Manual,Maruti Swift Dzire,2010.0,Jaipur,Diesel,Sedan,Second Owner,150000.0,In-Line Engine
Automatic,Porsche 911,2020.0,Jaipur,Petrol,Coupe,Second Owner,30000.0,
Manual,Mahindra Bolero Neo,2021.0,Jaipur,Diesel,SUV,First Owner,70000.0,mHAWk100
Manual,Maruti Zen Estilo,2010.0,Jaipur,Petrol,Hatchback,First Owner,90000.0,K Series Petrol Engine
Manual,Maruti Alto,2010.0,Jaipur,Petrol,Hatchback,First Owner,50000.0,In-Line Engine
Manual,Maruti 800,,Jaipur,Petrol,Hatchback,Fourth Owner,80000.0,Hi-Tech Petrol Engine
Manual,Chevrolet Beat,2014.0,Jaipur,Diesel,Hatchback,Second Owner,120000.0,SMARTECH Diesel Engine
Manual,Honda Amaze,2021.0,Jaipur,Petrol,Sedan,First Owner,20000.0,i-VTEC Petrol Engine
Manual,Mahindra Thar,2017.0,Jaipur,Diesel,SUV,Fourth Owner,60000.0,NEF TCI-CRDe Engine
Manual,Honda Amaze,2016.0,Jaipur,Diesel,Sedan,Second Owner,60000.0,i-DTEC Diesel Engine
Manual,Maruti Swift Dzire,2011.0,Jaipur,Petrol,Sedan,Second Owner,70000.0,In-Line Engine
Manual,Maruti Alto,2008.0,Jaipur,Petrol,Hatchback,Third Owner,150000.0,In-Line Engine
Manual,Hyundai i10,2010.0,Jaipur,Petrol,Hatchback,Second Owner,30000.0,DOHC Engine
Manual,Hyundai Accent,2008.0,Jaipur,Petrol,Sedan,First Owner,60000.0,In-Line Engine
Manual,Maruti Ertiga,2017.0,Jaipur,Diesel,MUV,Second Owner,120000.0,D13A SHVS Engine
Manual,Maruti Swift Dzire,2011.0,Jaipur,Petrol,Sedan,First Owner,100000.0,In-Line Engine
Manual,Mahindra Scorpio,2020.0,Jaipur,Diesel,SUV,First Owner,50000.0,mHawk Diesel Engine
Manual,Hyundai Santro Xing,2007.0,Jaipur,Petrol,Hatchback,First Owner,70000.0,In-Line Engine
Manual,Mahindra XUV300,2022.0,Jaipur,Petrol,SUV,First Owner,10000.0,1.2L Petrol
Manual,Mahindra XUV300,2020.0,Jaipur,Petrol,SUV,First Owner,50000.0,1.2L Petrol
Manual,Hyundai EON,2015.0,Jaipur,Petrol,Hatchback,First Owner,80000.0,Petrol Engine
Manual,Maruti Alto 800,2020.0,Jaipur,Petrol,Hatchback,First Owner,40000.0,F8D Petrol Engine
Manual,Maruti Alto,2007.0,Jaipur,Petrol,Hatchback,Second Owner,70000.0,In-Line Engine
Manual,Honda Jazz,2016.0,Jaipur,Diesel,Hatchback,First Owner,150000.0,i-DTEC Diesel Engine
Automatic,Honda Amaze,2021.0,Jaipur,Diesel,Sedan,First Owner,40000.0,i-DTEC Diesel Engine
Manual,Maruti Alto 800,2020.0,Jaipur,Petrol,Hatchback,First Owner,30000.0,F8D Petrol Engine
Manual,Maruti Swift Dzire,2014.0,Jaipur,Petrol,Sedan,First Owner,80000.0,K Series VVT Engine
Manual,Jeep Compass,2017.0,Jaipur,Diesel,SUV,First Owner,80000.0,2.0-Litre 4-Cyl Multijet II Engine
Manual,Honda WR-V,2021.0,Jaipur,Petrol,SUV,First Owner,20000.0,i-VTEC
Manual,Chevrolet Spark,2009.0,Jaipur,Petrol,Hatchback,Second Owner,70000.0,In-Line Engine
Manual,Mahindra XUV500,2012.0,Jaipur,Diesel,SUV,First Owner,120000.0,mHawk Diesel Engine
Manual,Honda WR-V,2022.0,Jaipur,Petrol,SUV,First Owner,20000.0,i-VTEC
Manual,Jeep Compass,2018.0,Jaipur,Diesel,SUV,First Owner,150000.0,2.0-Litre 4-Cyl Multijet II Engine
Manual,Hyundai Aura,2021.0,Jaipur,Petrol,Sedan,First Owner,20000.0,1.2 l Kappa dual petrol
Manual,Maruti 800,2004.0,Jaipur,Petrol,Hatchback,Second Owner,80000.0,Hi-Tech Petrol Engine
Manual,Maruti Vitara Brezza,2017.0,Jaipur,Diesel,SUV,First Owner,90000.0,DDiS 200 Diesel Engine
Manual,Renault KWID,2017.0,Jaipur,Petrol,Hatchback,First Owner,30000.0,Petrol Engine
Manual,Maruti Alto 800,2020.0,Jaipur,Petrol,Hatchback,First Owner,30000.0,F8D Petrol Engine
Manual,Maruti Vitara Brezza,2018.0,Jaipur,Diesel,SUV,Third Owner,40000.0,DDiS 200 Diesel Engine
Manual,Hyundai Accent,2005.0,Jaipur,Petrol,Sedan,Fourth Owner,120000.0,In-Line Engine
Manual,Maruti Wagon R,2006.0,Jaipur,Petrol,Hatchback,Fourth Owner,120000.0,K Series Petrol Engine
Manual,Maruti Wagon R,2009.0,Jaipur,Petrol,Hatchback,Second Owner,60000.0,FC Petrol Engine
Manual,Maruti Swift Dzire,2009.0,Jaipur,Diesel,Sedan,Second Owner,150000.0,In-Line Engine
Manual,Maruti Alto 800,2019.0,Jaipur,Petrol,Hatchback,First Owner,60000.0,F8D Petrol Engine
Manual,Renault Duster,2013.0,Jaipur,Diesel,SUV,First Owner,150000.0,dCi Diesel Engine
Manual,Maruti 800,2006.0,Jaipur,Petrol,Hatchback,Second Owner,80000.0,Hi-Tech Petrol Engine
Manual,Tata New Safari,2009.0,Jaipur,Diesel,SUV,Second Owner,100000.0,16V DOHC VTT DICOR
Manual,Mahindra Bolero Power Plus,2019.0,Jaipur,Diesel,SUV,First Owner,50000.0,mHAWK D70 Diesel Engine
Manual,Chevrolet Beat,2012.0,Jaipur,Diesel,Hatchback,Third Owner,50000.0,Smartech Engine
Manual,Hyundai i10,2008.0,Jaipur,Petrol,Hatchback,Second Owner,60000.0,Kappa Petrol Engine
Manual,Maruti Alto 800,2020.0,Jaipur,Petrol,Hatchback,First Owner,30000.0,F8D Petrol Engine
Manual,Maruti 800,2003.0,Jaipur,Petrol,Hatchback,Fourth Owner,80000.0,Hi-Tech Petrol Engine
Manual,Hyundai Venue,2022.0,Jaipur,Petrol,SUV,Second Owner,10000.0,Kappa 1.0 L Turbo GDi Petrol
Manual,Hyundai Accent,2009.0,Jaipur,LPG,Sedan,Second Owner,150000.0,Bifuel Engine
Automatic,BMW 6 Series,2006.0,Jaipur,Petrol,Coupe,Fourth Owner,40000.0,Petrol Engine 
Manual,Maruti Wagon R,2009.0,Jaipur,Petrol,Hatchback,Second Owner,150000.0,FC Petrol Engine
Manual,Tata Nexon,2019.0,Jaipur,Petrol,SUV,First Owner,60000.0,Revotron 1.2L Turbocharged engine
Manual,Renault Triber,2021.0,Jaipur,Petrol,MUV,First Owner,30000.0,
Manual,Honda City,2009.0,Jaipur,Petrol,Sedan,Second Owner,120000.0,In-Line Engine
Automatic,Tata Nexon,2021.0,Jaipur,Petrol,SUV,First Owner,50000.0,1.2l Turbocharged Revotron Engine
Manual,Maruti Swift,2014.0,Jaipur,Diesel,Hatchback,Second Owner,150000.0,DDiS Diesel Engine
Manual,Maruti Zen Estilo,2007.0,Jaipur,Petrol,Hatchback,Second Owner,150000.0,K Series Petrol Engine
Manual,Maruti Alto 800,2022.0,Jaipur,Petrol,Hatchback,First Owner,10000.0,F8D Petrol Engine
Manual,Kia Seltos,2021.0,Jaipur,Petrol,SUV,First Owner,30000.0,SMARTSTREAM G1.5
Manual,Maruti Baleno,2018.0,Jaipur,Petrol,Hatchback,Second Owner,60000.0,VVT Petrol Engine
Manual,Maruti Baleno,2018.0,Jaipur,Petrol,Hatchback,Second Owner,60000.0,VVT Petrol Engine
Manual,Maruti Alto 800,2018.0,Jaipur,Petrol,Hatchback,First Owner,50000.0,F8D Petrol Engine
Manual,Maruti Celerio,2014.0,Jaipur,Petrol,Hatchback,Second Owner,120000.0,K10B Engine
Manual,Mahindra XUV500,2013.0,Jaipur,Diesel,SUV,First Owner,70000.0,mHawk Diesel Engine
Manual,Maruti SX4 S Cross,2017.0,Jaipur,Diesel,SUV,First Owner,150000.0,DDiS 200 Diesel Engine
Manual,Tata Nano,2016.0,Jaipur,Petrol,Hatchback,First Owner,50000.0,Petrol Engine 
Manual,Mahindra KUV 100,2016.0,Jaipur,Petrol,SUV,First Owner,70000.0,mFALCON G80 Engine
Manual,Maruti Swift,2021.0,Jaipur,Petrol,Hatchback,First Owner,40000.0,K Series Dual jet
Manual,Maruti Swift,2006.0,Jaipur,Petrol,Hatchback,Third Owner,120000.0,In-Line Engine
Manual,Tata Tigor,2019.0,Jaipur,Petrol,Sedan,Second Owner,60000.0,Revotron Engine
Automatic,Maruti A-Star,2010.0,Jaipur,Petrol,Hatchback,Fourth Owner,150000.0,K Series Petrol Engine
Manual,Tata Indigo,2011.0,Jaipur,Diesel,Sedan,Second Owner,90000.0,CR4 Turbo Intercooled Eng
Manual,Honda WR-V,2023.0,Jaipur,Petrol,SUV,Second Owner,10000.0,i-VTEC
Manual,Tata Tiago,2020.0,Jaipur,Petrol,Hatchback,First Owner,50000.0,1.2 L Revotron
Manual,Mahindra TUV 300,2016.0,Jaipur,Diesel,SUV,Second Owner,90000.0,mHawk 100 Diesel Engine
Manual,Renault Triber,2021.0,Jaipur,Petrol,MUV,First Owner,30000.0,
Manual,Maruti Alto K10,2013.0,Jaipur,Petrol,Hatchback,First Owner,40000.0,K Series Petrol Engine
Manual,Renault Duster,2013.0,Jaipur,Diesel,SUV,First Owner,150000.0,dCi Diesel Engine
Manual,Hyundai i10,2017.0,Jaipur,LPG,Hatchback,First Owner,120000.0,IRDE2 Engine
Manual,Maruti Alto,2012.0,Jaipur,Petrol,Hatchback,Third Owner,100000.0,In-Line Engine
Manual,Maruti Swift Dzire,2016.0,Jaipur,Diesel,Sedan,First Owner,90000.0,DDiS Diesel Engine
Manual,Maruti 800,2004.0,Jaipur,Petrol,Hatchback,Fourth Owner,70000.0,Hi-Tech Petrol Engine
Manual,Chevrolet Sail,2017.0,Jaipur,Diesel,Sedan,First Owner,150000.0,SMARTECH Diesel Engine
Manual,Maruti Wagon R,2005.0,Jaipur,Petrol,Hatchback,Second Owner,120000.0,K Series Petrol Engine
Manual,Maruti Baleno RS,2019.0,Jaipur,Petrol,Hatchback,First Owner,60000.0,Boosterjet Petrol Engine
Manual,Maruti Ertiga,2017.0,Jaipur,Diesel,MUV,Second Owner,100000.0,D13A SHVS Engine
Manual,Maruti Alto 800,2022.0,Jaipur,Petrol,Hatchback,First Owner,10000.0,F8D Petrol Engine
Manual,Renault Duster,2013.0,Jaipur,Diesel,SUV,First Owner,120000.0,dCi Diesel Engine
Manual,Maruti Swift Dzire,2015.0,Jaipur,Diesel,Sedan,First Owner,150000.0,DDiS Diesel Engine
Manual,Mahindra Bolero,2005.0,Jaipur,Diesel,SUV,Second Owner,120000.0,DI Turbo Diesel Engine
Manual,Hyundai Verna,2012.0,Jaipur,Diesel,Sedan,Second Owner,150000.0,Diesel Engine
Manual,Honda Amaze,2016.0,Jaipur,Diesel,Sedan,First Owner,150000.0,i-DTEC Diesel Engine
Manual,Hyundai EON,2017.0,Jaipur,Petrol,Hatchback,Second Owner,120000.0,Petrol Engine
Manual,Tata Altroz,2021.0,Jaipur,Petrol,Hatchback,Second Owner,20000.0,1.2 l Revotron
Manual,Toyota Innova,2009.0,Jaipur,Diesel,MUV,Second Owner,100000.0,In-Line Engine
Manual,Volkswagen Vento,2014.0,Jaipur,Petrol,Sedan,First Owner,30000.0,In Line Petrol Engine
Manual,Nissan Micra,2016.0,Jaipur,Diesel,Hatchback,Second Owner,120000.0,In-Line Diesel Engine
Manual,Chevrolet Beat,2011.0,Jaipur,Petrol,Hatchback,Third Owner,90000.0,Smartech Engine
Manual,Maruti Swift,2023.0,Jaipur,Petrol,Hatchback,First Owner,10000.0,K Series Dual jet
Manual,Hyundai Aura,2021.0,Jaipur,Petrol,Sedan,First Owner,30000.0,1.2 l Kappa dual petrol
Manual,Renault Duster,2012.0,Jaipur,Diesel,SUV,First Owner,150000.0,dCi Diesel Engine
Manual,Maruti Alto 800,2015.0,Jaipur,Petrol,Hatchback,Second Owner,40000.0,F8D Petrol Engine
Manual,Tata Zest,2017.0,Jaipur,Diesel,Sedan,Third Owner,120000.0,Quadrajet Engine
Manual,Hyundai EON,2017.0,Jaipur,Petrol,Hatchback,First Owner,60000.0,Petrol Engine
Manual,Hyundai i20,2023.0,Jaipur,Petrol,Hatchback,First Owner,10000.0,1.2 l Kappa petrol
Manual,Ford Ecosport,2014.0,Jaipur,Diesel,SUV,First Owner,150000.0,TDCi Diesel Engine
Manual,Chevrolet Cruze,2013.0,Jaipur,Diesel,Sedan,Second Owner,70000.0,VCDi Diesel Engine
Manual,Honda City,2015.0,Jaipur,Diesel,Sedan,First Owner,80000.0,i DTEC Diesel Engine 
Manual,Renault KWID,2017.0,Jaipur,Petrol,Hatchback,First Owner,60000.0,Petrol Engine
Manual,Tata Indica,2011.0,Jaipur,Diesel,Hatchback,First Owner,120000.0,
Manual,Maruti Alto,2009.0,Jaipur,Petrol,Hatchback,Third Owner,70000.0,In-Line Engine
Manual,Hyundai i10,2012.0,Jaipur,Petrol,Hatchback,Second Owner,90000.0,Kappa Petrol Engine
Manual,Maruti Zen,,Jaipur,Petrol,Hatchback,First Owner,120000.0,In-Line Engine
Manual,Maruti Wagon R,2017.0,Jaipur,Petrol,Hatchback,First Owner,40000.0,K10B Petrol Engine
Automatic,Maruti Wagon R,2015.0,Jaipur,Petrol,Hatchback,First Owner,70000.0,K10B Petrol Engine
Manual,Hyundai EON,2015.0,Jaipur,Petrol,Hatchback,First Owner,60000.0,Petrol Engine
Manual,Toyota Etios,2011.0,Jaipur,Petrol,Sedan,First Owner,80000.0,Petrol Engine
Manual,Maruti Wagon R,2012.0,Jaipur,Petrol,Hatchback,First Owner,50000.0,K Series Petrol Engine
Manual,Ford Figo,2011.0,Jaipur,Diesel,Hatchback,Fourth Owner,120000.0,Diesel Engine
Manual,Maruti Ritz,2009.0,Jaipur,Diesel,Hatchback,Third Owner,150000.0,Diesel
Manual,Maruti Ritz,2013.0,Jaipur,Diesel,Hatchback,Second Owner,120000.0,DDiS Diesel Engine
Manual,Maruti Alto 800,2015.0,Jaipur,Petrol,Hatchback,Second Owner,40000.0,F8D Petrol Engine
Manual,Datsun RediGO,2020.0,Jaipur,Petrol,Hatchback,Second Owner,40000.0,0.8L Petrol Engine
Manual,Hyundai Venue,2021.0,Jaipur,Petrol,SUV,First Owner,40000.0,
Manual,Nissan Micra Active,2013.0,Jaipur,Petrol,Hatchback,Second Owner,70000.0,In Line Petrol Engine
Automatic,Honda City,2013.0,Jaipur,Petrol,Sedan,Second Owner,120000.0,SOHC i-VTEC
Manual,Maruti Zen Estilo,2010.0,Jaipur,Petrol,Hatchback,Second Owner,150000.0,K Series Petrol Engine
Manual,Honda City,2015.0,Jaipur,Diesel,Sedan,Third Owner,100000.0,i DTEC Diesel Engine 
Automatic,Maruti Swift Dzire,2017.0,Jaipur,Diesel,Sedan,First Owner,80000.0,DDiS Diesel Engine
Automatic,Honda Amaze,2021.0,Jaipur,Petrol,Sedan,First Owner,40000.0,i-VTEC Petrol Engine
Manual,Tata Tigor,2022.0,Jaipur,CNG,Sedan,First Owner,30000.0,1.2L Revotron Engine
Manual,Tata Altroz,2020.0,Jaipur,Petrol,Hatchback,First Owner,90000.0,1.2 l Revotron
Manual,Maruti Ertiga,2019.0,Jaipur,Diesel,MUV,Third Owner,100000.0,DDIS 200 Smart Hybrid
Manual,Mahindra Quanto,2014.0,Jaipur,Diesel,SUV,First Owner,70000.0,mCR100 Diesel Engine
Manual,Honda City,2015.0,Jaipur,Diesel,Sedan,First Owner,150000.0,i DTEC Diesel Engine 
Manual,Mahindra Bolero,2013.0,Jaipur,Diesel,SUV,Third Owner,30000.0,M2DiCR Diesel Engine
Manual,Maruti Alto 800,2018.0,Jaipur,Petrol,Hatchback,First Owner,40000.0,F8D Petrol Engine
Manual,Volkswagen Vento,2013.0,Jaipur,Diesel,Sedan,Fourth Owner,120000.0,Common Rail Diesel Engine
Manual,Honda Amaze,2014.0,Jaipur,Diesel,Sedan,First Owner,150000.0,i-DTEC Diesel Engine
Manual,Maruti Vitara Brezza,2020.0,Jaipur,Petrol,SUV,First Owner,30000.0,K15B Petrol Engine
Manual,Maruti Vitara Brezza,2020.0,Jaipur,Petrol,SUV,First Owner,30000.0,K15B Petrol Engine
Manual,Datsun RediGO,2017.0,Jaipur,Petrol,Hatchback,First Owner,120000.0,0.8L Petrol Engine
Manual,Hyundai Grand i10,2015.0,Jaipur,Diesel,Hatchback,First Owner,90000.0,U2 CRDi  Diesel Engine
Manual,Hyundai i10,2014.0,Jaipur,Petrol,Hatchback,Second Owner,60000.0,DOHC Kappa2 Engine
Manual,Mahindra Bolero,2007.0,Jaipur,Diesel,MUV,Second Owner,150000.0,In-Line Engine
Automatic,Skoda Superb,2012.0,Jaipur,Petrol,Sedan,First Owner,120000.0,Petrol Engine
Automatic,Skoda Superb,2012.0,Jaipur,Petrol,Sedan,First Owner,120000.0,Petrol Engine
Automatic,Skoda Superb,2012.0,Jaipur,Petrol,Sedan,First Owner,120000.0,Petrol Engine
Manual,Maruti SX4,2010.0,Jaipur,Petrol,Sedan,First Owner,70000.0,VVT Petrol Engine 
Manual,Mahindra Bolero,2007.0,Jaipur,Diesel,MUV,Third Owner,90000.0,In-Line Engine
Manual,Honda Amaze,2013.0,Jaipur,Diesel,Sedan,First Owner,90000.0,i-DTEC Diesel Engine
Manual,Honda Amaze,2016.0,Jaipur,Diesel,Sedan,Fourth Owner,90000.0,i-DTEC Diesel Engine
Manual,Nissan Terrano,2014.0,Jaipur,Diesel,SUV,First Owner,150000.0,K9K Diesel Engine
Manual,Maruti Baleno,2021.0,Jaipur,Petrol,Hatchback,Second Owner,30000.0,1.2L VVT Engine
Manual,Maruti Wagon R,2019.0,Jaipur,Petrol,Hatchback,First Owner,40000.0,K10B Petrol Engine
Manual,Maruti Swift,2022.0,Jaipur,Petrol,Hatchback,First Owner,20000.0,K Series Dual jet
Manual,Hyundai Verna,2011.0,Jaipur,Diesel,Sedan,Third Owner,120000.0,Diesel Engine
Manual,Maruti Swift Dzire,2014.0,Jaipur,Diesel,Sedan,First Owner,120000.0,DDiS Diesel Engine
Manual,Maruti Baleno,2021.0,Jaipur,Petrol,Hatchback,First Owner,30000.0,1.2L VVT Engine
Manual,Maruti Swift,2014.0,Jaipur,Diesel,Hatchback,First Owner,120000.0,DDiS Diesel Engine
Manual,Hyundai Elantra,2013.0,Jaipur,Diesel,Sedan,First Owner,121000.0,VGT Diesel Engine
Manual,Maruti Swift Dzire,2013.0,Jaipur,Diesel,Sedan,First Owner,120000.0,DDiS Diesel Engine
Manual,Mitsubishi Pajero,2013.0,Jaipur,Diesel,SUV,Third Owner,120000.0,DI-Diesel Engine
Manual,Maruti Ritz,2011.0,Jaipur,Petrol,Hatchback,Third Owner,150000.0,K Series Petrol Engine
Manual,Maruti Ciaz,2018.0,Jaipur,Diesel,Sedan,First Owner,60000.0,DDIS Diesel Engine
Manual,Maruti Zen,,Jaipur,Petrol,Hatchback,Fourth Owner,60000.0,In-Line Engine
Manual,Renault KWID,2022.0,Jaipur,Petrol,Hatchback,First Owner,20000.0,1.0 SCe
Automatic,Honda City,2021.0,Jaipur,Petrol,Sedan,First Owner,30000.0,Water Cooled Inline i-VTEC DOHC with VTC
Manual,Honda City,2014.0,Jaipur,Diesel,Sedan,First Owner,150000.0,i DTEC Diesel Engine 
Manual,Maruti Zen Estilo,2007.0,Jaipur,Petrol,Hatchback,Second Owner,150000.0,K Series Petrol Engine
Manual,Maruti Alto 800,2015.0,Jaipur,Petrol,Hatchback,Second Owner,120000.0,F8D Petrol Engine
Manual,Maruti Swift Dzire,2018.0,Jaipur,Diesel,Sedan,First Owner,120000.0,DDiS Diesel Engine
Manual,Hyundai i10,2013.0,Jaipur,Petrol,Hatchback,Second Owner,90000.0,Kappa Petrol Engine
Manual,Maruti Swift,2012.0,Jaipur,Diesel,Hatchback,Third Owner,150000.0,DDiS Diesel Engine
Manual,Maruti Swift Dzire,2014.0,Jaipur,Diesel,Sedan,Second Owner,90000.0,DDiS Diesel Engine
Manual,Maruti Swift Dzire,2014.0,Jaipur,Diesel,Sedan,Second Owner,90000.0,DDiS Diesel Engine
Manual,Hyundai i10,2011.0,Jaipur,Petrol,Hatchback,First Owner,150000.0,Kappa Petrol Engine
Manual,Maruti Alto 800,2015.0,Jaipur,Petrol,Hatchback,Second Owner,120000.0,F8D Petrol Engine
Manual,Maruti Swift Dzire,2013.0,Jaipur,Diesel,Sedan,First Owner,100000.0,DDiS Diesel Engine
Manual,Citroen C3,2023.0,Jaipur,Petrol,Hatchback,Second Owner,90000.0,1.2L PureTech Turbo
Manual,Maruti Ciaz,2017.0,Jaipur,Petrol,Sedan,Second Owner,60000.0,k14B VVT Engine
Manual,Maruti Swift Dzire,2018.0,Jaipur,Diesel,Sedan,Fourth Owner,90000.0,DDiS Diesel Engine
Automatic,Volvo XC60,2019.0,Jaipur,Diesel,SUV,First Owner,150000.0,Turbo Diesel Engine
Manual,Maruti SX4 S Cross,2019.0,Jaipur,Diesel,SUV,First Owner,150000.0,DDiS 200 Diesel Engine
Manual,Mahindra Bolero Power Plus,2017.0,Jaipur,Diesel,SUV,Third Owner,80000.0,DI Turbo Diesel Engine
Manual,Renault Duster,2013.0,Jaipur,Diesel,SUV,Second Owner,120000.0,dCi THP Diesel Engine
Manual,Maruti Alto,2009.0,Jaipur,Petrol,Hatchback,Third Owner,120000.0,In-Line Engine
Manual,Hyundai i10,2016.0,Jaipur,Petrol,Hatchback,First Owner,120000.0,IRDE2 Engine
Manual,Maruti Swift Dzire,2020.0,Jaipur,Petrol,Sedan,First Owner,70000.0,
Manual,Hyundai Aura,2020.0,Jaipur,Petrol,Sedan,First Owner,30000.0,1.2 l Kappa dual petrol
Manual,Mahindra Marazzo,2019.0,Jaipur,Diesel,MUV,First Owner,150000.0,D15 1.5 Liter Diesel Engine
Manual,Mahindra Bolero,2017.0,Jaipur,Diesel,SUV,First Owner,80000.0,M2DiCR Diesel Engine
Manual,Maruti Wagon R,2012.0,Jaipur,Petrol,Hatchback,Second Owner,100000.0,K Series Petrol Engine
Manual,Tata Altroz,2020.0,Jaipur,Petrol,Hatchback,First Owner,40000.0,1.2 l Revotron
Manual,Hyundai Grand i10,2016.0,Jaipur,Petrol,Hatchback,Second Owner,100000.0, Kappa VTVT Petrol Engine
Manual,Maruti Swift Dzire Tour,2018.0,Jaipur,Diesel,Sedan,Second Owner,120000.0,DDiS Diesel Engine
Manual,Toyota Innova,2012.0,Jaipur,Diesel,MUV,Second Owner,150000.0,In-Line Engine
Manual,Hyundai i20,2020.0,Jaipur,Petrol,Hatchback,First Owner,40000.0,1.2 l Kappa petrol
Manual,Maruti Vitara Brezza,2018.0,Jaipur,Diesel,SUV,First Owner,150000.0,DDiS 200 Diesel Engine
Automatic,Maruti Ciaz,2019.0,Jaipur,Petrol,Sedan,First Owner,150000.0,k15B VVT Engine
Automatic,Maruti Ciaz,2019.0,Jaipur,Petrol,Sedan,First Owner,150000.0,k15B VVT Engine
Manual,Maruti Swift,2022.0,Jaipur,Petrol,Hatchback,First Owner,20000.0,K Series Dual jet
Manual,Maruti Swift Dzire,2016.0,Jaipur,Petrol,Sedan,First Owner,150000.0,K Series VVT Engine
Manual,Hyundai Grand i10,2016.0,Jaipur,Diesel,Hatchback,Second Owner,60000.0,U2 CRDi  Diesel Engine
Automatic,Jaguar XE,2019.0,Jaipur,Diesel,Sedan,First Owner,60000.0,Diesel Engine
Manual,Maruti 800,2011.0,Jaipur,Petrol,Hatchback,Second Owner,150000.0,Hi-Tech Petrol Engine
Manual,Maruti Alto K10,2014.0,Jaipur,Petrol,Hatchback,Second Owner,90000.0,K Series Petrol Engine
Manual,Renault Pulse,2012.0,Jaipur,Diesel,Hatchback,First Owner,120000.0,K9K In-Line Diesel Engine
Manual,Maruti S-Presso,2021.0,Jaipur,CNG,Hatchback,First Owner,60000.0,K10B
Manual,Tata Zest,2014.0,Jaipur,Petrol,Sedan,First Owner,120000.0,Revotron Engine
Manual,Maruti Alto,2011.0,Jaipur,Petrol,Hatchback,Second Owner,90000.0,In-Line Engine
Automatic,Hyundai Elantra,2021.0,Jaipur,Diesel,Sedan,Fifth Owner,30000.0,1.5 L U2 diesel
Manual,Fiat Avventura,2015.0,Jaipur,Diesel,Hatchback,First Owner,120000.0,MULTIJET Engine
Manual,Mahindra XUV500,2013.0,Jaipur,Diesel,SUV,First Owner,120000.0,mHawk Diesel Engine
Manual,Honda City,2015.0,Jaipur,Diesel,Sedan,First Owner,120000.0,i DTEC Diesel Engine 
Manual,Honda City,2015.0,Jaipur,Diesel,Sedan,First Owner,120000.0,i DTEC Diesel Engine 
Manual,Hyundai Xcent,2014.0,Jaipur,Petrol,Sedan,First Owner,60000.0,Kappa VTVT Petrol Engine
Manual,Maruti Alto K10,2016.0,Jaipur,Petrol,Hatchback,Third Owner,60000.0,K Series Petrol Engine
Manual,Hyundai Aura,2022.0,Jaipur,Petrol,Sedan,First Owner,20000.0,1.2 l Kappa dual petrol
Manual,Maruti Swift Dzire,2014.0,Jaipur,Diesel,Sedan,First Owner,150000.0,DDiS Diesel Engine
Manual,Maruti Ritz,2010.0,Jaipur,Diesel,Hatchback,Second Owner,120000.0,Diesel
Manual,Ford Figo,2011.0,Jaipur,Diesel,Hatchback,Fourth Owner,120000.0,Diesel Engine
Manual,Hyundai Accent,2011.0,Jaipur,Petrol,Sedan,First Owner,70000.0,Petrol Engine
Manual,Maruti Alto K10,2016.0,Jaipur,Petrol,Hatchback,Third Owner,50000.0,K Series Petrol Engine
Manual,Hyundai Verna,2013.0,Jaipur,Diesel,Sedan,First Owner,120000.0,VGT CRDi Diesel Engine 
Manual,Hyundai i20,2010.0,Jaipur,Diesel,Hatchback,Second Owner,150000.0,Diesel
Manual,Hyundai i20,2010.0,Jaipur,Diesel,Hatchback,Second Owner,150000.0,Diesel
Manual,Maruti Alto K10,2020.0,Jaipur,Petrol,Hatchback,First Owner,70000.0,K Series Petrol Engine
Manual,Maruti Alto K10,2016.0,Jaipur,Petrol,Hatchback,Third Owner,60000.0,K Series Petrol Engine
Manual,Hyundai i20,2011.0,Jaipur,Petrol,Hatchback,First Owner,50000.0,In-Line Engine
Manual,Ford Figo,2011.0,Jaipur,Petrol,Hatchback,Third Owner,120000.0,Petrol Engine
Manual,Volkswagen Passat,2013.0,Jaipur,Diesel,Sedan,First Owner,150000.0,TDI Engine 
Manual,Toyota Corolla Altis,2008.0,Jaipur,Petrol,Sedan,Fourth Owner,120000.0,2ZR-FE Gasoline 4Cylinder
Manual,Volkswagen CrossPolo,2014.0,Jaipur,Diesel,Hatchback,Second Owner,150000.0,TDI Diesel Engine
Manual,Maruti Swift,2011.0,Jaipur,Diesel,Hatchback,First Owner,150000.0,DDiS Diesel Engine
Manual,Maruti Alto,2008.0,Jaipur,Petrol,Hatchback,Second Owner,150000.0,In-Line Engine
Manual,Honda City,2011.0,Jaipur,Petrol,Sedan,First Owner,80000.0,In-Line Engine
Manual,Maruti Swift,2014.0,Jaipur,Petrol,Hatchback,Third Owner,100000.0,VTVT Engine
Manual,Maruti Swift,2013.0,Jaipur,Diesel,Hatchback,First Owner,120000.0,DDiS Diesel Engine
Manual,Hyundai i20,2011.0,Jaipur,Petrol,Hatchback,Second Owner,60000.0,In-Line Engine
Manual,Maruti Swift,2013.0,Jaipur,Diesel,Hatchback,Second Owner,120000.0,DDiS Diesel Engine
Manual,Fiat Avventura,2015.0,Jaipur,Diesel,Hatchback,First Owner,80000.0,MULTIJET Engine
Manual,Hyundai i10,2010.0,Jaipur,Petrol,Hatchback,First Owner,50000.0,Kappa Petrol Engine
Manual,Maruti Swift Dzire,2023.0,Jaipur,Petrol,Sedan,First Owner,10000.0,
Automatic,Maruti Jimny,2023.0,Jaipur,Petrol,SUV,Second Owner,50000.0,K15B with Idle Start Stop
Manual,Maruti Swift,2012.0,Jaipur,Petrol,Hatchback,Second Owner,80000.0,K Series Petrol Engine
Automatic,Renault KWID,2016.0,Jaipur,Petrol,Hatchback,Second Owner,90000.0,Petrol Engine
Manual,Tata Punch,2022.0,Jaipur,Petrol,SUV,First Owner,30000.0,1.2 l Revotron Engine
Manual,Maruti Alto K10,2014.0,Jaipur,Petrol,Hatchback,First Owner,70000.0,K Series Petrol Engine
Manual,Maruti Alto K10,2014.0,Jaipur,Petrol,Hatchback,First Owner,70000.0,K Series Petrol Engine
Manual,Maruti Swift Dzire,2010.0,Jaipur,Petrol,Sedan,Second Owner,100000.0,In-Line Engine
Manual,Renault Triber,2020.0,Jaipur,Petrol,MUV,First Owner,70000.0,
Manual,Maruti Alto,2012.0,Jaipur,Petrol,Hatchback,First Owner,70000.0,In-Line Engine
Manual,Maruti Alto,2012.0,Jaipur,Petrol,Hatchback,First Owner,60000.0,In-Line Engine
Manual,Maruti Wagon R,2008.0,Jaipur,Petrol,Hatchback,First Owner,150000.0,K Series Petrol Engine
Manual,Hyundai EON,2014.0,Jaipur,Petrol,Hatchback,First Owner,150000.0,Petrol Engine
Manual,Volkswagen Polo,2012.0,Jaipur,Diesel,Hatchback,Second Owner,120000.0,In-Line Diesel Engine
Manual,Maruti Alto,2002.0,Jaipur,Petrol,Hatchback,First Owner,150000.0,In-Line Engine
Manual,Ford Ecosport,2014.0,Jaipur,Diesel,SUV,First Owner,100000.0,TDCi Diesel Engine
Manual,Chevrolet Beat,2011.0,Jaipur,Petrol,Hatchback,First Owner,120000.0,Smartech Engine
Manual,Maruti Alto,2007.0,Jaipur,Petrol,Hatchback,First Owner,70000.0,In-Line Engine
Manual,Renault Kiger,2022.0,Jaipur,Petrol,SUV,First Owner,20000.0,1.0L energy
Manual,Maruti Alto,2009.0,Jaipur,Petrol,Hatchback,First Owner,40000.0,In-Line Engine
Manual,Maruti Baleno,2018.0,Jaipur,Petrol,Hatchback,First Owner,80000.0,VVT Petrol Engine
Automatic,Toyota Camry,2014.0,Kolkata,Petrol,Sedan,Third Owner,70000.0,2AR FXE Petrol Engine 
Manual,Datsun RediGO,2017.0,Kolkata,Petrol,Hatchback,First Owner,23981.0,0.8L Petrol Engine
Automatic,Renault Kiger,2021.0,Kolkata,Petrol,SUV,First Owner,7100.0,1.0L energy
Manual,Hyundai i20,2011.0,Kolkata,Petrol,Hatchback,Second Owner,71574.0,In-Line Engine
Automatic,Audi Q3,2014.0,Kolkata,Diesel,SUV,Second Owner,50000.0,TDI Diesel Engine
Automatic,Maruti Wagon R,2018.0,Kolkata,Petrol,Hatchback,First Owner,35629.0,K12M Petrol Engine
Automatic,Hyundai Santro,2020.0,Kolkata,Petrol,Hatchback,Second Owner,11476.0,1.1 L Petrol
Manual,Renault KWID,2018.0,Kolkata,Petrol,Hatchback,First Owner,31000.0,Petrol Engine
Manual,Maruti Swift Dzire,2011.0,Kolkata,Petrol,Sedan,Second Owner,41005.0,In-Line Engine
Manual,Maruti Wagon R,2010.0,Kolkata,Petrol,Hatchback,First Owner,60055.0,K Series Petrol Engine
Manual,Maruti Swift,2013.0,Kolkata,Petrol,Hatchback,First Owner,65005.0,K Series Petrol Engine
Manual,Renault KWID,2022.0,Kolkata,Petrol,Hatchback,First Owner,2657.0,Petrol Engine
Manual,Hyundai i10,2011.0,Kolkata,Petrol,Hatchback,First Owner,16000.0,IRDE2 Engine
Automatic,Tata Harrier,2023.0,Kolkata,Diesel,SUV,First Owner,7426.0,Kryotec 2.0 L Turbocharged Engine
Automatic,Maruti Baleno,2018.0,Kolkata,Petrol,Hatchback,First Owner,27046.0,VVT Petrol Engine
Automatic,Toyota Fortuner,2021.0,Kolkata,Diesel,SUV,First Owner,30100.0,1-GD FTV Engine
Manual,Maruti Wagon R,2022.0,Kolkata,Petrol,Hatchback,First Owner,9000.0,K10C
Manual,Hyundai i20,2022.0,Kolkata,Petrol,Hatchback,First Owner,17000.0,1.2 l Kappa petrol
Automatic,Jeep Compass,2021.0,Kolkata,Diesel,SUV,First Owner,49200.0,2.0-Litre 4-Cyl Multijet II Engine
Manual,Hyundai i10,2009.0,Kolkata,Petrol,Hatchback,Second Owner,35000.0,IRDE2 Engine
Automatic,Land Rover Range Rover Evoque,2020.0,Kolkata,Diesel,SUV,Second Owner,30000.0,Turbocharged Diesel engine
Manual,Maruti Alto K10,2017.0,Kolkata,Petrol,Hatchback,First Owner,54044.0,K Series Petrol Engine
Manual,Tata Nexon,2021.0,Kolkata,Petrol,SUV,First Owner,6500.0,1.2l Turbocharged Revotron Engine
Manual,Maruti Ciaz,2017.0,Kolkata,Petrol,Sedan,First Owner,29159.0,k14B VVT Engine
Automatic,Land Rover Range Rover Evoque,2020.0,Kolkata,Diesel,SUV,Second Owner,30000.0,Turbocharged Diesel engine
Automatic,Honda City,2016.0,Kolkata,Petrol,Sedan,First Owner,31968.0,i VTEC Engine
Manual,Hyundai Grand i10 Nios,2019.0,Kolkata,Petrol,Hatchback,Second Owner,44150.0,1.2 Kappa petrol
Manual,Hyundai i20,2010.0,Kolkata,Petrol,Hatchback,First Owner,60000.0,In-Line Engine
Automatic,Hyundai Creta,2018.0,Kolkata,Petrol,SUV,First Owner,25009.0,VTVT Petrol Engine
Manual,Maruti Swift,2020.0,Kolkata,Petrol,Hatchback,First Owner,46469.0,K Series Dual jet
Manual,Hyundai Creta,2018.0,Kolkata,Petrol,SUV,First Owner,45000.0,VTVT Petrol Engine
Manual,Hyundai Verna,2020.0,Kolkata,Petrol,Sedan,First Owner,31577.0,1.5 l MPi petrol
Automatic,Maruti Celerio,2014.0,Kolkata,Petrol,Hatchback,First Owner,56005.0,K10B Engine
Manual,Maruti Wagon R,2021.0,Kolkata,Petrol,Hatchback,First Owner,10005.0,K10B Petrol Engine
Manual,Hyundai Grand i10,2017.0,Kolkata,Petrol,Hatchback,First Owner,41163.0,Kappa VTVT Petrol Engine
Automatic,Mercedes-Benz E-Class,2020.0,Kolkata,Diesel,Sedan,First Owner,17839.0,CDI In-line Engine
Manual,Toyota Yaris,2019.0,Kolkata,Petrol,Sedan,First Owner,3800.0,1.5 Dual VVT-i Engine
Manual,Maruti Wagon R,2018.0,Kolkata,Petrol,Hatchback,First Owner,34124.0,K10B Petrol Engine
Manual,Hyundai i20,2012.0,Kolkata,Diesel,Hatchback,Second Owner,50000.0,Diesel
Manual,Honda City,2018.0,Kolkata,Petrol,Sedan,First Owner,48168.0,i VTEC Engine
Manual,Mahindra Marazzo,2019.0,Kolkata,Diesel,MUV,Third Owner,20000.0,D15 1.5 Liter Diesel Engine
Manual,Maruti Swift Dzire,2018.0,Kolkata,Petrol,Sedan,First Owner,56357.0,K Series VVT Engine
Manual,Maruti Swift Dzire,2010.0,Kolkata,Petrol,Sedan,First Owner,60000.0,In-Line Engine
Manual,Maruti Baleno,2022.0,Kolkata,Petrol,Hatchback,First Owner,10585.0,1.2L VVT Engine
Automatic,Honda Civic,2012.0,Kolkata,Petrol,Sedan,Second Owner,50000.0,In-Line Engine
Manual,Maruti Swift Dzire,2010.0,Kolkata,Petrol,Sedan,First Owner,60000.0,In-Line Engine
Manual,Hyundai Creta,2020.0,Kolkata,Petrol,SUV,First Owner,17642.0,1.5 L MPi Petrol
Manual,Tata Tiago,2018.0,Kolkata,Diesel,Hatchback,First Owner,20000.0,Revotorq Engine
Manual,Hyundai Grand i10 Nios,2021.0,Kolkata,Petrol,Hatchback,First Owner,9157.0,1.2 Kappa petrol
Manual,Honda Amaze,2016.0,Kolkata,Petrol,Sedan,Second Owner,65979.0,i-VTEC Petrol Engine
Manual,Skoda Rapid,2014.0,Kolkata,Diesel,Sedan,First Owner,65000.0,Turbocharged Diesel Engin
Manual,Datsun RediGO,2020.0,Kolkata,Petrol,Hatchback,Second Owner,7940.0,1.0L Petrol Engine
Manual,Hyundai Santro Xing,2010.0,Kolkata,Petrol,Hatchback,Fourth Owner,100000.0,In-Line Engine
Automatic,BMW 3 Series,2011.0,Kolkata,Diesel,Sedan,First Owner,40000.0,In-Line Engine
Manual,Fiat Linea,2011.0,Kolkata,Petrol,Sedan,Second Owner,60000.0,FIRE Engine
Automatic,BMW 5 Series,2019.0,Kolkata,Diesel,Sedan,First Owner,19859.0,TwinPower Turbo Inline 4 Cylinder Engine
Automatic,Jeep Wrangler,2023.0,Kolkata,Petrol,SUV,First Owner,7405.0,2.0L GME T4 DI TC
Manual,Honda BR-V,2016.0,Kolkata,Petrol,SUV,First Owner,52922.0,i-VTEC Petrol Engine
Manual,Ford Ecosport,2015.0,Kolkata,Petrol,SUV,First Owner,60000.0,Ti-VCT Petrol Engine
Manual,Hyundai Grand i10,2019.0,Kolkata,Petrol,Hatchback,First Owner,32000.0,Kappa VTVT Petrol Engine
Manual,Honda Jazz,2017.0,Kolkata,Petrol,Hatchback,Second Owner,47739.0,i-VTEC Petrol Engine
Automatic,Maruti Alto K10,2019.0,Kolkata,Petrol,Hatchback,Second Owner,10717.0,K Series Petrol Engine
Manual,Honda City,2015.0,Kolkata,Diesel,Sedan,First Owner,41000.0,i DTEC Diesel Engine 
Manual,Hyundai Santro,2020.0,Kolkata,Petrol,Hatchback,Second Owner,17619.0,1.1 L Petrol
Manual,Renault KWID,2021.0,Kolkata,Petrol,Hatchback,First Owner,9221.0,Petrol Engine
Manual,Honda WR-V,2019.0,Kolkata,Petrol,SUV,First Owner,70000.0,i-VTEC Petrol Engine
Manual,Maruti Swift,2019.0,Kolkata,Petrol,Hatchback,First Owner,10519.0,K Series Dual jet
Manual,Hyundai Verna,2014.0,Kolkata,Petrol,Sedan,Second Owner,50000.0,VTVT Petrol Engine
Manual,Maruti Celerio,2022.0,Kolkata,CNG,Hatchback,First Owner,19907.0,K10C
Manual,Maruti Swift,2015.0,Kolkata,Petrol,Hatchback,Second Owner,84771.0,K Series Dual jet
Automatic,Honda Brio,2015.0,Kolkata,Petrol,Hatchback,Second Owner,7000.0,i-VTEC Engine
Manual,Honda City,2017.0,Kolkata,Petrol,Sedan,First Owner,50000.0,i VTEC Engine
Automatic,Audi A6,2013.0,Kolkata,Diesel,Sedan,First Owner,52000.0,TDI Diesel Engine 
Manual,Tata Nexon,2021.0,Kolkata,Petrol,SUV,First Owner,15407.0,1.2l Turbocharged Revotron Engine
Manual,Hyundai i10,2009.0,Kolkata,Petrol,Hatchback,Second Owner,50000.0,Petrol Engine
Manual,Ambassador,,Kolkata,Petrol,Sedan,First Owner,80000.0,In-Line Engine
Manual,Honda City,2017.0,Kolkata,Petrol,Sedan,First Owner,58000.0,i VTEC Engine
Manual,Hyundai Verna,2021.0,Kolkata,Petrol,Sedan,First Owner,14000.0,1.5 l MPi petrol
Manual,Hyundai Elantra,2014.0,Kolkata,Petrol,Sedan,Third Owner,80000.0,Dual VTVT Petrol Engine
Manual,Hyundai Elantra,2017.0,Kolkata,Petrol,Sedan,First Owner,45000.0,Nu 2.0 MPi Petrol Engine
Manual,Maruti Swift Dzire,2014.0,Kolkata,Petrol,Sedan,First Owner,119236.0,
Manual,Maruti Baleno,2016.0,Kolkata,Petrol,Hatchback,First Owner,98074.0,VVT Petrol Engine
Automatic,Mercedes-Benz C-Class,2013.0,Kolkata,Diesel,Sedan,First Owner,40330.0,CDI Blue Efficiency Engin
Manual,Maruti Swift Dzire,2014.0,Kolkata,Petrol,Sedan,Second Owner,84989.0,
Manual,Maruti Wagon R,2014.0,Kolkata,Petrol,Hatchback,Second Owner,72017.0,K10B Petrol Engine
Manual,Maruti Ertiga,2015.0,Kolkata,Diesel,MUV,First Owner,65002.0,DDiS Diesel Engine
Manual,Maruti Swift Dzire,2015.0,Kolkata,Petrol,Sedan,First Owner,85862.0,
Manual,Maruti Alto,2011.0,Kolkata,Petrol,Hatchback,Second Owner,70000.0,In-Line Engine
Manual,Mahindra KUV 100 NXT,2017.0,Kolkata,Petrol,Hatchback,First Owner,48005.0,mFALCON G80 Engine
Manual,Hyundai Santro,2019.0,Kolkata,Petrol,Hatchback,First Owner,8625.0,1.1 litre Petrol Engine
Manual,Tata Altroz,2020.0,Kolkata,Petrol,Hatchback,First Owner,10000.0,1.2 l Revotron
Manual,Skoda Laura,2012.0,Kolkata,Diesel,Sedan,First Owner,67000.0,Turbocharged Diesel Engin
Manual,Tata Altroz,2020.0,Kolkata,Petrol,Hatchback,First Owner,10000.0,1.2 l Revotron
Manual,Hyundai Creta,2018.0,Kolkata,Diesel,SUV,First Owner,50000.0,U2 CRDI VGT Engine
Manual,Maruti Zen Estilo,2011.0,Kolkata,Petrol,Hatchback,Third Owner,60000.0,K Series Petrol Engine
Manual,Maruti Celerio,2017.0,Kolkata,Petrol,Hatchback,Third Owner,60000.0,K10B Engine
Automatic,Audi Q5,2014.0,Kolkata,Diesel,SUV,First Owner,34000.0,TDI Quattro Engine 
Manual,Maruti A-Star,2012.0,Kolkata,Petrol,Hatchback,First Owner,60000.0,K Series Petrol Engine
Manual,Toyota Innova,2014.0,Kolkata,Diesel,MUV,First Owner,152000.0,2KD-FTV Diesel Engine
Automatic,Land Rover Range Rover Sport,2014.0,Kolkata,Diesel,SUV,First Owner,45000.0,
Manual,Toyota Corolla Altis,2013.0,Kolkata,Petrol,Sedan,Third Owner,56766.0,2ZR-FE Gasoline 4Cylinder
Automatic,Tata New Safari,2022.0,Kolkata,Diesel,SUV,First Owner,7114.0,Kryotec 2.0 L Turbocharged Engine
Automatic,Tata New Safari,2021.0,Kolkata,Diesel,SUV,First Owner,25508.0,Kryotec 2.0 L Turbocharged Engine
Manual,Maruti Wagon R,2012.0,Kolkata,Petrol,Hatchback,First Owner,39369.0,K Series Petrol Engine
Manual,Mahindra XUV500,2018.0,Kolkata,Diesel,SUV,First Owner,96707.0,mHawk155 Diesel Engine
Manual,Hyundai i20 Active,2016.0,Kolkata,Petrol,Hatchback,First Owner,50000.0,VTVT Petrol Engine
Manual,Renault KWID,2019.0,Kolkata,Petrol,Hatchback,First Owner,30345.0,0.8 SCe
Automatic,Toyota Fortuner,2016.0,Kolkata,Diesel,SUV,First Owner,128232.0,D-4D Diesel Engine
Manual,Honda WR-V,2017.0,Kolkata,Petrol,SUV,First Owner,54018.0,i-VTEC Petrol Engine
Manual,Hyundai Verna,2016.0,Kolkata,Diesel,Sedan,First Owner,32007.0,U2 VGT Diesel Engine 
Manual,Hyundai i10,2015.0,Kolkata,Petrol,Hatchback,First Owner,100000.0,IRDE2 Engine
Manual,Hyundai Santro Xing,2014.0,Kolkata,Petrol,Hatchback,Second Owner,30000.0,Petrol Engine
Automatic,Volvo S60 Cross Country,2018.0,Kolkata,Diesel,Sedan,First Owner,66452.0,Diesel Engine
Automatic,Volvo XC60,2021.0,Kolkata,Diesel,SUV,First Owner,38706.0,Turbo Diesel Engine
Manual,Honda City,2018.0,Kolkata,Petrol,Sedan,First Owner,80000.0,i VTEC Engine
Manual,Hyundai Verna,2015.0,Kolkata,Petrol,Sedan,First Owner,60000.0,VTVT Petrol Engine
Manual,Hyundai i20 Active,2016.0,Kolkata,Petrol,Hatchback,First Owner,120000.0,VTVT Petrol Engine
Manual,Chevrolet Tavera,2012.0,Kolkata,Diesel,MUV,Second Owner,150000.0,In-Line Engine
Manual,Honda City,2017.0,Kolkata,Diesel,Sedan,First Owner,19000.0,i DTEC Diesel Engine 
Manual,Toyota Innova,2012.0,Kolkata,Diesel,MUV,First Owner,260000.0,In-Line Engine
Manual,Honda City,2014.0,Kolkata,Petrol,Sedan,First Owner,71552.0,i VTEC Engine
Manual,Hyundai Grand i10,2015.0,Kolkata,Petrol,Hatchback,Second Owner,65039.0,Kappa VTVT Petrol Engine
Manual,Hyundai Santro Xing,2007.0,Kolkata,Petrol,Hatchback,Second Owner,60000.0,Petrol Engine 
Manual,Renault KWID,2019.0,Kolkata,Petrol,Hatchback,First Owner,73578.0,Petrol Engine
Automatic,Hyundai Santro,2021.0,Kolkata,Petrol,Hatchback,First Owner,27160.0,1.1 L Petrol
Manual,Hyundai i20,2017.0,Kolkata,Petrol,Hatchback,First Owner,36000.0,Kappa VTVT Petrol Engine
Manual,Hyundai Grand i10,2014.0,Kolkata,Petrol,Hatchback,First Owner,84367.0,Kappa VTVT Petrol Engine
Manual,Maruti Ertiga,2019.0,Kolkata,Petrol,MUV,First Owner,32599.0,K15 Smart Hybrid
Manual,Renault Duster,2017.0,Kolkata,Petrol,SUV,First Owner,47530.0,K4M Petrol Engine
Manual,Honda Brio,2014.0,Kolkata,Petrol,Hatchback,First Owner,35457.0,i-VTEC Engine
Automatic,Kia Seltos,2020.0,Kolkata,Petrol,SUV,First Owner,28134.0,SMARTSTREAM G1.5
Automatic,Mahindra XUV300,2022.0,Kolkata,Petrol,SUV,,5000.0,1.2L Petrol
Automatic,Hyundai i10,2011.0,Kolkata,Petrol,Hatchback,First Owner,28000.0,DOHC Kappa2 Engine
Automatic,Jeep Compass Trailhawk,2023.0,Kolkata,Diesel,SUV,First Owner,20000.0,2.0-litre muiltjet
Automatic,Land Rover Range Rover Velar,2020.0,Kolkata,Petrol,SUV,Second Owner,33582.0,TD4 Diesel Engine
Manual,Hyundai i10,2014.0,Kolkata,Petrol,Hatchback,First Owner,46005.0,DOHC Kappa2 Engine
Automatic,MG Gloster,2021.0,Kolkata,Diesel,SUV,First Owner,2565.0,Diesel 2.0 Twin Turbo
Automatic,Maruti Swift,2018.0,Kolkata,Petrol,Hatchback,First Owner,28000.0,VTVT Engine
Automatic,Honda Jazz,2015.0,Kolkata,Petrol,Hatchback,First Owner,32000.0,i-VTEC Petrol Engine
Manual,Maruti Swift Dzire,2009.0,Kolkata,Petrol,Sedan,First Owner,45000.0,In-Line Engine
Manual,Mahindra XUV500,2019.0,Kolkata,Diesel,SUV,First Owner,78565.0,mHawk Diesel Engine
Automatic,MG Hector,2022.0,Kolkata,Petrol,SUV,First Owner,10197.0,1.5 L Turbocharged Intercooled
Manual,Hyundai EON,2014.0,Kolkata,Petrol,Hatchback,Second Owner,60000.0,Petrol Engine
Manual,Honda City,2017.0,Kolkata,Petrol,Sedan,First Owner,32844.0,i VTEC Engine
Manual,Tata Tiago,2022.0,Kolkata,CNG,Hatchback,First Owner,5198.0,1.2 L i-CNG
Manual,Hyundai i20,2013.0,Kolkata,Petrol,Hatchback,First Owner,40000.0,Kappa VTVT Petrol Engine
Automatic,Skoda Rapid,2019.0,Kolkata,Petrol,Sedan,First Owner,19355.0,Petrol Engine
Manual,Maruti Swift Dzire,2010.0,Kolkata,Petrol,Sedan,First Owner,60000.0,In-Line Engine
Manual,Maruti Wagon R,2019.0,Kolkata,Petrol,Hatchback,First Owner,31197.0,K10B Petrol Engine
Manual,Datsun RediGO,2021.0,Kolkata,Petrol,Hatchback,First Owner,6651.0,1.0 L Petrol Engine
Manual,Chevrolet Spark,2009.0,Kolkata,Petrol,Hatchback,Third Owner,60000.0,In-Line Engine
Manual,Honda BR-V,2018.0,Kolkata,Petrol,SUV,First Owner,35000.0,i-VTEC Petrol Engine
Manual,Honda City,2013.0,Kolkata,Petrol,Sedan,First Owner,57000.0,SOHC i-VTEC
Automatic,Honda City,2016.0,Kolkata,Petrol,Sedan,First Owner,50469.0,i VTEC Engine
Manual,Maruti Swift,2018.0,Kolkata,Petrol,Hatchback,First Owner,32000.0,VTVT Engine
Automatic,Toyota Corolla Altis,2016.0,Kolkata,Petrol,Sedan,First Owner,36000.0,2ZR-FE Petrol Engine
Manual,Datsun RediGO,2018.0,Kolkata,Petrol,Hatchback,First Owner,30000.0,0.8L Petrol Engine
Automatic,Mahindra XUV500,2018.0,Kolkata,Diesel,SUV,First Owner,68042.0,mHawk Diesel Engine
Manual,Hyundai i10,2014.0,Kolkata,Petrol,Hatchback,Second Owner,65000.0,DOHC Kappa2 Engine
Manual,Maruti Swift,2020.0,Kolkata,Petrol,Hatchback,First Owner,24000.0,K Series VVT Engine
Manual,Maruti Ciaz,2016.0,Kolkata,Diesel,Sedan,First Owner,82948.0,DDIS 200 Engine
Manual,Maruti Zen Estilo,2010.0,Kolkata,Petrol,Hatchback,Second Owner,23162.0,K Series Petrol Engine
Manual,Maruti Ritz,2010.0,Kolkata,Petrol,Hatchback,First Owner,45000.0,K Series Petrol Engine
Manual,Honda WR-V,2020.0,Kolkata,Petrol,SUV,Second Owner,7281.0,i-VTEC Petrol Engine
Manual,Hyundai i20 Active,2016.0,Kolkata,Petrol,Hatchback,First Owner,29428.0,VTVT Petrol Engine
Manual,Hyundai Creta,2018.0,Kolkata,Petrol,SUV,First Owner,64000.0,VTVT Petrol Engine
Manual,Maruti Alto 800,2016.0,Kolkata,Petrol,Hatchback,First Owner,62202.0,F8D Petrol Engine
Manual,Honda City,2018.0,Kolkata,Petrol,Sedan,First Owner,47000.0,i VTEC Engine
Manual,Tata Tigor,2022.0,Kolkata,CNG,Sedan,First Owner,13145.0,1.2L Revotron Engine
Manual,Hyundai EON,2017.0,Kolkata,Petrol,Hatchback,First Owner,119490.0,Petrol Engine
Manual,Mahindra XUV500,2021.0,Kolkata,Diesel,SUV,First Owner,8000.0,mHawk155 Diesel Engine
Manual,Honda City,2015.0,Kolkata,Diesel,Sedan,First Owner,45000.0,i DTEC Diesel Engine 
Manual,Maruti Wagon R Stingray,2016.0,Kolkata,Petrol,Hatchback,First Owner,46422.0,K 10B Petrol Engine
Manual,Hyundai i10,2014.0,Kolkata,Petrol,Hatchback,Third Owner,64000.0,DOHC Kappa2 Engine
Manual,Volkswagen Ameo,2020.0,Kolkata,Diesel,Sedan,First Owner,52000.0,TDI Diesel Engine
Manual,Honda City,2019.0,Kolkata,Petrol,Sedan,First Owner,25000.0,SOHC i-VTEC
Manual,Hyundai EON,2013.0,Kolkata,Petrol,Hatchback,Second Owner,15000.0,Petrol Engine
Manual,Kia Seltos,2020.0,Kolkata,Petrol,SUV,First Owner,45000.0,Smartstream G1.4
Automatic,Hyundai Creta,2018.0,Kolkata,Petrol,SUV,First Owner,65000.0,VTVT Petrol Engine
Manual,Jeep Compass,2018.0,Kolkata,Diesel,SUV,First Owner,65000.0,2.0-Litre 4-Cyl Multijet II Engine
Manual,Honda City,2019.0,Kolkata,Petrol,Sedan,First Owner,21628.0,i VTEC Engine
Manual,Maruti Swift,2016.0,Kolkata,Petrol,Hatchback,First Owner,8347.0,K Series Dual jet
Manual,Mahindra Scorpio,2016.0,Kolkata,Diesel,SUV,Second Owner,72057.0,mHawk Diesel Engine
Manual,Hyundai Grand i10,2017.0,Kolkata,Petrol,Hatchback,First Owner,52549.0,Kappa VTVT Petrol Engine
Automatic,Honda City,2014.0,Kolkata,Petrol,Sedan,Second Owner,44540.0,i VTEC Engine
Manual,Maruti Swift,2014.0,Kolkata,Petrol,Hatchback,Second Owner,44000.0,K Series Petrol Engine
Manual,Hyundai Grand i10 Nios,2019.0,Kolkata,Diesel,Hatchback,First Owner,53084.0,1.2 L U2 CRDi Diesel
Manual,Maruti XL6,2021.0,Kolkata,Petrol,MUV,Second Owner,10000.0,K15B Smart Hybrid
Automatic,Toyota Corolla Altis,2018.0,Kolkata,Petrol,Sedan,Second Owner,34339.0,2ZR-FE Petrol Engine
Manual,Kia Seltos,2020.0,Kolkata,Petrol,SUV,First Owner,15456.0,SMARTSTREAM G1.5
Manual,Maruti XL6,2021.0,Kolkata,Petrol,MUV,Second Owner,10000.0,K15B Smart Hybrid
Manual,Hyundai Santro,2018.0,Kolkata,Petrol,Hatchback,First Owner,68000.0,1.1 litre Petrol Engine
Manual,Maruti SX4 S Cross,2021.0,Kolkata,Petrol,SUV,First Owner,10000.0,K15B Smart Hybrid
Manual,Mahindra TUV 300,2017.0,Kolkata,Diesel,SUV,First Owner,100000.0,mHawk 100 Diesel Engine
Manual,Mahindra TUV 300,2019.0,Kolkata,Diesel,SUV,First Owner,59639.0,mHawk 100 Diesel Engine
Manual,Maruti Celerio,2017.0,Kolkata,Petrol,Hatchback,First Owner,50000.0,K10B Engine
Automatic,Audi A6,2016.0,Kolkata,Petrol,Sedan,First Owner,37000.0,In Line Petrol Engine
Manual,Renault Scala,2013.0,Kolkata,Petrol,Sedan,Second Owner,60000.0,XH2 Petrol Engine
Manual,Hyundai i20 N Line,2022.0,Kolkata,Petrol,Hatchback,First Owner,8000.0,1.0 Turbo GDI
Manual,Maruti Ertiga,2017.0,Kolkata,Diesel,MUV,First Owner,31000.0,D13A SHVS Engine
Manual,Honda Amaze,2016.0,Kolkata,Petrol,Sedan,First Owner,44890.0,i-VTEC Petrol Engine
Manual,Hyundai Creta,2017.0,Kolkata,Diesel,SUV,Second Owner,48752.0,U2 CRDI Engine
Automatic,Tata New Safari,2022.0,Kolkata,Diesel,SUV,First Owner,10000.0,Kryotec 2.0 L Turbocharged Engine
Manual,Mahindra KUV 100,2017.0,Kolkata,Petrol,SUV,First Owner,5151.0,mFALCON G80 Engine
Manual,Maruti Alto 800,2017.0,Kolkata,Petrol,Hatchback,First Owner,28807.0,F8D Petrol Engine
Manual,Hyundai Santro Xing,2014.0,Kolkata,Petrol,Hatchback,Second Owner,30000.0,Petrol Engine
Manual,Honda City,2019.0,Kolkata,Petrol,Sedan,First Owner,20593.0,i VTEC Engine
Manual,Tata Altroz,2020.0,Kolkata,Petrol,Hatchback,First Owner,10000.0,1.2 l Revotron
Manual,Honda Amaze,2015.0,Kolkata,Petrol,Sedan,Second Owner,82879.0,i-VTEC Petrol Engine
Manual,Honda City,2022.0,Kolkata,Petrol,Sedan,First Owner,13407.0,Water Cooled Inline i-VTEC DOHC with VTC
Manual,Maruti Ignis,2019.0,Kolkata,Petrol,Hatchback,First Owner,100000.0,1.2-Litre VVT Petrol Engine
Manual,Maruti Ertiga,2018.0,Kolkata,Diesel,MUV,First Owner,66000.0,DDIS 200 Smart Hybrid
Manual,Toyota Innova,2015.0,Kolkata,Diesel,MUV,First Owner,177000.0,2KD-FTV Diesel Engine
Manual,Toyota Innova Crysta,2021.0,Kolkata,Diesel,MUV,First Owner,21100.0,2.4L Diesel Engine
Manual,Tata Sumo Victa,2005.0,Kolkata,Diesel,MUV,First Owner,120000.0,In-Line Engine
Manual,Hyundai i10,2015.0,Kolkata,Petrol,Hatchback,First Owner,100000.0,IRDE2 Engine
Automatic,BMW 6 Series,2018.0,Kolkata,Diesel,Sedan,First Owner,44227.0,Diesel Engine
Automatic,Toyota Fortuner,2015.0,Kolkata,Diesel,SUV,Third Owner,70000.0,D-4D Diesel Engine
Manual,Honda WR-V,2019.0,Kolkata,Petrol,SUV,First Owner,45000.0,i-VTEC Petrol Engine
Manual,Hyundai Alcazar,2021.0,Kolkata,Petrol,SUV,First Owner,50000.0,2.0 l petrol MPi engine
Manual,Maruti Swift,2019.0,Kolkata,Petrol,Hatchback,First Owner,77042.0,K Series Dual jet
Manual,Tata Tigor,2021.0,Kolkata,Petrol,Sedan,First Owner,42325.0,1.2L Revotron Engine
Manual,Volkswagen Polo,2017.0,Kolkata,Petrol,Hatchback,First Owner,50000.0,MPI Petrol Engine
Manual,Maruti Swift,2015.0,Kolkata,Petrol,Hatchback,First Owner,37196.0,K Series Dual jet
Manual,Maruti Baleno,2017.0,Kolkata,Diesel,Hatchback,First Owner,61530.0,DDiS Diesel Engine
Manual,Hyundai i20 Active,2016.0,Kolkata,Petrol,Hatchback,First Owner,48000.0,VTVT Petrol Engine
Manual,Maruti Vitara Brezza,2017.0,Kolkata,Diesel,SUV,First Owner,74444.0,DDiS 200 Diesel Engine
Manual,Skoda Fabia,2011.0,Kolkata,Petrol,Hatchback,First Owner,120000.0,In-Line Petrol Engine
Manual,Maruti S-Presso,2020.0,Kolkata,Petrol,Hatchback,First Owner,11768.0,K10C
Manual,Renault KWID,2020.0,Kolkata,Petrol,Hatchback,Second Owner,19715.0,Petrol Engine
Manual,Honda WR-V,2018.0,Kolkata,Petrol,SUV,First Owner,54581.0,i-VTEC Petrol Engine
Automatic,Audi A6,2014.0,Kolkata,Diesel,Sedan,First Owner,34000.0,TDI Diesel Engine 
Manual,Hyundai i20,2016.0,Kolkata,Petrol,Hatchback,Second Owner,50000.0,Kappa VTVT Petrol Engine
Manual,Volkswagen Polo,2014.0,Kolkata,Petrol,Hatchback,Second Owner,40000.0,MPI Petrol Engine
Automatic,Toyota Fortuner,2015.0,Kolkata,Diesel,SUV,Fourth Owner,70000.0,D-4D Diesel Engine
Automatic,Porsche Macan,2016.0,Kolkata,Petrol,SUV,Third Owner,19600.0, V4 Twin Turbo Engine
Manual,Chevrolet Tavera,2011.0,Kolkata,Diesel,MUV,First Owner,120000.0,In-Line Engine
Automatic,BMW X3,2012.0,Kolkata,Diesel,SUV,First Owner,68000.0,xDrive20d Diesel Engine 
Manual,Tata Manza,2014.0,Kolkata,Diesel,Sedan,Second Owner,70000.0,Quadrajet Diesel Engine
Manual,Hyundai Grand i10,2016.0,Kolkata,Diesel,Hatchback,Fourth Owner,50000.0,U2 CRDi  Diesel Engine
Manual,Tata Tigor,2021.0,Kolkata,Petrol,Sedan,First Owner,70179.0,1.2L Revotron Engine
Manual,Maruti A-Star,2010.0,Kolkata,Petrol,Hatchback,First Owner,54501.0,K Series Petrol Engine
Manual,Renault Captur,2018.0,Kolkata,Diesel,SUV,First Owner,20000.0,K9K dCi Diesel Engine
Manual,Maruti Alto 800,2016.0,Kolkata,Petrol,Hatchback,First Owner,28651.0,F8D Petrol Engine
Manual,Honda City,2014.0,Kolkata,Petrol,Sedan,Second Owner,64787.0,i VTEC Engine
Manual,Toyota Fortuner,2014.0,Kolkata,Diesel,SUV,First Owner,138726.0,D-4D Diesel Engine
Manual,Maruti Wagon R,2019.0,Kolkata,Petrol,Hatchback,First Owner,24147.0,K10B Petrol Engine
Automatic,Toyota Corolla Altis,2017.0,Kolkata,Petrol,Sedan,First Owner,65000.0,2ZR-FE Petrol Engine
Manual,Honda City,2015.0,Kolkata,Petrol,Sedan,First Owner,79513.0,i VTEC Engine
Manual,Hyundai i20,2010.0,Kolkata,Petrol,Hatchback,First Owner,87845.0,In-Line Engine
Manual,Maruti Ertiga,2015.0,Kolkata,Petrol,MUV,First Owner,20000.0,K Series Petrol Engine
Manual,Volkswagen Jetta,2015.0,Kolkata,Petrol,Sedan,First Owner,55000.0,Turbocharged Intercooled 
Manual,Mahindra KUV 100 NXT,2020.0,Kolkata,Petrol,Hatchback,Second Owner,60000.0,mFALCON G80
Manual,Honda Brio,2014.0,Kolkata,Petrol,Hatchback,First Owner,47183.0,i-VTEC Engine
Manual,Toyota Innova,2015.0,Kolkata,Diesel,MUV,First Owner,150000.0,2KD-FTV Diesel Engine
Automatic,Mercedes-Benz E-Class,2015.0,Kolkata,Diesel,Sedan,Second Owner,41510.0,4-in-line
Manual,Hyundai Elantra,2017.0,Kolkata,Diesel,Sedan,First Owner,54600.0,U2 VGT CRDi Diesel Engine
Manual,Hyundai Santro Xing,2007.0,Kolkata,Petrol,Hatchback,First Owner,20000.0,
Manual,Renault Triber,2022.0,Kolkata,Petrol,MUV,First Owner,4000.0,
Manual,Chevrolet Sail,2015.0,Kolkata,Petrol,Sedan,First Owner,70000.0,SMARTECH Petrol Engine
Manual,Maruti Vitara Brezza,2021.0,Kolkata,Petrol,SUV,First Owner,29882.0,K15B Petrol Engine
Manual,Toyota Etios Liva,2011.0,Kolkata,Petrol,Hatchback,First Owner,55314.0,
Manual,Hyundai Verna,2013.0,Kolkata,Diesel,Sedan,First Owner,69000.0,VGT CRDi Diesel Engine 
Manual,Maruti Swift Dzire,2015.0,Kolkata,Petrol,Sedan,Second Owner,41565.0,
Manual,Hyundai i20,2011.0,Kolkata,Petrol,Hatchback,Second Owner,46624.0,Kappa VTVT Petrol Engine
Automatic,Kia Seltos,2021.0,Kolkata,Diesel,SUV,First Owner,56312.0,1.5 L CRDi VGT
Manual,Maruti Alto 800,2019.0,Kolkata,Petrol,Hatchback,First Owner,22950.0,F8D Petrol Engine
Manual,Hyundai i10,2014.0,Kolkata,Petrol,Hatchback,Second Owner,42000.0,IRDE2 Engine
Manual,Hyundai EON,2014.0,Kolkata,Petrol,Hatchback,First Owner,26135.0,Petrol Engine
Manual,Volkswagen Polo,2020.0,Kolkata,Petrol,Hatchback,First Owner,20913.0,MPI Petrol Engine
Manual,Hyundai EON,2013.0,Kolkata,Petrol,Hatchback,Second Owner,14000.0,Petrol Engine
Manual,Maruti S-Presso,2020.0,Kolkata,Petrol,Hatchback,First Owner,3000.0,K10C
Manual,Maruti Baleno,2018.0,Kolkata,Diesel,Hatchback,First Owner,52002.0,DDiS Diesel Engine
Manual,Hyundai i20,2010.0,Kolkata,Petrol,Hatchback,Second Owner,60000.0,In-Line Engine
Manual,Kia Seltos,2021.0,Kolkata,Diesel,SUV,First Owner,50000.0,1.5 L CRDi VGT
Manual,Toyota Corolla Altis,2014.0,Kolkata,Petrol,Sedan,First Owner,59000.0,2ZR-FE Petrol Engine
Manual,Kia Sonet,2022.0,Kolkata,Diesel,SUV,First Owner,15000.0,1.5 L CRDi WGT
Manual,Hyundai EON,2014.0,Kolkata,Petrol,Hatchback,Second Owner,22393.0,Petrol Engine
Manual,Honda Amaze,2016.0,Kolkata,Diesel,Sedan,First Owner,53483.0,i-DTEC Diesel Engine
Automatic,Honda New Accord,2011.0,Kolkata,Petrol,Sedan,First Owner,49000.0,DOHC i-VTEC
Manual,Maruti Alto K10,2011.0,Kolkata,Petrol,Hatchback,First Owner,38420.0,K10C
Manual,Hyundai i10,2010.0,Kolkata,Petrol,Hatchback,First Owner,60585.0,DOHC Engine
Automatic,Mercedes-Benz E-Class,2021.0,Kolkata,Petrol,Sedan,First Owner,12809.0,In-Line 4 Cylinder Petrol Engine
Automatic,Skoda Rapid,2019.0,Kolkata,Diesel,Sedan,First Owner,37243.0,Diesel Engine
Manual,Toyota Urban cruiser,2022.0,Kolkata,Petrol,SUV,First Owner,25796.0,k-series1.5l
Manual,Toyota Innova Crysta,2018.0,Kolkata,Diesel,MUV,First Owner,34000.0,2-GD FTV Engine
Automatic,Hyundai Venue,2019.0,Kolkata,Petrol,SUV,First Owner,29717.0,
Manual,Nissan Micra Active,2018.0,Kolkata,Petrol,Hatchback,First Owner,42000.0,In Line Petrol Engine
Manual,Maruti Wagon R Stingray,2014.0,Kolkata,Petrol,Hatchback,First Owner,24425.0,K 10B Petrol Engine
Automatic,Skoda Rapid,2020.0,Kolkata,Petrol,Sedan,First Owner,14323.0,1.0L TSI Petrol
Manual,Mahindra TUV 300,2019.0,Kolkata,Diesel,SUV,First Owner,9700.0,mHawk 100 Diesel Engine
Manual,Hyundai Verna,2011.0,Kolkata,Petrol,Sedan,Second Owner,50000.0,VTVT Petrol Engine 
Automatic,Honda City,2017.0,Kolkata,Petrol,Sedan,First Owner,51097.0,i VTEC Engine
Manual,Hyundai i10,2010.0,Kolkata,Petrol,Hatchback,Second Owner,60000.0,IRDE2 Engine
Manual,Maruti Swift Dzire,2022.0,Kolkata,Petrol,Sedan,First Owner,23684.0,
Manual,Hyundai i10,2009.0,Kolkata,Petrol,Hatchback,First Owner,40000.0,IRDE2 Engine
Automatic,Mercedes-Benz GLC,2017.0,Kolkata,Diesel,SUV,First Owner,60002.0,Diesel Engine
Manual,Honda BR-V,2018.0,Kolkata,Petrol,SUV,First Owner,39000.0,i-VTEC Petrol Engine
Manual,Maruti Ertiga,2020.0,Kolkata,Petrol,MUV,First Owner,40000.0,K15 Smart Hybrid
Automatic,Volvo V40,2017.0,Kolkata,Diesel,Hatchback,First Owner,16001.0,Turbo Diesel Engine
Manual,Hyundai Verna,2014.0,Kolkata,Petrol,Sedan,Second Owner,51000.0,VTVT Petrol Engine
Manual,Maruti Wagon R,2021.0,Kolkata,Petrol,Hatchback,First Owner,10143.0,K10B Petrol Engine
Manual,Maruti S-Presso,2019.0,Kolkata,Petrol,Hatchback,Second Owner,53657.0,K10C
Manual,Maruti Celerio,2014.0,Kolkata,Petrol,Hatchback,First Owner,88532.0,K10C
Manual,Maruti Wagon R,2013.0,Kolkata,Petrol,Hatchback,First Owner,60000.0,K10B Petrol Engine
Manual,Skoda Kushaq,2021.0,Kolkata,Petrol,SUV,First Owner,12059.0,1.0 TSI Petrol Engine
Manual,Tata Tiago,2021.0,Kolkata,Petrol,Hatchback,First Owner,10000.0,1.2 L Revotron
Manual,Mahindra Scorpio,2018.0,Kolkata,Diesel,SUV,First Owner,47000.0,m2DiCR Diesel Engine
Manual,Renault Duster,2018.0,Kolkata,Diesel,SUV,First Owner,20000.0,dCi THP Diesel Engine
Manual,Maruti Swift Dzire,2013.0,Kolkata,Petrol,Sedan,First Owner,37000.0,K Series VVT Engine
Manual,Hyundai Grand i10 Nios,2022.0,Kolkata,Petrol,Hatchback,First Owner,9520.0,1.2 Kappa petrol
Manual,Chevrolet Sail,2016.0,Kolkata,Petrol,Sedan,First Owner,100000.0,SMARTECH Petrol Engine
Manual,Hyundai Santro,2022.0,Kolkata,CNG,Hatchback,First Owner,22577.0,1.1 L Bi-Fuel
Manual,Hyundai i20,2021.0,Kolkata,Petrol,Hatchback,First Owner,9902.0,1.0 l Turbo GDi petrol
Manual,Ford Ecosport,2016.0,Kolkata,Petrol,SUV,First Owner,70000.0,Ti-VCT Petrol Engine
Manual,Hyundai Grand i10,2020.0,Kolkata,Petrol,Hatchback,First Owner,20101.0,Kappa VTVT Petrol Engine
Manual,Skoda Fabia,2011.0,Kolkata,Petrol,Hatchback,First Owner,120000.0,In-Line Petrol Engine
Manual,Tata Nexon,2021.0,Kolkata,Petrol,SUV,First Owner,15258.0,1.2l Turbocharged Revotron Engine
Automatic,Hyundai Venue,2020.0,Kolkata,Petrol,SUV,First Owner,36397.0,
Manual,Skoda Fabia,2011.0,Kolkata,Petrol,Hatchback,First Owner,120000.0,In-Line Petrol Engine
Automatic,BMW 3 Series,2012.0,Kolkata,Diesel,Sedan,First Owner,52000.0,In-Line Engine
Automatic,Mercedes-Benz GLA Class,2019.0,Kolkata,Diesel,SUV,First Owner,51900.0,2.2-litre Diesel Engine
Automatic,Honda City,2017.0,Kolkata,Petrol,Sedan,First Owner,70000.0,i VTEC Engine
Automatic,Jeep Compass,2022.0,Kolkata,Petrol,SUV,First Owner,10000.0,1.4L MultiAir Petrol
Automatic,BMW X1,2016.0,Kolkata,Diesel,SUV,First Owner,30000.0,sDrive20d Diesel Engine
Manual,Hyundai Creta,2019.0,Kolkata,Petrol,SUV,Second Owner,23303.0,VTVT Petrol Engine
Automatic,MG Hector,2020.0,Kolkata,Petrol,SUV,Second Owner,30000.0,
Manual,Mahindra XUV500,2017.0,Kolkata,Diesel,SUV,Second Owner,70000.0,mHawk Diesel Engine
Manual,Hyundai Creta,2019.0,Kolkata,Petrol,SUV,Second Owner,50000.0,VTVT Petrol Engine
Manual,Maruti Swift,2019.0,Kolkata,Petrol,Hatchback,First Owner,11326.0,VTVT Engine
Manual,Maruti Swift,2020.0,Kolkata,Petrol,Hatchback,First Owner,23609.0,VTVT Engine
Manual,Maruti Celerio,2016.0,Kolkata,Petrol,Hatchback,Second Owner,30000.0,K10B Engine
Manual,Hyundai Santro Xing,2014.0,Kolkata,Petrol,Hatchback,First Owner,60533.0,Petrol Engine 
Manual,Maruti Ciaz,2016.0,Kolkata,Petrol,Sedan,First Owner,46328.0,k14B VVT Engine
Automatic,MG Hector Plus,2020.0,Kolkata,Petrol,SUV,First Owner,60000.0,1.5L Turbocharged Intercooled
Automatic,Hyundai Venue,2019.0,Kolkata,Petrol,SUV,First Owner,31745.0,
Automatic,Toyota Fortuner,2012.0,Kolkata,Diesel,SUV,Third Owner,78668.0,D-4D Diesel Engine
Manual,Renault Kiger,2021.0,Kolkata,Petrol,SUV,First Owner,3115.0,1.0L energy
Automatic,Maruti Celerio,2022.0,Kolkata,Petrol,Hatchback,First Owner,8940.0,K10C
Manual,Hyundai Grand i10,2015.0,Kolkata,Petrol,Hatchback,First Owner,10000.0,Kappa VTVT Petrol Engine
Manual,Hyundai Xcent,2014.0,Kolkata,Petrol,Sedan,Third Owner,40000.0,Kappa VTVT Petrol Engine
Manual,Honda City,2018.0,Kolkata,Petrol,Sedan,First Owner,45652.0,i VTEC Engine
Manual,Maruti Ciaz,2019.0,Kolkata,Petrol,Sedan,First Owner,30000.0,k15B VVT Engine
Automatic,Jaguar XJ,2015.0,Kolkata,Petrol,Sedan,Fourth Owner,85033.0,Petrol Engine
Manual,Hyundai Grand i10,2017.0,Kolkata,Petrol,Hatchback,First Owner,30000.0, Kappa VTVT Petrol Engine
Manual,Hyundai i20,2011.0,Kolkata,Petrol,Hatchback,First Owner,70000.0,In-Line Engine
Manual,Maruti Swift,2019.0,Kolkata,Petrol,Hatchback,First Owner,17200.0,VTVT Engine
Manual,Honda City,2015.0,Kolkata,Petrol,Sedan,First Owner,18255.0,i VTEC Engine
Manual,Toyota Corolla Altis,2015.0,Kolkata,Petrol,Sedan,Second Owner,80000.0,2ZR-FE Petrol Engine
Manual,Maruti Celerio,2022.0,Kolkata,Petrol,Hatchback,First Owner,6398.0,K10C
Automatic,Hyundai Grand i10 Nios,2020.0,Kolkata,Petrol,Hatchback,First Owner,45739.0,1.2 Kappa petrol
Manual,Toyota Fortuner,2016.0,Kolkata,Diesel,SUV,First Owner,46000.0,D-4D Diesel Engine
Manual,Honda BR-V,2016.0,Kolkata,Petrol,SUV,First Owner,35254.0,i-VTEC Petrol Engine
Manual,Toyota Yaris,2018.0,Kolkata,Petrol,Sedan,First Owner,41334.0,1.5 Dual VVT-i Engine
Manual,Honda Brio,2014.0,Kolkata,Petrol,Hatchback,First Owner,51463.0,i-VTEC Engine
Manual,Maruti Alto 800,2019.0,Kolkata,Petrol,Hatchback,First Owner,29478.0,F8D Petrol Engine
Manual,Toyota Innova Crysta,2019.0,Kolkata,Diesel,MUV,First Owner,85101.0,2-GD FTV Engine
Manual,Maruti S-Presso,2022.0,Kolkata,Petrol,Hatchback,First Owner,6903.0,K10C
Manual,Hyundai i10,2013.0,Kolkata,Petrol,Hatchback,Second Owner,57602.0,DOHC Kappa2 Engine
Automatic,Porsche Panamera,2013.0,Kolkata,Diesel,Sedan,Second Owner,52047.0,4.8-litre V8 Engine
Automatic,Mercedes-Benz GLE,2017.0,Kolkata,Diesel,SUV,First Owner,71742.0,In Line Engine
Automatic,Volvo XC40,2023.0,Kolkata,Petrol,SUV,First Owner,413.0,
Manual,Maruti Alto 800,2015.0,Kolkata,Petrol,Hatchback,First Owner,10000.0,F8D Petrol Engine
Manual,Hyundai i10,2009.0,Kolkata,Petrol,Hatchback,First Owner,50000.0,IRDE2 Engine
Automatic,Maruti Baleno,2018.0,Kolkata,Petrol,Hatchback,First Owner,18000.0,VVT Petrol Engine
Automatic,Maruti Wagon R,2018.0,Kolkata,Petrol,Hatchback,First Owner,32000.0,K10B Petrol Engine
Manual,Ford Ecosport,2018.0,Kolkata,Diesel,SUV,First Owner,42000.0,TDCi Diesel Engine
Manual,Honda City,2014.0,Kolkata,Petrol,Sedan,First Owner,45000.0,i VTEC Engine
Automatic,Honda City,2018.0,Kolkata,Petrol,Sedan,First Owner,29000.0,i-VTEC
Manual,Maruti Ertiga,2012.0,Kolkata,Petrol,MUV,Second Owner,19675.0,K15C Smart Hybrid
Automatic,Hyundai i20,2021.0,Kolkata,Petrol,Hatchback,First Owner,20378.0,1.0 l Turbo GDi petrol
Automatic,Skoda Kushaq,2022.0,Kolkata,Petrol,SUV,First Owner,10000.0,1.0 TSI Petrol Engine
Manual,Hyundai i10,2015.0,Kolkata,Petrol,Hatchback,First Owner,33683.0,IRDE2 Engine
Manual,Maruti S-Presso,2021.0,Kolkata,Petrol,Hatchback,First Owner,18518.0,K10C
Manual,Maruti Wagon R,2016.0,Kolkata,Petrol,Hatchback,First Owner,36000.0,K Series Petrol Engine
Manual,Maruti Alto K10,2019.0,Kolkata,Petrol,Hatchback,Second Owner,30791.0,K Series Petrol Engine
Manual,Maruti Ertiga,2021.0,Kolkata,Petrol,MUV,First Owner,18000.0,K15 Smart Hybrid
Manual,Maruti Alto 800,2020.0,Kolkata,Petrol,Hatchback,First Owner,14447.0,F8D Petrol Engine
Manual,Hyundai Grand i10,2019.0,Kolkata,Petrol,Hatchback,Second Owner,19991.0,Kappa VTVT Petrol Engine
Manual,Hyundai EON,2016.0,Kolkata,Petrol,Hatchback,First Owner,24000.0,Petrol Engine
Manual,Mahindra Bolero,2019.0,Kolkata,Diesel,SUV,First Owner,41000.0,M2DiCR Diesel Engine
Manual,Audi Q3,2015.0,Kolkata,Diesel,SUV,First Owner,45000.0,TDI Diesel Engine
Automatic,Hyundai Alcazar,2021.0,Kolkata,Petrol,SUV,First Owner,10177.0,2.0 l petrol MPi engine
Manual,Hyundai Grand i10,2013.0,Kolkata,Petrol,Hatchback,First Owner,35444.0,Kappa VTVT Petrol Engine
Manual,Hyundai Grand i10,2017.0,Kolkata,Petrol,Hatchback,First Owner,35000.0,Kappa VTVT Petrol Engine
Manual,Toyota Innova Crysta,2019.0,Kolkata,Diesel,MUV,First Owner,40000.0,2-GD FTV Engine
Manual,Hyundai Grand i10,2016.0,Kolkata,Diesel,Hatchback,First Owner,49040.0,U2 CRDi  Diesel Engine
Manual,Maruti Alto,2007.0,Kolkata,Petrol,Hatchback,Second Owner,40000.0,In-Line Engine
Manual,Maruti Alto K10,2019.0,Kolkata,Petrol,Hatchback,First Owner,49546.0,K Series Petrol Engine
Manual,Maruti Swift Dzire,2014.0,Kolkata,Petrol,Sedan,First Owner,38698.0,
Manual,Honda City,2018.0,Kolkata,Petrol,Sedan,First Owner,32814.0,i-VTEC
Manual,Hyundai Xcent,2015.0,Kolkata,Petrol,Sedan,First Owner,14642.0,Kappa VTVT Petrol Engine
Manual,Maruti Alto 800,2017.0,Kolkata,Petrol,Hatchback,First Owner,33429.0,F8D Petrol Engine
Manual,Hyundai Sonata,2012.0,Kolkata,Petrol,Sedan,Second Owner,36448.0,GDi Petrol Engine
Manual,Hyundai Grand i10 Nios,2022.0,Kolkata,Petrol,Hatchback,First Owner,30739.0,1.2 Kappa petrol
Manual,Hyundai i20,2021.0,Kolkata,Petrol,Hatchback,First Owner,21300.0,1.2 l Kappa petrol
Manual,Hyundai Grand i10 Nios,2020.0,Kolkata,Petrol,Hatchback,First Owner,13463.0,1.2 Kappa petrol
Automatic,Maruti S-Presso,2019.0,Kolkata,Petrol,Hatchback,First Owner,15477.0,K10B
Automatic,Maruti Wagon R,2018.0,Kolkata,Petrol,Hatchback,First Owner,33000.0,K10B Petrol Engine
Manual,Hyundai i10,2010.0,Kolkata,Petrol,Hatchback,Second Owner,50000.0,DOHC Engine
Automatic,Audi Q2,2021.0,Kolkata,Petrol,SUV,First Owner,15766.0,2.0 L 40 TFS
Automatic,Hyundai Alcazar,2021.0,Kolkata,Diesel,SUV,First Owner,28895.0,1.5 l diesel CRDi engine
Manual,Maruti Baleno,2019.0,Kolkata,Petrol,Hatchback,First Owner,10000.0,VVT Petrol Engine
Manual,Volkswagen Vento,2015.0,Kolkata,Diesel,Sedan,First Owner,50000.0,TDI Diesel Engine
Automatic,Mahindra XUV500,2016.0,Kolkata,Diesel,SUV,Second Owner,70000.0,mHawk Diesel Engine
Automatic,Mercedes-Benz C-Class,2020.0,Kolkata,Diesel,Sedan,First Owner,24600.0,In-Line Engine
Manual,Mahindra Thar,2023.0,Kolkata,Diesel,SUV,First Owner,10711.0,mHawk 130 Engine
Manual,Maruti Ertiga,2018.0,Kolkata,Petrol,MUV,First Owner,90000.0,K14B Petrol Engine
Manual,Hyundai Venue,2020.0,Kolkata,Petrol,SUV,First Owner,19712.0,Kappa 1.0 L Turbo GDi Petrol
Automatic,Honda City,2019.0,Kolkata,Petrol,Sedan,First Owner,31772.0,i VTEC Engine
Manual,Ambassador,2013.0,Kolkata,Diesel,Sedan,First Owner,150000.0,In-Line Engine
Manual,Hyundai Verna,2019.0,Kolkata,Petrol,Sedan,First Owner,31055.0,VTVT Petrol Engine
Manual,Renault Duster,2021.0,Kolkata,Petrol,SUV,First Owner,25695.0,1.5L Petrol
Manual,Maruti S-Presso,2021.0,Kolkata,Petrol,Hatchback,First Owner,20000.0,K10C
Manual,Mahindra XUV300,2019.0,Kolkata,Diesel,SUV,First Owner,24181.0,1.5 Diesel Engine
Automatic,Kia Seltos,2020.0,Kolkata,Diesel,SUV,First Owner,70000.0,1.5 L CRDi VGT
Manual,Renault Duster,2020.0,Kolkata,Petrol,SUV,First Owner,42970.0,1.5L petrol Engine
Manual,Maruti Alto,2012.0,Kolkata,Petrol,Hatchback,Second Owner,12541.0,In-Line Engine
Manual,Hyundai i20,2019.0,Kolkata,Petrol,Hatchback,First Owner,10000.0,Kappa VTVT Petrol Engine
Manual,Hyundai Grand i10 Nios,2021.0,Kolkata,Petrol,Hatchback,Second Owner,10000.0,1.2 Kappa petrol
Manual,Honda City,2015.0,Kolkata,Petrol,Sedan,First Owner,49817.0,SOHC i-VTEC
Manual,Hyundai Grand i10 Nios,2021.0,Kolkata,Petrol,Hatchback,Second Owner,10000.0,1.2 Kappa petrol
Manual,Renault KWID,2016.0,Kolkata,Petrol,Hatchback,Second Owner,30000.0,Petrol Engine
Manual,Tata Nexon,2022.0,Kolkata,Petrol,SUV,Second Owner,10000.0,1.2l Turbocharged Revotron Engine
Manual,Hyundai Grand i10,2013.0,Kolkata,Diesel,Hatchback,First Owner,20000.0,U2 CRDi  Diesel Engine
Manual,Maruti XL6,2021.0,Kolkata,Petrol,MUV,Second Owner,10000.0,K15B Smart Hybrid
Manual,Mahindra XUV500,2015.0,Kolkata,Diesel,SUV,Second Owner,80000.0,mHawk Diesel Engine
Manual,Hyundai Xcent,2014.0,Kolkata,Diesel,Sedan,Second Owner,70000.0,U2 CRDI Diesel  Engine
Manual,Maruti Swift,2020.0,Kolkata,Petrol,Hatchback,First Owner,6347.0,VTVT Engine
Automatic,Maruti Ignis,2019.0,Kolkata,Petrol,Hatchback,Second Owner,19437.0,1.2-Litre VVT Petrol Engine
Manual,Maruti Swift,2019.0,Kolkata,Diesel,Hatchback,First Owner,61262.0,DDiS 190 Engine
Manual,Tata Nexon,2021.0,Kolkata,Petrol,SUV,First Owner,6059.0,1.2l Turbocharged Revotron Engine
Manual,Tata Altroz,2022.0,Kolkata,Diesel,Hatchback,First Owner,9134.0,1.5 l Turbocharged Revotorq
Manual,Maruti Baleno,2022.0,Kolkata,Petrol,Hatchback,First Owner,23092.0,VVT Petrol Engine
Manual,Tata Altroz,2020.0,Kolkata,Diesel,Hatchback,First Owner,33937.0,1.5 l Turbocharged Revotorq
Manual,Maruti Ciaz,2015.0,Kolkata,Petrol,Sedan,First Owner,20000.0,k14B VVT Engine
Manual,Toyota Etios Liva,2017.0,Kolkata,Petrol,Hatchback,First Owner,49134.0,Petrol Engine
Manual,Maruti Ritz,2010.0,Kolkata,Petrol,Hatchback,Second Owner,71900.0,K Series Petrol Engine 
Manual,Maruti Wagon R,2020.0,Kolkata,Petrol,Hatchback,First Owner,20000.0,K10B Petrol Engine
Automatic,BMW 5 Series,2019.0,Kolkata,Diesel,Sedan,First Owner,20000.0,Diesel Engine
Automatic,Honda Amaze,2021.0,Kolkata,Petrol,Sedan,First Owner,10000.0,i-VTEC Petrol Engine
Automatic,Ford Endeavour,2017.0,Kolkata,Diesel,SUV,First Owner,22336.0,Diesel Engine
Automatic,BMW X1,2016.0,Kolkata,Diesel,SUV,First Owner,30000.0,Diesel Engine
Manual,Hyundai i20,2019.0,Kolkata,Petrol,Hatchback,Second Owner,10000.0,Kappa VTVT Petrol Engine
Manual,Honda City,2019.0,Kolkata,Petrol,Sedan,First Owner,48384.0,i VTEC Engine
Automatic,MG Hector,2019.0,Kolkata,Petrol,SUV,First Owner,32000.0,
Manual,Skoda Rapid,2020.0,Kolkata,Petrol,Sedan,First Owner,20000.0,Petrol Engine
Manual,Toyota Etios,2015.0,Kolkata,Petrol,Sedan,First Owner,56023.0,Petrol Engine
Manual,Hyundai Elantra,2019.0,Kolkata,Diesel,Sedan,Second Owner,60840.0,U2 VGT CRDi Diesel Engine
Automatic,Nissan Micra,2017.0,Kolkata,Petrol,Hatchback,First Owner,18984.0,In Line Petrol Engine
Manual,Maruti Ertiga,2014.0,Kolkata,Petrol,MUV,First Owner,50000.0,K Series Petrol Engine
Manual,Tata Zest,2017.0,Kolkata,Diesel,Sedan,First Owner,115173.0,Quadrajet Engine
Manual,Maruti Alto K10,2014.0,Kolkata,Petrol,Hatchback,First Owner,26251.0,K Series Petrol Engine
Automatic,Mercedes-Benz GLA Class,2015.0,Kolkata,Diesel,SUV,Second Owner,35700.0,Diesel Engine
Automatic,Maruti S-Presso,2021.0,Kolkata,Petrol,Hatchback,Second Owner,6230.0,K10B
Manual,Tata Nexon,2020.0,Kolkata,Petrol,SUV,First Owner,30000.0,1.2l Turbocharged Revotron Engine
Automatic,Honda Amaze,2022.0,Kolkata,Petrol,Sedan,First Owner,25228.0,i-VTEC
Manual,Hyundai Creta,2019.0,Kolkata,Petrol,SUV,First Owner,46717.0,VTVT Petrol Engine
Manual,Hyundai i10,2013.0,Kolkata,Petrol,Hatchback,First Owner,20000.0,DOHC Kappa2 Engine
Automatic,Maruti Ertiga,2018.0,Kolkata,Petrol,MUV,First Owner,120000.0,K15 Smart Hybrid
Manual,Skoda Rapid,2014.0,Kolkata,Diesel,Sedan,First Owner,65000.0,Turbocharged Diesel Engin
Manual,Honda Amaze,2018.0,Kolkata,Petrol,Sedan,First Owner,91000.0,i-VTEC Petrol Engine
Manual,Hyundai i20 Active,2017.0,Kolkata,Petrol,Hatchback,First Owner,45000.0,VTVT Petrol Engine
Automatic,Mercedes-Benz AMG GT,2016.0,Kolkata,Petrol,Coupe,First Owner,30000.0,4.0-L V8 BITURBO engine
Manual,Maruti Ciaz,2019.0,Kolkata,Petrol,Sedan,First Owner,30000.0,k15B VVT Engine
Manual,Maruti Baleno,2017.0,Kolkata,Petrol,Hatchback,First Owner,60000.0,VVT Petrol Engine
Manual,Toyota Etios,2014.0,Kolkata,Petrol,Sedan,First Owner,56000.0,Petrol Engine
Manual,Hyundai Verna,2016.0,Kolkata,Petrol,Sedan,First Owner,54419.0,VTVT Petrol Engine
Automatic,Renault Triber,2020.0,Kolkata,Petrol,MUV,First Owner,22746.0,
Manual,Maruti Alto 800,2020.0,Kolkata,Petrol,Hatchback,First Owner,5385.0,F8D Petrol Engine
Automatic,Audi A6,2014.0,Kolkata,Diesel,Sedan,First Owner,40375.0,TDI Diesel Engine 
Automatic,Hyundai i20,2020.0,Kolkata,Petrol,Hatchback,First Owner,10837.0,1.0 l Turbo GDi petrol
Manual,Maruti Alto 800,2020.0,Kolkata,Petrol,Hatchback,First Owner,4521.0,F8D Petrol Engine
Automatic,BMW 3 Series,2019.0,Kolkata,Diesel,Sedan,Second Owner,25990.0,TwinPower Turbo 4 Cylinder Engine
Manual,Maruti Swift Dzire,2021.0,Kolkata,Petrol,Sedan,First Owner,6805.0,
Automatic,Mercedes-Benz C-Class,2011.0,Kolkata,Diesel,Sedan,First Owner,47000.0,In-Line Engine
Automatic,Maruti S-Presso,2021.0,Kolkata,Petrol,Hatchback,First Owner,23733.0,K10B
Manual,Maruti S-Presso,2021.0,Kolkata,Petrol,Hatchback,First Owner,9473.0,K10C
Manual,Renault Duster,2013.0,Kolkata,Diesel,SUV,First Owner,150000.0,dCi Diesel Engine
Automatic,Hyundai Xcent,2015.0,Kolkata,Petrol,Sedan,Second Owner,70000.0,Kappa VTVT Petrol Engine
Automatic,Volvo XC60,2019.0,Kolkata,Diesel,SUV,Second Owner,38200.0,Turbo Diesel Engine
Automatic,Mahindra Alturas G4,2020.0,Kolkata,Diesel,SUV,First Owner,76187.0,2.2L Diesel Engine
Automatic,BMW X3,2016.0,Kolkata,Diesel,SUV,First Owner,40000.0,xDrive30d Diesel Engine 
Automatic,Honda New Accord,2008.0,Kolkata,Petrol,Sedan,Third Owner,89398.0,DOHC i-VTEC
Manual,Hyundai Verna,2018.0,Kolkata,Petrol,Sedan,First Owner,50000.0,VTVT Petrol Engine
Automatic,Toyota Camry,2014.0,Kolkata,Petrol,Sedan,Third Owner,70000.0,2AR FXE Petrol Engine 
Manual,Mahindra TUV 300,2017.0,Kolkata,Diesel,SUV,First Owner,37000.0,mHawk 100 Diesel Engine
Manual,Ford Figo,2011.0,Kolkata,Petrol,Hatchback,Second Owner,42000.0,Duratec Petrol Engine
Automatic,Maruti Alto K10,2016.0,Kolkata,Petrol,Hatchback,First Owner,19392.0,K Series Petrol Engine
Manual,Maruti Alto 800,2021.0,Kolkata,Petrol,Hatchback,First Owner,9522.0,F8D Petrol Engine
Manual,Honda Amaze,2014.0,Kolkata,Petrol,Sedan,First Owner,28880.0,i-VTEC Petrol Engine
Manual,Chevrolet Beat,2016.0,Kolkata,Petrol,Hatchback,First Owner,19003.0,SMARTECH Petrol Engine
Manual,Maruti Alto 800,2016.0,Kolkata,Petrol,Hatchback,First Owner,28329.0,F8D Petrol Engine
Manual,Hyundai i20,2022.0,Kolkata,Petrol,Hatchback,First Owner,9326.0,1.2 l Kappa petrol
Manual,Maruti Swift,2020.0,Kolkata,Petrol,Hatchback,First Owner,47584.0,VTVT Engine
Manual,Kia Seltos,2022.0,Kolkata,Petrol,SUV,Second Owner,10000.0,Smartstream G1.4
Manual,Hyundai Grand i10,2019.0,Kolkata,Petrol,Hatchback,First Owner,24021.0,Kappa VTVT Petrol Engine
Manual,Maruti Alto K10,2019.0,Kolkata,Petrol,Hatchback,Second Owner,44094.0,K Series Petrol Engine
Automatic,Jeep Compass,2020.0,Kolkata,Diesel,SUV,First Owner,45107.0,2.0-Litre 4-Cyl Multijet II Engine
Automatic,Maruti Swift Dzire,2015.0,Kolkata,Petrol,Sedan,First Owner,9470.0,K Series VVT Engine
Manual,Toyota Innova,2007.0,Kolkata,Diesel,MUV,First Owner,125000.0,2KD-FTV Diesel Engine
Manual,Maruti S-Presso,2021.0,Kolkata,Petrol,Hatchback,First Owner,7000.0,K10C
Manual,Maruti Baleno,2018.0,Kolkata,Diesel,Hatchback,First Owner,73000.0,DDiS Diesel Engine
Manual,Maruti Brezza,2022.0,Kolkata,Petrol,SUV,First Owner,11000.0,K15C Smart Hybrid
Manual,Hyundai i10,2010.0,Kolkata,Petrol,Hatchback,First Owner,30000.0,DOHC Engine
Manual,Nissan Terrano,2013.0,Kolkata,Diesel,SUV,First Owner,35500.0,K9K Diesel Engine
Automatic,Maruti Swift,2019.0,Kolkata,Petrol,Hatchback,First Owner,10000.0,VTVT Engine
Manual,Hyundai Grand i10,2017.0,Kolkata,Diesel,Hatchback,Second Owner,43000.0,U2 CRDi  Diesel Engine
Manual,Maruti Wagon R,2021.0,Kolkata,CNG,Hatchback,First Owner,34144.0,K10B Petrol Engine
Manual,Hyundai Grand i10 Nios,2021.0,Kolkata,Petrol,Hatchback,First Owner,6669.0,1.2 Kappa petrol
Manual,Hyundai Grand i10,2019.0,Kolkata,Petrol,Hatchback,First Owner,22618.0,Kappa VTVT Petrol Engine
Manual,Maruti Wagon R,2019.0,Kolkata,CNG,Hatchback,First Owner,27042.0,K10B Petrol Engine
Manual,Hyundai Creta,2016.0,Kolkata,Petrol,SUV,First Owner,38224.0,VTVT Petrol Engine
Automatic,Honda City,2018.0,Kolkata,Petrol,Sedan,First Owner,23379.0,i VTEC Engine
Automatic,Mercedes-Benz CLA,2018.0,Kolkata,Diesel,Sedan,First Owner,47000.0,In Line Diesel Engine
Manual,Maruti Alto 800,2019.0,Kolkata,Petrol,Hatchback,First Owner,21388.0,F8D Petrol Engine
Manual,Maruti Wagon R,2015.0,Kolkata,Petrol,Hatchback,First Owner,23005.0,K Series Petrol Engine
Automatic,Hyundai Elantra,2021.0,Kolkata,Petrol,Sedan,First Owner,7308.0,Nu 2.0 MPi Petrol Engine
Automatic,BMW 3 Series,2008.0,Kolkata,Diesel,Sedan,First Owner,90000.0,In-Line Engine
Manual,Chevrolet Beat,2013.0,Kolkata,Petrol,Hatchback,First Owner,60000.0,Smartech Engine
Manual,Volkswagen Polo,2016.0,Kolkata,Petrol,Hatchback,First Owner,60000.0,MPI Petrol Engine
Automatic,Kia Seltos,2020.0,Kolkata,Petrol,SUV,First Owner,36674.0,Smartstream G1.4
Automatic,Maruti Wagon R,2019.0,Kolkata,Petrol,Hatchback,First Owner,20000.0,K10B Petrol Engine
Manual,Maruti Swift Dzire,2018.0,Kolkata,Petrol,Sedan,First Owner,17153.0,K Series VVT Engine
Manual,Mahindra XUV500,2018.0,Kolkata,Diesel,SUV,First Owner,39000.0,mHawk Diesel Engine
Manual,Maruti Wagon R,2020.0,Kolkata,Petrol,Hatchback,First Owner,32165.0,K10B Petrol Engine
Manual,Skoda Rapid,2018.0,Kolkata,Petrol,Sedan,First Owner,27447.0,Petrol Engine
Manual,Maruti Alto 800,2015.0,Kolkata,Petrol,Hatchback,First Owner,26305.0,F8D Petrol Engine
Manual,Maruti Alto,2008.0,Kolkata,Petrol,Hatchback,First Owner,20000.0,In-Line Engine
Manual,Datsun RediGO,2018.0,Kolkata,Petrol,Hatchback,Second Owner,17024.0,0.8L Petrol Engine
Automatic,Honda City,2020.0,Kolkata,Petrol,Sedan,First Owner,9243.0,Water Cooled Inline i-VTEC DOHC with VTC
Manual,Skoda Rapid,2017.0,Kolkata,Petrol,Sedan,First Owner,100000.0,Petrol Engine
Manual,Datsun GO,2017.0,Kolkata,Petrol,Hatchback,First Owner,19280.0,Petrol Engine
Manual,Hyundai Venue,2019.0,Kolkata,Petrol,SUV,First Owner,10000.0,
Manual,Maruti Swift Dzire,2021.0,Kolkata,Petrol,Sedan,First Owner,9646.0,
Manual,Maruti SX4 S Cross,2020.0,Kolkata,Petrol,SUV,First Owner,11344.0,K15B Smart Hybrid
Automatic,BMW 3 Series,2021.0,Kolkata,Petrol,Sedan,First Owner,17899.0,TwinPower Turbo 4 Cylinder Petrol Engine
Manual,Renault KWID,2021.0,Kolkata,Petrol,Hatchback,,6000.0,Petrol Engine
Manual,Chevrolet Beat,2010.0,Kolkata,Petrol,Hatchback,First Owner,80000.0,Smartech Engine
Manual,Tata Indica,2006.0,Kolkata,Diesel,Hatchback,First Owner,50000.0,In-Line Engine
Manual,Hyundai i20,2014.0,Kolkata,Diesel,Hatchback,Second Owner,35000.0,U2 CRDI Diesel Engine
Manual,Maruti Ertiga,2015.0,Kolkata,Petrol,MUV,Second Owner,31244.0,K14B Petrol Engine
Manual,Hyundai Grand i10,2017.0,Kolkata,Petrol,Hatchback,First Owner,40000.0,Kappa VTVT Petrol Engine
Manual,Chevrolet Beat,2012.0,Kolkata,Petrol,Hatchback,Second Owner,30000.0,Smartech Engine
Manual,Tata Indigo,2012.0,Kolkata,Diesel,Sedan,First Owner,60000.0,16V DOHC Common Rail CR4
Automatic,BMW 5 Series,2010.0,Kolkata,Diesel,Sedan,First Owner,70000.0,In-Line Engine
Manual,Hyundai EON,2015.0,Kolkata,Petrol,Hatchback,First Owner,65440.0,Petrol Engine
Manual,Tata Altroz,2021.0,Kolkata,Petrol,Hatchback,First Owner,35884.0,1.2 l Revotron
Manual,Toyota Corolla Altis,2015.0,Kolkata,Petrol,Sedan,First Owner,77500.0,2ZR-FE Petrol Engine
Manual,Toyota Corolla Altis,2015.0,Kolkata,Petrol,Sedan,First Owner,59729.0,2ZR-FE Petrol Engine
Manual,Maruti Alto 800,2014.0,Kolkata,Petrol,Hatchback,First Owner,64854.0,F8D Petrol Engine
Manual,Maruti Swift Dzire,2018.0,Kolkata,Petrol,Sedan,Second Owner,29836.0,K Series VVT Engine
Manual,Ford Aspire,2017.0,Kolkata,Diesel,Sedan,First Owner,74094.0,TDCi Diesel Engine
Manual,Maruti Swift,2021.0,Kolkata,Petrol,Hatchback,First Owner,11590.0,K Series Dual jet
Manual,Honda Jazz,2021.0,Kolkata,Petrol,Hatchback,First Owner,9461.0,1.2 i-VTEC
Manual,Renault Scala,2014.0,Kolkata,Diesel,Sedan,Third Owner,59006.0,dCi Diesel Engine 
Manual,Toyota Innova Crysta,2022.0,Kolkata,Diesel,MUV,First Owner,10000.0,2.4L Diesel Engine
Manual,Maruti Swift Dzire,2017.0,Kolkata,Diesel,Sedan,Second Owner,150000.0,DDiS Diesel Engine
Manual,Honda Amaze,2016.0,Kolkata,Petrol,Sedan,Third Owner,40000.0,i-VTEC Petrol Engine
Manual,Maruti Swift Dzire,2009.0,Kolkata,Diesel,Sedan,Second Owner,80000.0,In-Line Engine
Automatic,Toyota Fortuner,2016.0,Kolkata,Diesel,SUV,First Owner,90000.0,D-4D Diesel Engine
Automatic,Land Rover Freelander 2,2012.0,Kolkata,Diesel,SUV,Second Owner,80000.0,SD4 Diesel Engine 
Manual,Toyota Fortuner,2014.0,Kolkata,Diesel,SUV,Second Owner,73000.0,D-4D Diesel Engine
Manual,Maruti Wagon R,2010.0,Kolkata,Petrol,Hatchback,First Owner,150000.0,K Series Petrol Engine
Automatic,Mercedes-Benz E-Class,2018.0,Kolkata,Diesel,Sedan,First Owner,33600.0,V6 Diesel Engine
Manual,Toyota Etios Liva,2011.0,Kolkata,Diesel,Hatchback,Third Owner,60000.0,
Manual,Honda Jazz,2016.0,Kolkata,Petrol,Hatchback,First Owner,82286.0,i-VTEC Petrol Engine
Manual,Honda CR-V,2010.0,Kolkata,Petrol,SUV,Second Owner,59880.0,
Manual,Toyota Innova Crysta,2021.0,Kolkata,Diesel,MUV,First Owner,29841.0,2.4L Diesel Engine
Manual,Maruti Celerio,2022.0,Kolkata,Petrol,Hatchback,First Owner,10518.0,K10C
Manual,Maruti Celerio,2020.0,Kolkata,Petrol,Hatchback,First Owner,6204.0,K10B Engine
Manual,Mahindra Marazzo,2020.0,Kolkata,Diesel,MUV,First Owner,20000.0,D15 1.5 Litre Diesel Engine
Manual,Hyundai i20,2013.0,Kolkata,Petrol,Hatchback,First Owner,23696.0,Kappa VTVT Petrol Engine
Manual,Toyota Innova,2016.0,Kolkata,Diesel,MUV,First Owner,112000.0,2KD-FTV Diesel Engine
Manual,Maruti Alto 800,2020.0,Kolkata,Petrol,Hatchback,First Owner,7569.0,F8D Petrol Engine
Automatic,Maruti Swift,2019.0,Kolkata,Petrol,Hatchback,First Owner,18800.0,VTVT Engine
Automatic,Renault KWID,2018.0,Kolkata,Petrol,Hatchback,First Owner,32147.0,Petrol Engine
Manual,Ford Ecosport,2016.0,Kolkata,Petrol,SUV,First Owner,27000.0,Ti-VCT Petrol Engine
Manual,Chevrolet Beat,2010.0,Kolkata,Petrol,Hatchback,First Owner,35100.0,Smartech Engine
Manual,Tata Nexon,2022.0,Kolkata,Petrol,SUV,First Owner,20000.0,1.2l Turbocharged Revotron Engine
Manual,Hyundai Grand i10,2014.0,Kolkata,Petrol,Hatchback,First Owner,31458.0,Kappa VTVT Petrol Engine
Automatic,Audi A4,2015.0,Kolkata,Petrol,Sedan,First Owner,12000.0,TFSI Petrol Engine
Manual,Honda Amaze,2021.0,Kolkata,Petrol,Sedan,First Owner,10000.0,i-VTEC Petrol Engine
Automatic,Maruti Vitara Brezza,2018.0,Kolkata,Diesel,SUV,First Owner,32000.0,DDiS 200 Diesel Engine
Manual,Maruti Swift,2012.0,Kolkata,Diesel,Hatchback,First Owner,37659.0,DDiS Diesel Engine
Automatic,Maruti Swift Dzire,2020.0,Kolkata,Petrol,Sedan,First Owner,31479.0,
Manual,Maruti Alto 800,2019.0,Kolkata,Petrol,Hatchback,First Owner,10998.0,F8D Petrol Engine
Automatic,Renault KWID,2021.0,Kolkata,Petrol,Hatchback,First Owner,10000.0,Petrol Engine
Manual,Maruti Wagon R,2021.0,Kolkata,CNG,Hatchback,First Owner,27370.0,K10B Petrol Engine
Manual,Maruti Swift,2016.0,Kolkata,Petrol,Hatchback,First Owner,39714.0,K Series VVT Engine
Manual,Hyundai EON,2015.0,Kolkata,Petrol,Hatchback,First Owner,34000.0,Petrol Engine
Manual,Hyundai i10,2015.0,Kolkata,Petrol,Hatchback,Second Owner,41469.0,DOHC Kappa2 Engine
Manual,Maruti Baleno,2019.0,Kolkata,Petrol,Hatchback,First Owner,6033.0,VVT Petrol Engine
Manual,Maruti Alto 800,2017.0,Kolkata,Petrol,Hatchback,First Owner,28036.0,F8D Petrol Engine
Manual,Maruti Alto 800,2014.0,Kolkata,Petrol,Hatchback,First Owner,19631.0,F8D Petrol Engine
Manual,Mahindra KUV 100,2016.0,Kolkata,Diesel,SUV,First Owner,70000.0,mFALCON D75 Engine
Manual,Honda City,2015.0,Kolkata,Petrol,Sedan,First Owner,50000.0,i VTEC Engine
Manual,Mahindra XUV500,2020.0,Kolkata,Diesel,SUV,First Owner,33197.0,mHawk155 Diesel Engine
Manual,Maruti Baleno,2018.0,Kolkata,Petrol,Hatchback,First Owner,29000.0,VVT Petrol Engine
Automatic,Tata Nexon,2021.0,Kolkata,Petrol,SUV,First Owner,60000.0,1.2l Turbocharged Revotron Engine
Manual,Maruti Wagon R,2018.0,Kolkata,Petrol,Hatchback,First Owner,48000.0,K10B Petrol Engine
Manual,Hyundai EON,2013.0,Kolkata,Petrol,Hatchback,First Owner,10000.0,Petrol Engine
Manual,Maruti Swift,2018.0,Kolkata,Petrol,Hatchback,First Owner,41000.0,VTVT Engine
Manual,Mahindra Scorpio,2017.0,Kolkata,Diesel,SUV,Second Owner,79955.0,mHawk Diesel  Engine
Automatic,Mercedes-Benz C-Class,2020.0,Kolkata,Diesel,Sedan,First Owner,25910.0,In-Line Engine
Manual,Hyundai EON,2018.0,Kolkata,Petrol,Hatchback,Second Owner,44446.0,Petrol Engine
Manual,Tata Tiago,2018.0,Kolkata,Diesel,Hatchback,First Owner,30658.0,Revotorq Engine
Manual,Honda City,2017.0,Kolkata,Petrol,Sedan,First Owner,44000.0,i VTEC Engine
Manual,Tata Tiago,2017.0,Kolkata,Petrol,Hatchback,First Owner,55073.0,Revotron Engine
Automatic,Toyota Corolla Altis,2012.0,Kolkata,Petrol,Sedan,First Owner,43886.0,DOHC Dual VVT-i Petrol En
Manual,Mahindra Marazzo,2022.0,Kolkata,Diesel,MUV,First Owner,20000.0,D15 1.5 Litre Diesel Engine
Manual,Honda City,2016.0,Kolkata,Petrol,Sedan,Second Owner,118569.0,i VTEC Engine
Manual,Volkswagen Vento,2014.0,Kolkata,Diesel,Sedan,First Owner,30000.0,TDI Diesel Engine
Manual,Maruti Alto 800,2019.0,Kolkata,Petrol,Hatchback,First Owner,18060.0,F8D Petrol Engine
Manual,Honda Amaze,2014.0,Kolkata,Petrol,Sedan,First Owner,94042.0,i-VTEC Petrol Engine
Manual,Mahindra Scorpio,2017.0,Kolkata,Diesel,SUV,First Owner,90438.0,mHawk Diesel Engine
Manual,Maruti Wagon R,2009.0,Kolkata,Petrol,Hatchback,Second Owner,120000.0,K Series Petrol Engine
Manual,Hyundai Santro Xing,2009.0,Kolkata,Petrol,Hatchback,First Owner,80000.0,Petrol Engine 
Manual,Jeep Compass,2018.0,Kolkata,Diesel,SUV,First Owner,50000.0,2.0-Litre 4-Cyl Multijet II Engine
Manual,Maruti Ritz,2010.0,Kolkata,Petrol,Hatchback,Third Owner,60000.0,K Series Petrol Engine
Manual,Maruti Estilo,2010.0,Kolkata,Petrol,Hatchback,Second Owner,70000.0,
Automatic,MG Hector,2020.0,Kolkata,Petrol,SUV,Second Owner,30000.0,
Manual,Kia Sonet,2021.0,Kolkata,Petrol,SUV,First Owner,975000.0,Smartstream G1.0 T - GDi
Manual,Hyundai Creta,2018.0,Kolkata,Diesel,SUV,First Owner,55000.0,U2 CRDI VGT Engine
Automatic,Mercedes-Benz C-Class,2017.0,Kolkata,Diesel,Sedan,First Owner,30000.0,In-Line Engine
Manual,Hyundai i10,2010.0,Kolkata,Petrol,Hatchback,First Owner,104900.0,Petrol Engine
Manual,Toyota Yaris,2018.0,Kolkata,Petrol,Sedan,Second Owner,24092.0,1.5 Dual VVT-i Engine
Manual,Maruti Swift Dzire,2017.0,Kolkata,Diesel,Sedan,Second Owner,90000.0,DDiS Diesel Engine
Manual,Tata Altroz,2020.0,Kolkata,Petrol,Hatchback,First Owner,28519.0,1.2 l Revotron
Manual,Honda Jazz,2016.0,Kolkata,Petrol,Hatchback,First Owner,88785.0,i-VTEC Petrol Engine
Manual,Volkswagen Polo,2015.0,Kolkata,Petrol,Hatchback,Second Owner,90000.0,MPI Petrol Engine
Manual,Tata Hexa,2019.0,Kolkata,Diesel,MUV,First Owner,79755.0,2.2 LTR. VARICOR 400
Manual,Hyundai i20,2017.0,Kolkata,Petrol,Hatchback,Second Owner,80000.0,Kappa VTVT Petrol Engine
Manual,Mahindra KUV 100 NXT,2017.0,Kolkata,Petrol,Hatchback,Second Owner,68832.0,mFALCON G80 Engine
Manual,Jeep Compass,2017.0,Kolkata,Diesel,SUV,Second Owner,70857.0,2.0-Litre 4-Cyl Multijet II Engine
Manual,Honda City,2010.0,Kolkata,Petrol,Sedan,Third Owner,50000.0,In-Line Engine
Manual,Maruti Ciaz,2015.0,Kolkata,Diesel,Sedan,First Owner,80000.0,DDIS 200 Engine
Manual,Maruti Ritz,2010.0,Kolkata,Diesel,Hatchback,Second Owner,110000.0,Diesel
Manual,Maruti Wagon R,2013.0,Kolkata,Petrol,Hatchback,First Owner,60000.0,K10B Petrol Engine
Manual,Hyundai Grand i10,2014.0,Kolkata,Petrol,Hatchback,Second Owner,70000.0,Kappa VTVT Petrol Engine
Manual,Maruti Swift Dzire,2011.0,Kolkata,Petrol,Sedan,Second Owner,100000.0,In-Line Engine
Manual,Hyundai Xcent,2014.0,Kolkata,Petrol,Sedan,First Owner,38000.0,Kappa VTVT Petrol Engine
Manual,Hyundai i20,2013.0,Kolkata,Petrol,Hatchback,Fifth Owner,60000.0,Kappa VTVT Petrol Engine
Manual,Toyota Innova,2014.0,Kolkata,Diesel,MUV,Second Owner,55000.0,2KD-FTV Diesel Engine
Manual,Hyundai Xcent,2015.0,Kolkata,Petrol,Sedan,First Owner,60000.0,Kappa VTVT Petrol Engine
Manual,Hyundai Venue,2022.0,Kolkata,Petrol,SUV,First Owner,4034.0,Kappa 1.0 L Turbo GDi Petrol
Manual,Chevrolet Beat,2014.0,Kolkata,Diesel,Hatchback,Second Owner,28614.0,SMARTECH Diesel Engine
Manual,Maruti Wagon R,2010.0,Kolkata,Petrol,Hatchback,First Owner,60000.0,K Series Petrol Engine
Manual,Maruti Alto 800,2015.0,Kolkata,Petrol,Hatchback,First Owner,34895.0,F8D Petrol Engine
Automatic,Maruti Baleno,2021.0,Kolkata,Petrol,Hatchback,First Owner,5891.0,1.2L VVT Engine
Automatic,Mercedes-Benz E-Class,2017.0,Kolkata,Petrol,Sedan,Second Owner,28204.0,In-Line Petrol Engine 
Automatic,Maruti Ignis,2020.0,Kolkata,Petrol,Hatchback,Second Owner,17776.0,1.2-Litre VVT Petrol Engine
Manual,Honda City,2017.0,Kolkata,Diesel,Sedan,First Owner,66000.0,i DTEC Diesel Engine 
Automatic,Maruti Wagon R,2020.0,Kolkata,Petrol,Hatchback,First Owner,10667.0,K12M Petrol Engine
Manual,Kia Sonet,2021.0,Kolkata,Diesel,SUV,First Owner,27218.0,1.5 L CRDi WGT
Automatic,BMW 3 Series Gran Limousine,2023.0,Kolkata,Petrol,Coupe,First Owner,170.0,TwinPower Turbo
Manual,Ford Figo,2015.0,Kolkata,Petrol,Hatchback,First Owner,28000.0,Ti-VCT Petrol Engine
Automatic,Audi S5 Sportback,2021.0,Kolkata,Petrol,Coupe,Second Owner,12300.0,3.0 L V6 TFSI Petrol engine
Automatic,Kia Seltos,2020.0,Kolkata,Petrol,SUV,Second Owner,10372.0,SMARTSTREAM G1.5
Manual,Maruti Baleno,2019.0,Kolkata,Petrol,Hatchback,First Owner,6000.0,VVT Petrol Engine
Automatic,Jeep Compass,2018.0,Kolkata,Petrol,SUV,First Owner,30022.0,1.4-Litre 4-Cyl Multiair Engine
Automatic,Jeep Compass,2018.0,Kolkata,Petrol,SUV,First Owner,47000.0,1.4-Litre 4-Cyl Multiair Engine
Automatic,Land Rover Range Rover Evoque,2021.0,Kolkata,Diesel,SUV,Second Owner,50247.0,Diesel engine
Manual,Maruti S-Presso,2022.0,Kolkata,Petrol,Hatchback,First Owner,2704.0,K10C
Manual,Maruti Celerio,2022.0,Kolkata,Petrol,Hatchback,First Owner,14425.0,K10C
Manual,Maruti Ignis,2018.0,Kolkata,Petrol,Hatchback,First Owner,40000.0,1.2-Litre VVT Petrol Engine
Automatic,Volkswagen Vento,2017.0,Kolkata,Petrol,Sedan,Second Owner,32488.0,TSI Petrol Engine
Manual,Honda Brio,2012.0,Kolkata,Petrol,Hatchback,Second Owner,73949.0,i-VTEC Engine
Automatic,Maruti Celerio,2018.0,Kolkata,Petrol,Hatchback,First Owner,40000.0,K10B Engine
Manual,Hyundai Grand i10,2014.0,Kolkata,Petrol,Hatchback,Second Owner,55920.0,Kappa VTVT Petrol Engine
Manual,Ford Ecosport,2017.0,Kolkata,Petrol,SUV,First Owner,30000.0,Ti-VCT Petrol Engine
Manual,Maruti Swift,2014.0,Kolkata,Petrol,Hatchback,First Owner,33805.0,K Series Dual jet
Manual,Hyundai Xcent,2014.0,Kolkata,Petrol,Sedan,First Owner,73781.0,Kappa VTVT Petrol Engine
Manual,Maruti Alto 800,2015.0,Kolkata,Petrol,Hatchback,Second Owner,50000.0,F8D Petrol Engine
Manual,Hyundai i20,2014.0,Kolkata,Petrol,Hatchback,First Owner,65000.0,Kappa VTVT Petrol Engine
Manual,Hyundai i20,2011.0,Kolkata,Petrol,Hatchback,Second Owner,48072.0,In-Line Engine
Automatic,Kia Seltos,2020.0,Kolkata,Petrol,SUV,First Owner,75420.0,Smartstream G1.4
Automatic,Mercedes-Benz C-Class,2019.0,Kolkata,Diesel,Sedan,Second Owner,16100.0,In-Line Engine
Manual,Maruti Vitara Brezza,2018.0,Kolkata,Diesel,SUV,First Owner,40722.0,DDiS 200 Diesel Engine
Manual,Maruti Swift,2015.0,Kolkata,Petrol,Hatchback,First Owner,40000.0,VTVT Engine
Manual,Maruti Swift,2008.0,Kolkata,Petrol,Hatchback,First Owner,50000.0,In-Line Engine
Manual,Maruti Estilo,2009.0,Kolkata,Petrol,Hatchback,Second Owner,50000.0,
Manual,Volkswagen Ameo,2017.0,Kolkata,Petrol,Sedan,Third Owner,40000.0,MPI Petrol Engine
Manual,Maruti Alto 800,2017.0,Kolkata,Petrol,Hatchback,First Owner,3188.0,F8D Petrol Engine
Manual,Hyundai i20,2019.0,Kolkata,Petrol,Hatchback,First Owner,34233.0,Kappa VTVT Petrol Engine
Manual,Hyundai Santro Xing,2010.0,Kolkata,Petrol,Hatchback,Second Owner,50000.0,In-Line Engine
Automatic,Honda City,2016.0,Kolkata,Petrol,Sedan,First Owner,51767.0,i VTEC Engine
Manual,Hyundai i20,2018.0,Kolkata,Petrol,Hatchback,First Owner,40965.0,Kappa VTVT Petrol Engine
Manual,Hyundai Verna,2011.0,Kolkata,Petrol,Sedan,Second Owner,70000.0,VTVT Petrol Engine
Manual,Tata Nexon,2022.0,Kolkata,Petrol,SUV,Second Owner,8176.0,1.2l Turbocharged Revotron Engine
Manual,Renault KWID,2022.0,Kolkata,Petrol,Hatchback,First Owner,10000.0,Petrol Engine
Manual,Toyota Yaris,2018.0,Kolkata,Petrol,Sedan,Second Owner,13327.0,1.5 Dual VVT-i Engine
Automatic,Ford Ecosport,2019.0,Kolkata,Petrol,SUV,Second Owner,57167.0,Ti-VCT Petrol Engine
Manual,Volkswagen Vento,2018.0,Kolkata,Petrol,Sedan,First Owner,35100.0,MPI Petrol Engine
Manual,Hyundai i10,2010.0,Kolkata,Petrol,Hatchback,First Owner,120000.0,DOHC Engine
Manual,Hyundai Santro Xing,2010.0,Kolkata,Petrol,Hatchback,Second Owner,60000.0,In-Line Engine
Manual,Chevrolet Aveo,2008.0,Kolkata,Petrol,Sedan,First Owner,60000.0,In-Line Engine
Automatic,Mercedes-Benz C-Class,2020.0,Kolkata,Diesel,Sedan,First Owner,30000.0,In-Line Engine
Manual,Mahindra XUV700,2022.0,Kolkata,Diesel,SUV,,14000.0,2.2 L Turbo Diesel
Manual,Maruti Wagon R,2018.0,Kolkata,Petrol,Hatchback,First Owner,10000.0,K10B Petrol Engine
Automatic,Volvo XC60,2020.0,Kolkata,Diesel,SUV,Second Owner,19500.0,Turbo Diesel Engine
Manual,Maruti Ciaz,2015.0,Kolkata,Diesel,Sedan,First Owner,55000.0,DDIS Diesel Engin
Manual,Hyundai Accent,2011.0,Kolkata,Petrol,Sedan,First Owner,50000.0,Petrol Engine
Manual,Hyundai Verna,2015.0,Kolkata,Diesel,Sedan,Second Owner,46980.0,U2 VGT Diesel Engine 
Manual,Maruti Swift,2019.0,Kolkata,Petrol,Hatchback,First Owner,40535.0,K Series Dual jet
Manual,Hyundai Santro Xing,2010.0,Kolkata,Petrol,Hatchback,First Owner,60020.0,Petrol Engine 
Automatic,Renault KWID,2022.0,Kolkata,Petrol,Hatchback,First Owner,787.0,1.0 SCe
Manual,Maruti Wagon R,2022.0,Kolkata,CNG,Hatchback,First Owner,5870.0,K10C
Manual,Renault Pulse,2013.0,Kolkata,Diesel,Hatchback,First Owner,50000.0,K9K In-Line Diesel Engine
Automatic,Maruti Celerio,2014.0,Kolkata,Petrol,Hatchback,First Owner,50714.0,K10C
Manual,Hyundai Xcent,2019.0,Kolkata,Petrol,Sedan,First Owner,40000.0,1.2L Kappa Dual VTVT Petrol
Manual,Maruti Alto 800,2020.0,Kolkata,Petrol,Hatchback,First Owner,4187.0,F8D Petrol Engine
Automatic,MG Hector,2020.0,Kolkata,Petrol,SUV,First Owner,10164.0,
Manual,Hyundai Verna,2022.0,Kolkata,Petrol,Sedan,First Owner,13269.0,1.5 l MPi petrol
Manual,Mahindra Scorpio,2020.0,Kolkata,Diesel,SUV,First Owner,90000.0,mHawk Diesel Engine
Manual,Hyundai Verna,2021.0,Kolkata,Petrol,Sedan,First Owner,16000.0,1.5 l MPi petrol
Manual,Honda City,2021.0,Kolkata,Petrol,Sedan,First Owner,60000.0,i-VTEC
Manual,Honda City,2010.0,Kolkata,Petrol,Sedan,Second Owner,47114.0,In-Line Engine
Manual,Honda City,2014.0,Kolkata,Petrol,Sedan,Second Owner,50000.0,i VTEC Engine
Manual,Honda City,2014.0,Kolkata,Petrol,Sedan,Second Owner,50000.0,i VTEC Engine
Manual,Ford Figo,2011.0,Kolkata,Petrol,Hatchback,Second Owner,50000.0,Petrol Engine
Manual,Chevrolet Spark,2012.0,Kolkata,Petrol,Hatchback,First Owner,20000.0,SMARTECH Petrol Engine
Manual,Honda Brio,2013.0,Kolkata,Petrol,Hatchback,Second Owner,41424.0,i-VTEC Engine
Manual,Maruti Alto 800,2020.0,Kolkata,Petrol,Hatchback,Second Owner,23829.0,F8D Petrol Engine
Manual,Honda City,2019.0,Kolkata,Petrol,Sedan,First Owner,44199.0,i VTEC Engine
Manual,Hyundai Verna,2018.0,Kolkata,Petrol,Sedan,First Owner,40000.0,VTVT Petrol Engine
Manual,Ford Ecosport,2015.0,Kolkata,Petrol,SUV,First Owner,55625.0,Ecoboost Petrol Engine 
Manual,Maruti Wagon R,2015.0,Kolkata,Petrol,Hatchback,First Owner,29230.0,K10B Petrol Engine
Manual,Maruti Swift Dzire,2017.0,Kolkata,Petrol,Sedan,First Owner,30000.0,K Series VVT Engine
Manual,Volkswagen Polo,2019.0,Kolkata,Petrol,Hatchback,First Owner,25152.0,1.0L MPI Petrol
Automatic,Audi A3,2020.0,Kolkata,Diesel,Sedan,First Owner,52224.0,TDI Diesel Engine 
Manual,Maruti Swift Dzire,2012.0,Kolkata,Petrol,Sedan,First Owner,62665.0,
Manual,Maruti Wagon R,2014.0,Kolkata,Petrol,Hatchback,First Owner,76800.0,K10B Petrol Engine
Manual,Honda WR-V,2017.0,Kolkata,Petrol,SUV,First Owner,80000.0,i-VTEC Petrol Engine
Manual,Ford Ecosport,2016.0,Kolkata,Petrol,SUV,Second Owner,37833.0,Ti-VCT Petrol Engine
Manual,Maruti Alto 800,2015.0,Kolkata,Petrol,Hatchback,First Owner,40000.0,F8D Petrol Engine
Automatic,Land Rover Freelander 2,2012.0,Kolkata,Diesel,SUV,Second Owner,72000.0,SD4 Diesel Engine 
Automatic,Hyundai Elantra,2018.0,Kolkata,Petrol,Sedan,First Owner,30000.0,Nu 2.0 MPi Petrol Engine
Manual,Hyundai Xcent,2014.0,Kolkata,Diesel,Sedan,Second Owner,80000.0,U2 CRDI Diesel  Engine
Automatic,Hyundai Elantra,2018.0,Kolkata,Petrol,Sedan,First Owner,30000.0,Nu 2.0 MPi Petrol Engine
Manual,Volkswagen Polo,2014.0,Kolkata,Petrol,Hatchback,Second Owner,90000.0,MPI Petrol Engine
Manual,Toyota Innova,2014.0,Kolkata,Diesel,MUV,First Owner,113000.0,2KD-FTV Diesel Engine
Manual,Honda Civic,2012.0,Kolkata,Petrol,Sedan,Second Owner,90000.0,i-VTEC
Manual,Maruti Swift,2013.0,Kolkata,Diesel,Hatchback,First Owner,92202.0,DDiS Diesel Engine
Manual,Hyundai Grand i10,2018.0,Kolkata,Petrol,Hatchback,Second Owner,79783.0,Kappa VTVT Petrol Engine
Manual,Honda City,2022.0,Kolkata,Petrol,Sedan,First Owner,10000.0,Water Cooled Inline i-VTEC DOHC with VTC
Manual,Maruti Swift Dzire,2021.0,Kolkata,Petrol,Sedan,Second Owner,23227.0,
Manual,Maruti Ciaz,2019.0,Kolkata,Petrol,Sedan,Third Owner,3089.0,k15B VVT Engine
Manual,Honda Amaze,2019.0,Kolkata,Petrol,Sedan,First Owner,28546.0,i-VTEC Petrol Engine
Manual,Hyundai Grand i10,2016.0,Kolkata,Petrol,Hatchback,First Owner,85435.0,Kappa VTVT Petrol Engine
Automatic,Porsche Panamera,2016.0,Kolkata,Diesel,Sedan,Second Owner,20000.0,Diesel Engine 
Manual,Honda Brio,2012.0,Kolkata,Petrol,Hatchback,Second Owner,83124.0,i-VTEC Engine
Manual,Toyota Etios,2014.0,Kolkata,Petrol,Sedan,Second Owner,87859.0,Petrol Engine
Manual,Honda City,2017.0,Kolkata,Diesel,Sedan,First Owner,65000.0,i DTEC Diesel Engine 
Automatic,Mahindra Ssangyong Rexton,2018.0,Kolkata,Diesel,SUV,First Owner,50000.0,RX270 XVT Diesel Engine 
Manual,Toyota Etios,2012.0,Kolkata,Petrol,Sedan,Third Owner,80000.0,Petrol Engine
Manual,Hyundai Grand i10,2018.0,Kolkata,Petrol,Hatchback,First Owner,25000.0,Kappa VTVT Petrol Engine
Manual,Ambassador,2014.0,Kolkata,Diesel,Sedan,First Owner,120000.0,In-Line Engine
Manual,Hyundai i20,2019.0,Kolkata,Petrol,Hatchback,First Owner,3000.0,Kappa VTVT Petrol Engine
Manual,Hyundai Grand i10,2018.0,Kolkata,Petrol,Hatchback,First Owner,37001.0,Kappa VTVT Petrol Engine
Manual,Maruti Swift,2013.0,Kolkata,Petrol,Hatchback,First Owner,39000.0,K Series Petrol Engine
Automatic,Honda City,2020.0,Kolkata,Petrol,Sedan,First Owner,20000.0,i VTEC Engine
Manual,Hyundai Xcent,2015.0,Kolkata,Diesel,Sedan,Third Owner,103033.0,U2 CRDI Diesel Engine
Manual,Hyundai Grand i10,2017.0,Kolkata,Petrol,Hatchback,First Owner,25968.0,Kappa VTVT Petrol Engine
Manual,Maruti Wagon R,2004.0,Kolkata,Petrol,Hatchback,Second Owner,150000.0,K Series Petrol Engine
Manual,Maruti Wagon R,2020.0,Kolkata,Petrol,Hatchback,First Owner,11798.0,K12M Petrol Engine
Manual,Volkswagen Ameo,2017.0,Kolkata,Petrol,Sedan,First Owner,65814.0,MPI Petrol Engine
Manual,Kia Seltos,2021.0,Kolkata,Petrol,SUV,First Owner,69007.0,SMARTSTREAM G1.5
Manual,Maruti Swift,2012.0,Kolkata,Diesel,Hatchback,First Owner,71420.0,DDiS Diesel Engine
Manual,Hyundai Grand i10 Nios,2021.0,Kolkata,Petrol,Hatchback,First Owner,10000.0,1.2 Kappa petrol
Manual,Datsun RediGO,2020.0,Kolkata,Petrol,Hatchback,First Owner,9817.0,0.8L Petrol Engine
Manual,Maruti Celerio,2018.0,Kolkata,Petrol,Hatchback,Second Owner,124206.0,K10C
Manual,Maruti Zen,2002.0,Kolkata,Petrol,Hatchback,Second Owner,50000.0,In-Line Engine
Manual,Maruti Wagon R,2009.0,Kolkata,Petrol,Hatchback,Second Owner,50000.0,FC Petrol Engine
Automatic,Renault Kiger,2023.0,Kolkata,Petrol,SUV,First Owner,1062.0,1.0L energy
Manual,Hyundai Grand i10,2018.0,Kolkata,Petrol,Hatchback,First Owner,10000.0,Kappa VTVT Petrol Engine
Manual,Toyota Innova Crysta,2019.0,Kolkata,Diesel,MUV,First Owner,10000.0,2-GD FTV Engine
Manual,Hyundai Grand i10,2015.0,Kolkata,Petrol,Hatchback,First Owner,20000.0,Kappa VTVT Petrol Engine
Manual,Honda City,2015.0,Kolkata,Diesel,Sedan,First Owner,68000.0,i DTEC Diesel Engine 
Manual,Volkswagen Polo,2016.0,Kolkata,Petrol,Hatchback,First Owner,65000.0,MPI Petrol Engine
Manual,Maruti Swift,2016.0,Kolkata,Petrol,Hatchback,Second Owner,30000.0,K Series VVT Engine
Manual,Hyundai EON,2016.0,Kolkata,Petrol,Hatchback,Second Owner,60000.0,Petrol Engine
Automatic,Maruti Swift Dzire,2017.0,Kolkata,Petrol,Sedan,Second Owner,45699.0,K Series VVT Engine
Manual,Hyundai i10,2011.0,Kolkata,Petrol,Hatchback,First Owner,81575.0,DOHC Kappa2 Engine
Automatic,Honda City,2017.0,Kolkata,Petrol,Sedan,First Owner,42000.0,i VTEC Engine
Manual,Hyundai Verna,2018.0,Kolkata,Petrol,Sedan,First Owner,32092.0,Kappa Dual VTVT Petrol Engine
Manual,Hyundai Santro Xing,2010.0,Kolkata,Petrol,Hatchback,Third Owner,65916.0,In-Line Engine
Automatic,Mercedes-Benz C-Class,2019.0,Kolkata,Diesel,Sedan,First Owner,30000.0,In-Line Engine
Manual,MG Hector,2023.0,Kolkata,Diesel,SUV,First Owner,8559.0,2.0 L Turbocharged Diesel
Manual,Maruti Ertiga,2017.0,Kolkata,Diesel,MUV,First Owner,50000.0,D13A SHVS Engine
Manual,Tata Punch,2022.0,Kolkata,Petrol,SUV,First Owner,9169.0,1.2 l Revotron Engine
Manual,Maruti Swift Dzire,2018.0,Kolkata,Petrol,Sedan,First Owner,45275.0,K Series VVT Engine
Manual,Hyundai Santro Xing,2010.0,Kolkata,Petrol,Hatchback,Second Owner,70000.0,In-Line Engine
Manual,Maruti Wagon R,2011.0,Kolkata,Petrol,Hatchback,Fourth Owner,90000.0,K Series Petrol Engine
Manual,Maruti Alto 800,2015.0,Kolkata,Petrol,Hatchback,Second Owner,70000.0,F8D Petrol Engine
Automatic,BMW 3 Series GT,2017.0,Kolkata,Diesel,Sedan,First Owner,50000.0,TwinPower Turbo 4-Cylinder Diesel Engine
Manual,Maruti Alto 800,2019.0,Kolkata,Petrol,Hatchback,First Owner,30000.0,F8D Petrol Engine
Automatic,Honda City,2021.0,Kolkata,Petrol,Sedan,First Owner,10000.0,Water Cooled Inline i-VTEC DOHC with VTC
Manual,Ford Ecosport,2017.0,Kolkata,Diesel,SUV,Second Owner,80000.0,TDCi Diesel Engine
Manual,Hyundai i10,2012.0,Kolkata,Petrol,Hatchback,First Owner,40000.0,DOHC Kappa2 Engine
Manual,Hyundai Grand i10,2017.0,Kolkata,Petrol,Hatchback,First Owner,30000.0,Kappa VTVT Petrol Engine
Manual,Tata Indigo,2009.0,Kolkata,Diesel,Sedan,First Owner,80000.0,TDi Diesel Engine 
Manual,Hyundai i20,2019.0,Kolkata,Petrol,Hatchback,Second Owner,65180.0,Kappa VTVT Petrol Engine
Manual,Hyundai Grand i10,2015.0,Kolkata,Petrol,Hatchback,First Owner,110190.0, Kappa VTVT Petrol Engine
Manual,Maruti Alto 800,2019.0,Kolkata,Petrol,Hatchback,Second Owner,50000.0,F8D Petrol Engine
Manual,Maruti Ritz,2014.0,Kolkata,Petrol,Hatchback,Second Owner,45550.0,K Series Petrol Engine
Manual,Maruti Swift,2021.0,Kolkata,Petrol,Hatchback,First Owner,14756.0,K Series Dual jet
Manual,Maruti Alto K10,2017.0,Kolkata,Petrol,Hatchback,Second Owner,30000.0,K Series Petrol Engine
Manual,Hyundai Grand i10,2015.0,Kolkata,Petrol,Hatchback,First Owner,63179.0,Kappa VTVT Petrol Engine
Automatic,BMW 5 Series,2017.0,Kolkata,Diesel,Sedan,First Owner,32344.0,TwinPower Turbo Inline 4 Cylinder Engine
Manual,Volkswagen Polo,2019.0,Kolkata,Petrol,Hatchback,First Owner,17436.0,1.0L MPI Petrol
Manual,Maruti Ciaz,2018.0,Kolkata,Petrol,Sedan,First Owner,52130.0,k15B VVT Engine
Manual,Maruti Alto 800,2018.0,Kolkata,Petrol,Hatchback,First Owner,60000.0,F8D Petrol Engine
Manual,Ford Fiesta,2014.0,Kolkata,Diesel,Sedan,First Owner,46315.0,TDCi Diesel Engine
Manual,Hyundai Xcent,2015.0,Kolkata,Petrol,Sedan,First Owner,65000.0,Kappa VTVT Petrol Engine
Manual,Hyundai Grand i10,2014.0,Kolkata,Diesel,Hatchback,First Owner,90000.0,U2 CRDi  Diesel Engine
Manual,Honda City,2017.0,Kolkata,Petrol,Sedan,First Owner,32395.0,i VTEC Engine
Manual,Mahindra XUV500,2016.0,Kolkata,Diesel,SUV,First Owner,89331.0,mHawk Diesel Engine
Automatic,Honda City,2020.0,Kolkata,Petrol,Sedan,First Owner,10000.0,i VTEC Engine
Manual,Mahindra KUV 100,2016.0,Kolkata,Petrol,SUV,First Owner,20000.0,mFALCON G80 Engine
Manual,Datsun RediGO,2020.0,Kolkata,Petrol,Hatchback,First Owner,10000.0,1.0 L Petrol Engine
Manual,Hyundai Venue,2019.0,Kolkata,Diesel,SUV,First Owner,36374.0,
Manual,Nissan Magnite,2021.0,Kolkata,Petrol,SUV,First Owner,20801.0,HRA0 1.0 TURBO PETROL
Manual,Hyundai i20,2019.0,Kolkata,Petrol,Hatchback,First Owner,43214.0,Kappa VTVT Petrol Engine
Manual,Jeep Compass,2021.0,Kolkata,Diesel,SUV,First Owner,20000.0,2.0L Multijet Diesel
Manual,Mahindra XUV500,2021.0,Kolkata,Diesel,SUV,First Owner,31584.0,mHawk155 Diesel Engine
Manual,Hyundai Creta,2016.0,Kolkata,Diesel,SUV,First Owner,88755.0,U2 CRDI Engine
Automatic,Maruti Ertiga,2018.0,Kolkata,Petrol,MUV,First Owner,50000.0,K14B Petrol Engine
Automatic,Renault KWID,2020.0,Kolkata,Petrol,Hatchback,First Owner,7277.0,Petrol Engine
Manual,Honda City,2014.0,Kolkata,Diesel,Sedan,First Owner,44200.0,i DTEC Diesel Engine 
Manual,Honda Brio,2014.0,Kolkata,Petrol,Hatchback,Third Owner,36920.0,i-VTEC Engine
Manual,Maruti Swift,2021.0,Kolkata,Petrol,Hatchback,First Owner,14567.0,K Series Dual jet
Automatic,BMW 5 Series,2019.0,Kolkata,Diesel,Sedan,First Owner,19858.0,Diesel Engine
Manual,Mahindra KUV 100 NXT,2018.0,Kolkata,Diesel,Hatchback,First Owner,40000.0,mFALCON D75 Engine
Manual,Maruti Wagon R,2012.0,Kolkata,Petrol,Hatchback,Second Owner,30000.0,K Series Petrol Engine
Manual,Hyundai Verna,2018.0,Kolkata,Petrol,Sedan,First Owner,50000.0,VTVT Petrol Engine
Manual,Maruti Celerio X,2018.0,Kolkata,Petrol,Hatchback,First Owner,19000.0,K10B Petrol Engine
Automatic,Audi Q5,2014.0,Kolkata,Diesel,SUV,Second Owner,86331.0,InLine 4-cylinder Engine
Automatic,Land Rover Range Rover Evoque,2021.0,Kolkata,Diesel,SUV,First Owner,15215.0,Diesel engine
Automatic,BMW 5 Series,2022.0,Kolkata,Diesel,Sedan,Second Owner,5700.0,
Automatic,Mahindra XUV700,2022.0,Kolkata,Petrol,SUV,First Owner,22887.0,2.0L Turbo Petrol
Manual,Tata Tiago,2022.0,Kolkata,Petrol,Hatchback,First Owner,10000.0,1.2 L Revotron
Manual,Tata Nexon,2021.0,Kolkata,Petrol,SUV,First Owner,4603.0,1.2l Turbocharged Revotron Engine
Manual,Maruti Celerio,2022.0,Kolkata,Petrol,Hatchback,First Owner,7291.0,K10C
Manual,Hyundai Grand i10 Nios,2022.0,Kolkata,Petrol,Hatchback,First Owner,2179.0,1.2 Kappa petrol
Manual,Hyundai Grand i10,2017.0,Kolkata,Petrol,Hatchback,First Owner,26226.0,Kappa VTVT Petrol Engine
Manual,Volkswagen Polo,2016.0,Kolkata,Diesel,Hatchback,First Owner,35000.0,TDI Diesel Engine
Manual,Hyundai EON,2014.0,Kolkata,Petrol,Hatchback,Third Owner,24622.0,Petrol Engine
Manual,Mahindra Renault Logan,2009.0,Kolkata,Diesel,Sedan,First Owner,60000.0,In-Line Engine
Manual,Hyundai i10,2011.0,Kolkata,Petrol,Hatchback,First Owner,37647.0,DOHC Kappa2 Engine
Manual,Renault Duster,2014.0,Kolkata,Diesel,SUV,First Owner,57321.0,dCi Diesel Engine 
Automatic,Tata Hexa,2017.0,Kolkata,Diesel,MUV,First Owner,67020.0,2.2 LTR. VARICOR 400
Automatic,Renault Kiger,2022.0,Kolkata,Petrol,SUV,First Owner,20000.0,1.0L Turbo
Manual,Hyundai Creta,2015.0,Kolkata,Diesel,SUV,First Owner,65000.0,U2 CRDI VGT Engine
Manual,Hyundai Creta,2015.0,Kolkata,Petrol,SUV,First Owner,60000.0,VTVT Petrol Engine
Manual,Hyundai EON,2014.0,Kolkata,Petrol,Hatchback,First Owner,30000.0,Petrol Engine
Manual,Maruti Alto 800,2014.0,Kolkata,Petrol,Hatchback,First Owner,70000.0,F8D Petrol Engine
Manual,Ford Figo,2010.0,Kolkata,Petrol,Hatchback,First Owner,50000.0,Petrol Engine
Manual,Honda Mobilio,2016.0,Kolkata,Petrol,MUV,First Owner,24000.0,i-VTEC Engine
Manual,Hyundai i10,2010.0,Kolkata,Petrol,Hatchback,Second Owner,50000.0,Kappa Petrol Engine
Manual,Honda WR-V,2017.0,Kolkata,Petrol,SUV,First Owner,40000.0,i-VTEC Petrol Engine
Manual,Hyundai Creta,2016.0,Kolkata,Petrol,SUV,First Owner,71521.0,VTVT Petrol Engine
Manual,Tata Altroz,2020.0,Kolkata,Petrol,Hatchback,First Owner,42267.0,1.2 l Revotron
Manual,Maruti Swift,2010.0,Kolkata,Petrol,Hatchback,Fourth Owner,80000.0,In-Line Engine
Automatic,Maruti Ciaz,2018.0,Kolkata,Petrol,Sedan,First Owner,57986.0,k14B VVT Engine
Automatic,Tata Tiago NRG,2022.0,Kolkata,Petrol,Hatchback,First Owner,17252.0,Revotron 1.2 l
Manual,Maruti Zen Estilo,2010.0,Kolkata,Petrol,Hatchback,Second Owner,70000.0,K Series Petrol Engine
Manual,Mahindra XUV500,2017.0,Kolkata,Diesel,SUV,First Owner,20817.0,mHawk Diesel Engine
Automatic,Jeep Compass,2022.0,Kolkata,Petrol,SUV,First Owner,10000.0,1.4L MultiAir Petrol
Manual,Maruti Swift Dzire,2010.0,Kolkata,Petrol,Sedan,First Owner,39579.0,
Manual,Hyundai EON,2014.0,Kolkata,Petrol,Hatchback,Third Owner,21477.0,Petrol Engine
Automatic,Mercedes-Benz CLA,2017.0,Kolkata,Diesel,Sedan,First Owner,36899.0,In Line Diesel Engine
Manual,Maruti Ertiga,2016.0,Kolkata,Diesel,MUV,First Owner,55000.0,D13A SHVS Engine
Manual,Hyundai Grand i10 Nios,2021.0,Kolkata,Petrol,Hatchback,First Owner,9000.0,1.0 Turbo GDi petrol
Manual,Ford Figo,2010.0,Kolkata,Petrol,Hatchback,First Owner,40000.0,Petrol Engine
Manual,Hyundai Verna,2019.0,Kolkata,Petrol,Sedan,First Owner,20000.0,VTVT Petrol Engine
Manual,Mahindra Scorpio,2016.0,Kolkata,Diesel,SUV,Second Owner,120000.0,mHawk Diesel  Engine
Manual,Maruti Alto K10,2017.0,Kolkata,Petrol,Hatchback,Second Owner,30000.0,K Series Petrol Engine
Automatic,Tata Nexon,2021.0,Kolkata,Petrol,SUV,First Owner,60000.0,1.2l Turbocharged Revotron Engine
Manual,Jeep Compass,2021.0,Kolkata,Diesel,SUV,First Owner,10000.0,2.0L Multijet Diesel
Manual,Jeep Compass,2017.0,Kolkata,Diesel,SUV,First Owner,55330.0,2.0-Litre 4-Cyl Multijet II Engine
Manual,Maruti Swift Dzire,2015.0,Kolkata,Petrol,Sedan,First Owner,32152.0,
Manual,Hyundai Grand i10,2014.0,Kolkata,Petrol,Hatchback,Second Owner,66906.0, Kappa VTVT Petrol Engine
Manual,Hyundai Creta,2016.0,Kolkata,Diesel,SUV,First Owner,56000.0,U2 CRDI VGT Engine
Manual,Volkswagen Polo,2020.0,Kolkata,Petrol,Hatchback,First Owner,23055.0,1.0L TSI Petrol
Manual,Renault Captur,2018.0,Kolkata,Diesel,SUV,First Owner,68132.0,K9K dCi Diesel Engine
Manual,Tata Indica,2011.0,Kolkata,Diesel,Hatchback,Second Owner,60000.0,In-Line Engine
Manual,Maruti Swift Dzire,2014.0,Kolkata,Petrol,Sedan,First Owner,76932.0,
Automatic,MG Hector,2020.0,Kolkata,Petrol,SUV,First Owner,60000.0,
Automatic,Maruti Vitara Brezza,2019.0,Kolkata,Diesel,SUV,First Owner,89912.0,DDiS 200 Diesel Engine
Manual,Honda City,2014.0,Kolkata,Diesel,Sedan,First Owner,102813.0,i DTEC Diesel Engine 
Manual,Honda City,2015.0,Kolkata,Diesel,Sedan,First Owner,55155.0,i DTEC Diesel Engine 
Manual,Mahindra KUV 100,2016.0,Kolkata,Petrol,SUV,First Owner,20000.0,mFALCON G80 Engine
Manual,Hyundai Grand i10,2018.0,Kolkata,Petrol,Hatchback,First Owner,70000.0,Kappa VTVT Petrol Engine
Automatic,Toyota Fortuner,2018.0,Kolkata,Diesel,SUV,Second Owner,123153.0,1-GD FTV Engine
Manual,Hyundai i10,2013.0,Kolkata,Petrol,Hatchback,Second Owner,40000.0,DOHC Kappa2 Engine
Manual,Jeep Compass,2021.0,Kolkata,Diesel,SUV,First Owner,10830.0,2.0L Multijet Diesel
Manual,Hyundai Verna,2018.0,Kolkata,Petrol,Sedan,First Owner,50000.0,VTVT Petrol Engine
Automatic,Audi A4,2017.0,Kolkata,Diesel,Sedan,Second Owner,64846.0,TDI Diesel Engine
Automatic,Audi A6,2018.0,Kolkata,Diesel,Sedan,First Owner,49100.0,In Line Diesel Engine
Automatic,Mercedes-Benz GL-Class,2014.0,Kolkata,Diesel,SUV,First Owner,90089.0,V-Type Diesel Engine
Manual,Honda City,2014.0,Kolkata,Petrol,Sedan,First Owner,63950.0,i VTEC Engine
Automatic,Honda City,2018.0,Kolkata,Petrol,Sedan,Second Owner,22990.0,i VTEC Engine
Automatic,Mercedes-Benz E-Class,2016.0,Kolkata,Diesel,Sedan,Second Owner,15077.0,V Type Diesel Engine
Manual,Maruti Swift Dzire,2014.0,Kolkata,Petrol,Sedan,First Owner,69273.0,
Manual,Ford Ecosport,2014.0,Kolkata,Petrol,SUV,First Owner,75865.0,Ecoboost Petrol Engine 
Manual,Kia Carens,2022.0,Kolkata,Petrol,MUV,First Owner,4066.0,Smartstream G1.5
Manual,Kia Seltos,2019.0,Kolkata,Petrol,SUV,First Owner,67092.0,SMARTSTREAM G1.5
Manual,Hyundai i20,2012.0,Kolkata,Petrol,Hatchback,First Owner,38000.0,Kappa VTVT Petrol Engine
Manual,Hyundai Verna,2012.0,Kolkata,Diesel,Sedan,First Owner,78121.0,VGT CRDi Diesel Engine 
Manual,Honda Amaze,2014.0,Kolkata,Diesel,Sedan,First Owner,99103.0,i-DTEC Diesel Engine
Manual,Tata Tiago,2016.0,Kolkata,Petrol,Hatchback,First Owner,40000.0,Revotron Engine
Manual,Hyundai Creta,2022.0,Kolkata,Diesel,SUV,First Owner,9000.0,1.5 L U2 CRDi Diesel
Automatic,BMW X1,2020.0,Kolkata,Diesel,SUV,First Owner,10100.0,sDrive20d Diesel Engine
Manual,Hyundai Grand i10,2018.0,Kolkata,Petrol,Hatchback,First Owner,27119.0,Kappa VTVT Petrol Engine
Automatic,Hyundai Venue,2022.0,Kolkata,Petrol,SUV,First Owner,10000.0,Kappa 1.0 L Turbo GDi Petrol
Manual,Honda Mobilio,2014.0,Kolkata,Diesel,MUV,First Owner,57000.0,i-DTEC Engine
Manual,Hyundai Grand i10,2017.0,Kolkata,Petrol,Hatchback,First Owner,38000.0,Kappa VTVT Petrol Engine
Automatic,Mahindra XUV500,2019.0,Kolkata,Diesel,SUV,First Owner,50000.0,mHawk Diesel Engine
Manual,Ford Figo,2010.0,Kolkata,Petrol,Hatchback,First Owner,70000.0,Petrol Engine
Automatic,Kia Seltos,2020.0,Kolkata,Petrol,SUV,Second Owner,40000.0,Smartstream G1.4
Manual,Mahindra Bolero Neo,2022.0,Kolkata,Diesel,SUV,First Owner,10891.0,mHAWk100
Manual,Tata Tiago,2021.0,Kolkata,Petrol,Hatchback,First Owner,29558.0,1.2 L Revotron
Automatic,Jeep Compass,2020.0,Kolkata,Diesel,SUV,First Owner,18000.0,2.0-Litre 4-Cyl Multijet II Engine
Manual,Maruti Baleno,2018.0,Kolkata,Petrol,Hatchback,First Owner,29412.0,VVT Petrol Engine
Manual,Hyundai Grand i10,2015.0,Kolkata,Diesel,Hatchback,First Owner,59037.0,U2 CRDi  Diesel Engine
Automatic,Mercedes-Benz C-Class,2022.0,Kolkata,Diesel,Sedan,Second Owner,10000.0,OM654M
Automatic,Tata Nexon,2020.0,Kolkata,Diesel,SUV,First Owner,73072.0,1.5l Turbocharged Revotorq Engine
Manual,Maruti Wagon R,2014.0,Kolkata,Petrol,Hatchback,Second Owner,37100.0,K10B Petrol Engine
Automatic,Maruti Baleno,2019.0,Kolkata,Petrol,Hatchback,First Owner,61113.0,VVT Petrol Engine
Manual,Maruti Alto 800,2013.0,Kolkata,Petrol,Hatchback,First Owner,47606.0,F8D Petrol Engine
Manual,Hyundai Creta,2019.0,Kolkata,Diesel,SUV,First Owner,30000.0,U2 CRDI VGT Engine
Automatic,Maruti Celerio,2015.0,Kolkata,Petrol,Hatchback,First Owner,80000.0,K10B Engine
Automatic,Mercedes-Benz C-Class,2013.0,Kolkata,Diesel,Sedan,First Owner,40000.0,In-Line Engine
Manual,Jeep Compass,2019.0,Kolkata,Diesel,SUV,First Owner,27000.0,2.0-Litre 4-Cyl Multijet II Engine
Manual,Mahindra XUV500,2019.0,Kolkata,Diesel,SUV,First Owner,80000.0,mHawk Diesel Engine
Manual,Tata Zest,2015.0,Kolkata,Petrol,Sedan,First Owner,30000.0,Revotron Engine
Manual,Mahindra XUV500,2018.0,Kolkata,Diesel,SUV,First Owner,70000.0,mHawk Diesel Engine
Manual,Hyundai Grand i10,2014.0,Kolkata,Diesel,Hatchback,First Owner,90000.0,U2 CRDi  Diesel Engine
Manual,Maruti Swift Dzire,2021.0,Kolkata,Petrol,Sedan,First Owner,20000.0,
Automatic,Audi A4,2014.0,Kolkata,Diesel,Sedan,Second Owner,86947.0,TDI Diesel Engine
Manual,Tata Nexon,2020.0,Kolkata,Petrol,SUV,First Owner,17466.0,Revotron 1.2L Turbocharged engine
Manual,Honda WR-V,2017.0,Kolkata,Petrol,SUV,Second Owner,32844.0,i-VTEC Petrol Engine
Manual,Maruti XL6,2020.0,Kolkata,Petrol,MUV,First Owner,30000.0,K15B Smart Hybrid
Manual,Toyota Etios Liva,2011.0,Kolkata,Petrol,Hatchback,First Owner,78075.0,
Manual,Honda City,2019.0,Kolkata,Petrol,Sedan,First Owner,36937.0,i VTEC Engine
Manual,Honda WR-V,2017.0,Kolkata,Petrol,SUV,First Owner,50000.0,i-VTEC Petrol Engine
Automatic,Hyundai Verna,2018.0,Kolkata,Petrol,Sedan,Second Owner,25314.0,VTVT Petrol Engine
Automatic,Land Rover Range Rover Evoque,2018.0,Kolkata,Diesel,SUV,Second Owner,51620.0,TD4 Diesel Engine
Manual,Volkswagen Vento,2012.0,Kolkata,Petrol,Sedan,First Owner,93097.0,In Line Petrol Engine
Manual,Maruti Wagon R,2010.0,Kolkata,Petrol,Hatchback,Third Owner,76672.0,K Series Petrol Engine
Manual,Honda City,2015.0,Kolkata,Diesel,Sedan,Second Owner,42000.0,i DTEC Diesel Engine 
Automatic,BMW 6 Series,2018.0,Kolkata,Diesel,Sedan,Third Owner,44226.0,Diesel Engine
Manual,Ford Fiesta,2009.0,Kolkata,Petrol,Sedan,Second Owner,30000.0,
Manual,Volkswagen Polo,2013.0,Kolkata,Petrol,Hatchback,First Owner,40000.0,MPI Petrol Engine
Automatic,Jeep Meridian,2022.0,Kolkata,Diesel,SUV,First Owner,13400.0,2.0 L Multijet Diesel
Manual,Renault KWID,2019.0,Kolkata,Petrol,Hatchback,First Owner,19720.0,Petrol Engine
Automatic,Maruti Grand Vitara,2023.0,Kolkata,Petrol,SUV,First Owner,4732.0,
Automatic,MG Hector Plus,2021.0,Kolkata,Petrol,SUV,First Owner,38380.0,1.5L Turbocharged Intercooled
Manual,Mahindra Scorpio,2010.0,Kolkata,Diesel,SUV,First Owner,67357.0, mHawk CRDe Engine
Manual,Maruti Zen Estilo,2010.0,Kolkata,Petrol,Hatchback,First Owner,40000.0,K Series Petrol Engine
Manual,Tata Tiago,2019.0,Kolkata,Petrol,Hatchback,First Owner,35912.0,Revotron Engine
Manual,Maruti Baleno,2019.0,Kolkata,Petrol,Hatchback,First Owner,22343.0,VVT Petrol Engine
Manual,Hyundai EON,2013.0,Kolkata,Petrol,Hatchback,First Owner,10000.0,Petrol Engine
Manual,Renault Duster,2015.0,Kolkata,Diesel,SUV,Second Owner,85735.0,dCi THP Diesel Engine
Manual,Maruti Alto K10,2011.0,Kolkata,Petrol,Hatchback,First Owner,42792.0,K10C
Manual,Mahindra Scorpio,2020.0,Kolkata,Diesel,SUV,First Owner,42503.0,mHawk Diesel Engine
Manual,Maruti Ritz,2011.0,Kolkata,Petrol,Hatchback,Second Owner,96609.0,K Series Petrol Engine 
Manual,Honda Jazz,2015.0,Kolkata,Diesel,Hatchback,First Owner,78990.0,i-DTEC Diesel Engine
Manual,Honda City,2016.0,Kolkata,Petrol,Sedan,Second Owner,51618.0,i VTEC Engine
Manual,Mahindra XUV500,2019.0,Kolkata,Diesel,SUV,Second Owner,83508.0,mHawk Diesel Engine
Manual,Hyundai Santro Xing,2007.0,Kolkata,Petrol,Hatchback,First Owner,40000.0,Petrol Engine 
Automatic,Skoda Superb,2010.0,Kolkata,Petrol,Sedan,Second Owner,60000.0,In-Line Engine
Automatic,Mahindra XUV300,2021.0,Kolkata,Petrol,SUV,First Owner,25000.0,1.2L Petrol
Manual,Hyundai i20,2022.0,Kolkata,Petrol,Hatchback,First Owner,14636.0,1.2 l Kappa petrol
Manual,Mahindra XUV500,2016.0,Kolkata,Diesel,SUV,Second Owner,80000.0,mHawk Diesel Engine
Automatic,Honda Amaze,2021.0,Kolkata,Petrol,Sedan,First Owner,20000.0,i-VTEC
Manual,Hyundai Aura,2020.0,Kolkata,Petrol,Sedan,First Owner,20000.0,1.2 l Kappa dual petrol
Manual,Hyundai Verna,2018.0,Kolkata,Petrol,Sedan,First Owner,13000.0,VTVT Petrol Engine
Manual,Jeep Compass,2019.0,Kolkata,Diesel,SUV,First Owner,22000.0,2.0-Litre 4-Cyl Multijet II Engine
Manual,Maruti Swift Dzire,2021.0,Kolkata,Petrol,Sedan,First Owner,20000.0,
Manual,Hyundai Santro Xing,2014.0,Kolkata,Petrol,Hatchback,First Owner,59005.0,Petrol Engine 
Manual,Maruti Swift,2010.0,Kolkata,Petrol,Hatchback,Second Owner,71156.0,K Series Dual jet
Manual,Honda City,2018.0,Kolkata,Petrol,Sedan,First Owner,50000.0,i VTEC Engine
Manual,Maruti Alto 800,2019.0,Kolkata,Petrol,Hatchback,First Owner,2707.0,F8D Petrol Engine
Manual,Hyundai Santro,2020.0,Kolkata,Petrol,Hatchback,First Owner,78211.0,1.1 L Petrol
Manual,Hyundai Verna,2017.0,Kolkata,Diesel,Sedan,First Owner,67793.0,U2 VGT Diesel Engine
Manual,Tata Tiago,2017.0,Kolkata,Diesel,Hatchback,First Owner,48548.0,Revotorq Engine
Manual,Ford Fiesta Classic,2013.0,Kolkata,Diesel,Sedan,First Owner,150000.0,In-Line Engine
Manual,Maruti A-Star,2010.0,Kolkata,Petrol,Hatchback,First Owner,46559.0,K Series Petrol Engine
Manual,Hyundai Creta,2015.0,Kolkata,Petrol,SUV,First Owner,93177.0,VTVT Petrol Engine
Automatic,Hyundai Elantra,2017.0,Kolkata,Diesel,Sedan,Third Owner,60000.0,U2 VGT CRDi Diesel Engine
Automatic,Mercedes-Benz GLC,2017.0,Kolkata,Diesel,SUV,First Owner,60001.0,Diesel Engine
Manual,Maruti Swift,2014.0,Kolkata,Petrol,Hatchback,First Owner,45000.0,K Series Petrol Engine
Automatic,Hyundai Aura,2022.0,Kolkata,Petrol,Sedan,First Owner,10000.0,1.2 l Kappa dual petrol
Manual,Hyundai Verna,2018.0,Kolkata,Petrol,Sedan,Third Owner,40000.0,Kappa Dual VTVT Petrol Engine
Automatic,Hyundai Verna,2019.0,Kolkata,Diesel,Sedan,First Owner,38506.0,U2 VGT Diesel Engine
Manual,Honda Amaze,2015.0,Kolkata,Petrol,Sedan,First Owner,60000.0,i-VTEC Petrol Engine
Automatic,Renault KWID,2021.0,Kolkata,Petrol,Hatchback,First Owner,10000.0,Petrol Engine
Manual,Hyundai i10,2008.0,Kolkata,Petrol,Hatchback,First Owner,50000.0,IRDE2 Engine
Manual,Maruti Celerio,2017.0,Kolkata,Petrol,Hatchback,First Owner,28000.0,K10B Engine
Manual,Hyundai i10,2011.0,Kolkata,Petrol,Hatchback,Second Owner,49342.0,IRDE2 Engine
Manual,Hyundai i10,2010.0,Kolkata,Petrol,Hatchback,Second Owner,76725.0,Kappa Petrol Engine
Manual,Maruti A-Star,2009.0,Kolkata,Petrol,Hatchback,Second Owner,80000.0,K Series Petrol Engine
Manual,Tata Nexon,2018.0,Kolkata,Diesel,SUV,First Owner,83234.0,"Revotorq, 1.5L Turbocharged engine"
Manual,Renault Kiger,2021.0,Kolkata,Petrol,SUV,First Owner,9595.0,1.0L energy
Manual,Maruti Baleno,2018.0,Kolkata,Petrol,Hatchback,First Owner,30000.0,VVT Petrol Engine
Manual,Renault Kiger,2021.0,Kolkata,Petrol,SUV,First Owner,6948.0,1.0L Turbo
Manual,Ford Ecosport,2015.0,Kolkata,Petrol,SUV,First Owner,45000.0,Ecoboost Petrol Engine 
Automatic,Hyundai Grand i10 Nios,2022.0,Kolkata,Petrol,Hatchback,First Owner,9943.0,1.2 Kappa petrol
Manual,Maruti Alto 800,2013.0,Kolkata,Petrol,Hatchback,Third Owner,31062.0,F8D Petrol Engine
Manual,Renault KWID,2017.0,Kolkata,Petrol,Hatchback,Second Owner,40000.0,Petrol Engine
Manual,Hyundai i10,2010.0,Kolkata,Petrol,Hatchback,Second Owner,57000.0,DOHC Engine
Automatic,Chevrolet Cruze,2011.0,Kolkata,Diesel,Sedan,First Owner,60000.0,"4 Cylinder, VCDi"
Manual,Hyundai Creta,2019.0,Kolkata,Petrol,SUV,First Owner,23000.0,VTVT Petrol Engine
Manual,Hyundai Grand i10,2018.0,Kolkata,Diesel,Hatchback,First Owner,50000.0,U2 CRDi  Diesel Engine
Automatic,Honda City,2020.0,Kolkata,Petrol,Sedan,Second Owner,30000.0,i VTEC Engine
Manual,Mahindra XUV500,2018.0,Kolkata,Diesel,SUV,First Owner,55000.0,mHawk Diesel Engine
Manual,Hyundai i20,2021.0,Kolkata,Petrol,Hatchback,First Owner,20000.0,1.2 l Kappa petrol
Manual,Toyota Etios Liva,2015.0,Kolkata,Petrol,Hatchback,First Owner,50000.0,Petrol Engine
Manual,Honda Amaze,2016.0,Kolkata,Diesel,Sedan,First Owner,46940.0,i-DTEC Diesel Engine
Manual,Maruti Wagon R,2022.0,Kolkata,Petrol,Hatchback,First Owner,12315.0,K12N
Manual,Maruti Alto 800,2013.0,Kolkata,Petrol,Hatchback,First Owner,15584.0,F8D Petrol Engine
Manual,Honda City,2014.0,Kolkata,Diesel,Sedan,First Owner,64400.0,i DTEC Diesel Engine 
Automatic,Maruti Swift,2018.0,Kolkata,Petrol,Hatchback,First Owner,13067.0,VTVT Engine
Manual,Maruti Alto 800,2021.0,Kolkata,Petrol,Hatchback,First Owner,15264.0,F8D Petrol Engine
Automatic,Kia Seltos,2022.0,Kolkata,Diesel,SUV,First Owner,11853.0,1.5 L CRDi VGT
Manual,Maruti Alto K10,2019.0,Kolkata,Petrol,Hatchback,First Owner,7843.0,K Series Petrol Engine
Automatic,Hyundai i20,2021.0,Kolkata,Petrol,Hatchback,First Owner,2501.0,1.2 l Kappa petrol
Manual,Maruti Alto 800,2022.0,Kolkata,Petrol,Hatchback,First Owner,9285.0,F8D Petrol Engine
Manual,Maruti Alto 800,2014.0,Kolkata,Petrol,Hatchback,First Owner,51215.0,F8D Petrol Engine
Automatic,Mahindra Scorpio N,2022.0,Kolkata,Diesel,SUV,First Owner,23400.0,mHawk
Manual,Kia Seltos,2021.0,Kolkata,Petrol,SUV,First Owner,11000.0,Smartstream G1.5
Manual,Mahindra XUV500,2021.0,Kolkata,Diesel,SUV,First Owner,10000.0,mHawk155 Diesel Engine
Manual,Hyundai Venue,2021.0,Kolkata,Petrol,SUV,First Owner,40000.0,
Manual,Honda Mobilio,2014.0,Kolkata,Petrol,MUV,First Owner,25000.0,i-VTEC Engine
Manual,Mahindra Scorpio,2021.0,Kolkata,Diesel,SUV,First Owner,55000.0,mHawk Diesel Engine
Manual,Maruti Swift,2010.0,Kolkata,Petrol,Hatchback,Fourth Owner,80000.0,In-Line Engine
Manual,Hyundai Venue,2021.0,Kolkata,Petrol,SUV,First Owner,8126.0,Kappa 1.0 L Turbo GDi Petrol
Automatic,Maruti Wagon R,2016.0,Kolkata,Petrol,Hatchback,First Owner,42000.0,K10B Petrol Engine
Manual,Maruti Swift Dzire,2013.0,Kolkata,Diesel,Sedan,Second Owner,32000.0,DDiS Diesel Engine
Manual,Maruti Alto 800,2019.0,Kolkata,Petrol,Hatchback,First Owner,11736.0,F8D Petrol Engine
Manual,Hyundai i10,2014.0,Kolkata,Petrol,Hatchback,First Owner,21679.0,DOHC Kappa2 Engine
Manual,Maruti Vitara Brezza,2017.0,Kolkata,Diesel,SUV,First Owner,39000.0,DDiS 200 Diesel Engine
Manual,Maruti Alto 800,2021.0,Kolkata,Petrol,Hatchback,First Owner,11333.0,F8D Petrol Engine
Manual,Maruti Alto 800,2019.0,Kolkata,Petrol,Hatchback,First Owner,13440.0,F8D Petrol Engine
Automatic,Skoda Superb,2019.0,Kolkata,Diesel,Sedan,Second Owner,46900.0,Diesel Engine
Manual,Maruti Wagon R,2020.0,Kolkata,CNG,Hatchback,First Owner,18930.0,K10B Petrol Engine
Manual,Mahindra XUV500,2018.0,Kolkata,Diesel,SUV,First Owner,80000.0,mHawk Diesel Engine
Manual,Maruti Wagon R,2020.0,Kolkata,CNG,Hatchback,First Owner,17851.0,K10B Petrol Engine
Manual,Maruti Alto 800,2021.0,Kolkata,Petrol,Hatchback,First Owner,22392.0,F8D Petrol Engine
Manual,Kia Carens,2022.0,Kolkata,Petrol,MUV,First Owner,29017.0,Smartstream G1.4 T-GDi
Manual,Jeep Compass,2021.0,Kolkata,Petrol,SUV,First Owner,9000.0,1.4-Litre 4-Cyl Multiair Engine
Manual,Maruti Zen,2003.0,Kolkata,Petrol,Hatchback,First Owner,30000.0,In-Line Engine
Manual,Hyundai EON,2017.0,Kolkata,Petrol,Hatchback,First Owner,10000.0,Petrol Engine
Manual,Hyundai Venue,2021.0,Kolkata,Petrol,SUV,First Owner,30559.0,Kappa 1.0 L Turbo GDi Petrol
Automatic,Hyundai Creta,2018.0,Kolkata,Diesel,SUV,Second Owner,60000.0,U2 CRDI VGT Engine
Manual,Ford Aspire,2016.0,Kolkata,Petrol,Sedan,First Owner,50000.0,Ti-VCT Petrol Engine
Manual,Hyundai i20,2012.0,Kolkata,Petrol,Hatchback,First Owner,20000.0,In-Line Engine
Automatic,Renault KWID,2022.0,Kolkata,Petrol,Hatchback,First Owner,10000.0,Petrol Engine
Manual,Toyota Etios Cross,2014.0,Kolkata,Petrol,Hatchback,First Owner,19830.0,Petrol Engine
Manual,Maruti S-Presso,2020.0,Kolkata,Petrol,Hatchback,First Owner,24670.0,K10C
Manual,Hyundai Grand i10,2019.0,Kolkata,Petrol,Hatchback,First Owner,14327.0,Kappa VTVT Petrol Engine
Manual,Jeep Compass,2018.0,Kolkata,Diesel,SUV,First Owner,50000.0,2.0-Litre 4-Cyl Multijet II Engine
Manual,Maruti Alto K10,2014.0,Kolkata,Petrol,Hatchback,First Owner,18987.0,K Series Petrol Engine
Manual,Maruti Alto K10,2019.0,Kolkata,Petrol,Hatchback,First Owner,55973.0,K Series Petrol Engine
Automatic,Hyundai Verna,2021.0,Kolkata,Petrol,Sedan,Second Owner,9000.0,1.5 l MPi petrol
Manual,Maruti Alto 800,2019.0,Kolkata,Petrol,Hatchback,First Owner,27094.0,F8D Petrol Engine
Manual,Maruti Alto,2008.0,Kolkata,Petrol,Hatchback,Second Owner,60000.0,In-Line Engine
Manual,Hyundai Grand i10 Nios,2020.0,Kolkata,Petrol,Hatchback,First Owner,4914.0,1.2 Kappa petrol
Manual,Maruti Zen Estilo,2013.0,Kolkata,Petrol,Hatchback,First Owner,25171.0,K Series Petrol Engine
Manual,Tata Nexon,2018.0,Kolkata,Petrol,SUV,First Owner,40000.0,Revotron 1.2L Turbocharged engine
Manual,Jeep Compass,2018.0,Kolkata,Diesel,SUV,First Owner,42000.0,2.0-Litre 4-Cyl Multijet II Engine
Manual,Hyundai Venue,2020.0,Kolkata,Petrol,SUV,First Owner,28400.0,
Automatic,Mahindra Thar,2021.0,Kolkata,Diesel,SUV,First Owner,20857.0,mHawk 130 Engine
Manual,Hyundai Verna,2009.0,Kolkata,Diesel,Sedan,First Owner,61000.0,In-Line Engine
Manual,Mahindra XUV500,2015.0,Kolkata,Diesel,SUV,First Owner,75760.0,mHawk Diesel Engine
Manual,Hyundai Grand i10,2015.0,Kolkata,Petrol,Hatchback,First Owner,31000.0, Kappa VTVT Petrol Engine
Automatic,Hyundai Verna,2015.0,Kolkata,Diesel,Sedan,First Owner,54000.0,U2 VGT Diesel Engine 
Manual,Volkswagen Polo,2014.0,Kolkata,Petrol,Hatchback,Second Owner,60000.0,MPI Petrol Engine
Manual,Honda Brio,2013.0,Kolkata,Petrol,Hatchback,First Owner,68943.0,i-VTEC Engine
Manual,Maruti Alto 800,2022.0,Kolkata,Petrol,Hatchback,First Owner,8582.0,F8D Petrol Engine
Manual,Maruti Alto 800,2019.0,Kolkata,Petrol,Hatchback,First Owner,22868.0,F8D Petrol Engine
Manual,Maruti Vitara Brezza,2016.0,Kolkata,Diesel,SUV,First Owner,76165.0,DDiS 200 Diesel Engine
Manual,Hyundai Grand i10 Nios,2020.0,Kolkata,Petrol,Hatchback,First Owner,27047.0,1.2 Kappa petrol
Automatic,Maruti Swift Dzire,2017.0,Kolkata,Petrol,Sedan,First Owner,35538.0,K Series VVT Engine
Automatic,Kia Seltos,2023.0,Kolkata,Diesel,SUV,First Owner,8700.0,1.5 L CRDi VGT
Manual,Maruti Swift,2016.0,Kolkata,Petrol,Hatchback,First Owner,76293.0,VTVT Engine
Manual,Datsun GO,2018.0,Kolkata,Petrol,Hatchback,First Owner,34000.0,Petrol Engine
Automatic,Honda City,2022.0,Kolkata,Petrol,Sedan,First Owner,12113.0,Water Cooled Inline i-VTEC DOHC with VTC
Manual,Hyundai Creta,2018.0,Kolkata,Petrol,SUV,First Owner,87172.0,VTVT Petrol Engine
Manual,Maruti Alto,2021.0,Kolkata,Petrol,Hatchback,First Owner,20000.0,In-Line Engine
Manual,Honda City,2014.0,Kolkata,Diesel,Sedan,First Owner,55000.0,i DTEC Diesel Engine 
Manual,Hyundai i20,2013.0,Kolkata,Diesel,Hatchback,First Owner,51321.0,U2 CRDI Diesel Engine
Automatic,Land Rover Range Rover Evoque,2019.0,Kolkata,Petrol,SUV,First Owner,29781.0,2.0 Litre Petrol Engine
Manual,Skoda Kushaq,2022.0,Kolkata,Petrol,SUV,,15400.0,1.0 TSI Petrol Engine
Manual,Ford Ecosport,2021.0,Kolkata,Diesel,SUV,Second Owner,21000.0,TDCi Diesel Engine
Manual,Hyundai Creta,2019.0,Kolkata,Diesel,SUV,First Owner,34000.0,U2 CRDI VGT Engine
Automatic,MG Gloster,2021.0,Kolkata,Diesel,SUV,First Owner,19000.0,Diesel 2.0 Twin Turbo
Manual,Hyundai EON,2015.0,Kolkata,Petrol,Hatchback,First Owner,65595.0,Petrol Engine
Manual,Ford Ecosport,2014.0,Kolkata,Diesel,SUV,First Owner,10000.0,TDCi Diesel Engine
Manual,Mahindra XUV500,2018.0,Kolkata,Diesel,SUV,First Owner,51441.0,mHawk Diesel Engine
Manual,Ford Ecosport,2014.0,Kolkata,Diesel,SUV,Third Owner,70057.0,TDCi Diesel Engine
Manual,Kia Seltos,2020.0,Kolkata,Petrol,SUV,First Owner,14000.0,SMARTSTREAM G1.5
Manual,Skoda Rapid,2020.0,Kolkata,Petrol,Sedan,First Owner,35984.0,1.0L TSI Petrol
Manual,Renault Captur,2017.0,Kolkata,Diesel,SUV,First Owner,80443.0,K9K dCi Diesel Engine
Manual,Toyota Innova,2008.0,Kolkata,Diesel,MUV,Second Owner,150000.0,In-Line Engine
Manual,Mahindra XUV500,2014.0,Kolkata,Diesel,SUV,Second Owner,87893.0,mHawk Diesel Engine
Manual,Maruti Wagon R,2009.0,Kolkata,LPG,Hatchback,Second Owner,120000.0,In-Line Engine
Manual,Hyundai i20 Active,2015.0,Kolkata,Diesel,Hatchback,First Owner,49441.0,U2 CRDI Diesel Engine
Automatic,MG Astor,2022.0,Kolkata,Petrol,SUV,First Owner,6015.0,220TURBO
Manual,Hyundai Creta,2021.0,Kolkata,Petrol,SUV,Second Owner,30908.0,1.5 L MPi Petrol
Manual,Jeep Compass,2017.0,Kolkata,Diesel,SUV,First Owner,34441.0,2.0-Litre 4-Cyl Multijet II Engine
Manual,Honda CR-V,2010.0,Kolkata,Petrol,SUV,First Owner,74000.0,
Manual,Maruti Ertiga,2019.0,Kolkata,Petrol,MUV,First Owner,30000.0,K15 Smart Hybrid
Automatic,Audi Q3,2014.0,Kolkata,Diesel,SUV,First Owner,68000.0,TDI Diesel Engine
Manual,Ford Figo,2014.0,Kolkata,Petrol,Hatchback,First Owner,55000.0,Duratec Petrol Engine
Manual,Hyundai i10,2014.0,Kolkata,Petrol,Hatchback,First Owner,37000.0,DOHC Kappa2 Engine
Manual,Datsun GO Plus,2016.0,Kolkata,Petrol,MUV,First Owner,40000.0,In Line Petrol Engine
Automatic,Jeep Compass,2021.0,Kolkata,Diesel,SUV,First Owner,40300.0,2.0L Multijet Diesel
Manual,Toyota Innova,2011.0,Kolkata,Diesel,MUV,First Owner,125000.0,In-Line Engine
Manual,Maruti Alto 800,2020.0,Kolkata,Petrol,Hatchback,First Owner,43317.0,F8D Petrol Engine
Manual,Maruti Alto 800,2020.0,Kolkata,Petrol,Hatchback,First Owner,21298.0,F8D Petrol Engine
Automatic,Tata Nexon EV,2023.0,Kolkata,Electric,SUV,First Owner,10000.0,
Manual,Honda WR-V,2020.0,Kolkata,Petrol,SUV,First Owner,33393.0,i-VTEC
Manual,Hyundai Grand i10,2014.0,Kolkata,Diesel,Hatchback,First Owner,34622.0,U2 CRDi  Diesel Engine
Manual,Maruti Eeco,2019.0,Kolkata,Petrol,,First Owner,21166.0,K12N
Automatic,Hyundai Creta,2019.0,Kolkata,Diesel,SUV,First Owner,126254.0,U2 CRDI VGT Engine
Automatic,Jaguar F-TYPE,2014.0,Kolkata,Petrol,Convertibles,Third Owner,31828.0,V-Type Supercharged Engin
Manual,Datsun GO,2016.0,Kolkata,Petrol,Hatchback,First Owner,43595.0,Petrol Engine
Manual,Maruti Ciaz,2015.0,Kolkata,Petrol,Sedan,First Owner,22276.0,k14B VVT Engine
Automatic,Tata Tigor EV,2023.0,Kolkata,Electric,Sedan,First Owner,10000.0,
Manual,Maruti Eeco,2010.0,Kolkata,Petrol,Minivans,Third Owner,100000.0,In-Line Engine
Manual,Maruti Eeco,2010.0,Kolkata,Petrol,Minivans,Third Owner,60000.0,In-Line Engine
Manual,Hyundai i10,2016.0,Kolkata,Petrol,Hatchback,First Owner,10415.0,DOHC Kappa2 Engine
Manual,Maruti Eeco,2013.0,Kolkata,Petrol,Minivans,First Owner,20000.0,In-Line Engine
Manual,Tata Punch,2022.0,Kolkata,Petrol,SUV,Second Owner,10000.0,1.2 l Revotron Engine
Automatic,Toyota Fortuner Legender,2021.0,Kolkata,Diesel,SUV,First Owner,60000.0,2.8 L Diesel engine
Manual,Maruti Alto 800,2007.0,Kolkata,Petrol,Hatchback,Second Owner,30000.0,F8D Petrol Engine
Manual,Maruti Wagon R,2005.0,Kolkata,Petrol,Hatchback,First Owner,60000.0,K Series Petrol Engine
Manual,Hyundai Grand i10,2016.0,Kolkata,Petrol,Hatchback,First Owner,90000.0,Kappa VTVT Petrol Engine
Manual,Honda WR-V,2019.0,Kolkata,Diesel,SUV,First Owner,42015.0,i-DTEC Diesel Engine
Manual,Toyota Corolla Altis,2018.0,Kolkata,Diesel,Sedan,First Owner,72456.0,D-4D Diesel Engine
Manual,Mahindra Renault Logan,2009.0,Kolkata,Diesel,Sedan,First Owner,60000.0,In-Line Engine
Manual,Maruti Ritz,2014.0,Kolkata,Diesel,Hatchback,First Owner,116032.0,DDiS Diesel Engine 
Manual,Volkswagen Vento,2014.0,Kolkata,Diesel,Sedan,First Owner,30000.0,TDI Diesel Engine
Automatic,Ford Endeavour,2019.0,Kolkata,Diesel,SUV,First Owner,40000.0,Diesel Engine
Manual,Tata Tiago,2017.0,Kolkata,Petrol,Hatchback,Second Owner,40000.0,Revotron Engine
Manual,Tata Tiago,2017.0,Kolkata,Diesel,Hatchback,Second Owner,40000.0,Revotorq Engine
Manual,Mahindra XUV500,2016.0,Kolkata,Diesel,SUV,First Owner,51000.0,mHawk Diesel Engine
Manual,Hyundai Grand i10,2017.0,Kolkata,Petrol,Hatchback,First Owner,30000.0,Kappa VTVT Petrol Engine
Manual,Maruti Ertiga,2021.0,Kolkata,Petrol,MUV,First Owner,15885.0,K15 Smart Hybrid
Manual,Renault Duster,2013.0,Kolkata,Diesel,SUV,First Owner,65000.0,dCi Diesel Engine 
Automatic,Audi A3,2018.0,Kolkata,Petrol,Sedan,First Owner,10000.0,TFSI Petrol Engine
Manual,Hyundai EON,2017.0,Kolkata,Petrol,Hatchback,First Owner,20000.0,Petrol Engine
Automatic,BMW 3 Series,2015.0,Kolkata,Diesel,Sedan,Second Owner,70000.0,Diesel Engine
Automatic,Ford Endeavour,2016.0,Kolkata,Diesel,SUV,First Owner,50000.0,Diesel Engine
Manual,Mahindra XUV500,2014.0,Kolkata,Diesel,SUV,First Owner,53000.0,mHawk Diesel Engine
Automatic,Honda City,2021.0,Kolkata,Petrol,Sedan,First Owner,10000.0,Water Cooled Inline i-VTEC DOHC with VTC
Manual,Tata Tiago,2020.0,Kolkata,Petrol,Hatchback,First Owner,20000.0,1.2 L Revotron
Manual,Kia Carens,2022.0,Kolkata,Petrol,MUV,First Owner,33000.0,Smartstream G1.4 T-GDi
Automatic,Honda Civic,2008.0,Kolkata,Petrol,Sedan,Third Owner,60000.0,In-Line Engine
Automatic,BMW 3 Series,2010.0,Kolkata,Petrol,Sedan,Third Owner,20000.0,In-Line Engine
Manual,Maruti Eeco,2021.0,Kolkata,Petrol,Minivans,First Owner,20000.0,G12B
Manual,Hyundai Grand i10,2013.0,Kolkata,Petrol,Hatchback,Second Owner,20000.0,Kappa VTVT Petrol Engine
Manual,Maruti Eeco,2010.0,Kolkata,Petrol,Minivans,Third Owner,50000.0,In-Line Engine
Manual,Maruti Eeco,2010.0,Kolkata,Petrol,Minivans,Third Owner,50000.0,In-Line Engine
Manual,Renault Triber,2020.0,Kolkata,Petrol,MUV,First Owner,30000.0,
Manual,Mahindra Thar,2022.0,Kolkata,Petrol,SUV,First Owner,10000.0,mStallion 150 TGDi Engine
Manual,Mahindra Scorpio,2007.0,Kolkata,Diesel,SUV,Fourth Owner,120000.0,In-Line Engine
Manual,Hyundai Grand i10 Nios,2021.0,Kolkata,Petrol,Hatchback,First Owner,40000.0,1.2 Kappa petrol
Manual,Hyundai i20,2019.0,Kolkata,Petrol,Hatchback,First Owner,10000.0,Kappa VTVT Petrol Engine
Automatic,Maruti Celerio X,2019.0,Kolkata,Petrol,Hatchback,First Owner,28689.0,K10B Petrol Engine
Automatic,Mercedes-Benz E-Class,2013.0,Kolkata,Petrol,Convertibles,Third Owner,42719.0,Petrol Engine
Manual,Maruti Alto,2004.0,Kolkata,Petrol,Hatchback,First Owner,30000.0,In-Line Engine
Automatic,Tata Nexon EV Prime,2020.0,Kolkata,Electric,SUV,First Owner,53700.0,
Manual,Hyundai Creta,2016.0,Kolkata,Petrol,SUV,First Owner,69150.0,VTVT Petrol Engine
Manual,Mahindra Scorpio,2015.0,Kolkata,Diesel,SUV,First Owner,65480.0,m2DiCR Diesel Engine
Manual,Hyundai i20,2018.0,Kolkata,Petrol,Hatchback,First Owner,42411.0,Kappa VTVT Petrol Engine
Manual,Honda City,2015.0,Kolkata,Petrol,Sedan,First Owner,72000.0,i VTEC Engine
Automatic,Tata Nexon EV Prime,2020.0,Kolkata,Electric,SUV,First Owner,31100.0,
Manual,Mahindra Xylo,2015.0,Kolkata,Diesel,MUV,First Owner,66000.0,mDI CRDe Diesel Engine
Automatic,Tata Nexon EV Prime,2021.0,Kolkata,Electric,SUV,First Owner,26000.0,
Manual,Renault KWID,2019.0,Kolkata,Petrol,Hatchback,First Owner,11000.0,Petrol Engine
Manual,Honda City,2016.0,Kolkata,Petrol,Sedan,Second Owner,23000.0,i VTEC Engine
Automatic,Toyota Glanza,2021.0,Kolkata,Petrol,Hatchback,First Owner,5000.0,Petrol Engine
Manual,Hyundai Creta,2021.0,Kolkata,Petrol,SUV,First Owner,24000.0,1.5 L MPi Petrol
Automatic,Mercedes-Benz GLA Class,2017.0,Kolkata,Diesel,SUV,First Owner,61901.0,Diesel Engine
Manual,Toyota Corolla Altis,2010.0,Kolkata,Petrol,Sedan,First Owner,50000.0,DOHC Dual VVT-i Petrol En
Manual,Ford Figo,2010.0,Kolkata,Petrol,Hatchback,First Owner,41232.0,Petrol Engine
Automatic,Tata Tigor EV,2022.0,Kolkata,Electric,Sedan,First Owner,48277.0,
Automatic,Maruti Wagon R,2017.0,Kolkata,Petrol,Hatchback,First Owner,37000.0,K10B Petrol Engine
Automatic,Audi Q3,2017.0,Kolkata,Diesel,SUV,First Owner,34689.0,TDI Quattro Diesel Engine
Manual,Hyundai Creta,2019.0,Kolkata,Petrol,SUV,First Owner,32475.0,VTVT Petrol Engine
Automatic,Volvo XC40,2023.0,Kolkata,Petrol,SUV,First Owner,411.0,
Automatic,Land Rover Discovery Sport,2019.0,Kolkata,Petrol,SUV,First Owner,33004.0,2.0 Litre Petrol Engine
Automatic,Audi Q5,2010.0,Kolkata,Petrol,SUV,Second Owner,50245.0,TFSI Quattro Engine
Automatic,Mahindra XUV300,2021.0,Kolkata,Diesel,SUV,First Owner,24000.0,1.5L Turbo Diesel
Manual,Maruti Swift,2013.0,Kolkata,Diesel,Hatchback,First Owner,39000.0,DDiS Diesel Engine
Manual,Honda WR-V,2018.0,Kolkata,Diesel,SUV,First Owner,40000.0,i-DTEC Diesel Engine
Manual,Toyota Corolla Altis,2012.0,Kolkata,Diesel,Sedan,First Owner,65000.0,SOHC D-4D Diesel Engine
Manual,Maruti Ciaz,2015.0,Kolkata,Diesel,Sedan,First Owner,73000.0,DDIS 200 Engine
Manual,Hyundai Grand i10 Nios,2020.0,Kolkata,Petrol,Hatchback,First Owner,29000.0,1.2 Kappa petrol
Automatic,Renault Duster,2017.0,Kolkata,Diesel,SUV,First Owner,50000.0,dCi THP Diesel Engine
Automatic,Mercedes-Benz M-Class,2012.0,Kolkata,Diesel,SUV,First Owner,80000.0,V-Type Diesel Engine
Manual,Toyota Innova Crysta,2020.0,Kolkata,Diesel,MUV,First Owner,15000.0,2-GD FTV Engine
Manual,Toyota Fortuner,2017.0,Kolkata,Diesel,SUV,First Owner,56400.0,1-GD FTV Engine
Manual,Honda Brio,2013.0,Kolkata,Petrol,Hatchback,First Owner,61000.0,i-VTEC Engine
Manual,Jeep Compass,2018.0,Kolkata,Diesel,SUV,First Owner,28831.0,2.0-Litre 4-Cyl Multijet II Engine
Manual,Honda City,2018.0,Kolkata,Diesel,Sedan,First Owner,49000.0,i DTEC Diesel Engine
Manual,Honda City,2016.0,Kolkata,Petrol,Sedan,First Owner,27460.0,i VTEC Engine
Automatic,Maruti Baleno,2021.0,Kolkata,Petrol,Hatchback,First Owner,14000.0,1.2L VVT Engine
Manual,Honda City,2014.0,Kolkata,Petrol,Sedan,First Owner,43985.0,i VTEC Engine
Manual,Hyundai i20,2012.0,Kolkata,Petrol,Hatchback,First Owner,28322.0,In-Line Engine
Manual,Hyundai Creta,2022.0,Kolkata,Diesel,SUV,First Owner,12000.0,1.5 L U2 CRDi Diesel
Manual,Maruti Ignis,2022.0,Kolkata,Petrol,Hatchback,First Owner,15000.0,VVT
Manual,Ford Aspire,2017.0,Kolkata,Petrol,Sedan,Second Owner,71762.0,Ti-VCT Petrol Engine
Manual,Mahindra TUV 300,2017.0,Kolkata,Diesel,SUV,First Owner,75000.0,mHawk 100 Diesel Engine
Automatic,Maruti Ciaz,2017.0,Kolkata,Petrol,Sedan,First Owner,79000.0,k14B VVT Engine
Manual,Honda City,2016.0,Kolkata,Petrol,Sedan,First Owner,38734.0,i VTEC Engine
Manual,Maruti Celerio,2022.0,Kolkata,Petrol,Hatchback,First Owner,22000.0,K10C
Automatic,Volkswagen Vento,2017.0,Kolkata,Petrol,Sedan,First Owner,54000.0,TSI Petrol Engine
Manual,Renault Duster,2016.0,Kolkata,Diesel,SUV,First Owner,50000.0,dCi THP Diesel Engine
Manual,Honda BR-V,2016.0,Kolkata,Diesel,SUV,First Owner,68000.0,i DTEC Diesel Engine
Automatic,Volkswagen Vento,2017.0,Kolkata,Petrol,Sedan,First Owner,54000.0,TSI Petrol Engine
Manual,Hyundai i20,2019.0,Kolkata,Petrol,Hatchback,First Owner,32337.0,Kappa VTVT Petrol Engine
Manual,Maruti Ertiga,2019.0,Kolkata,Petrol,MUV,First Owner,21873.0,K15 Smart Hybrid
Manual,Renault KWID,2020.0,Kolkata,Petrol,Hatchback,First Owner,17330.0,Petrol Engine
Manual,Honda Amaze,2020.0,Kolkata,Petrol,Sedan,First Owner,28316.0,i-VTEC Petrol Engine
Automatic,Honda City,2021.0,Kolkata,Petrol,Sedan,First Owner,19000.0,i VTEC Engine
Automatic,Hyundai Venue,2021.0,Kolkata,Petrol,SUV,First Owner,22000.0,Kappa 1.0 L Turbo GDi Petrol
Manual,Maruti Vitara Brezza,2019.0,Kolkata,Diesel,SUV,First Owner,49000.0,DDiS 200 Diesel Engine
Manual,Maruti Ertiga,2017.0,Kolkata,Diesel,MUV,First Owner,48000.0,D13A SHVS Engine
Manual,Ford Ecosport,2015.0,Kolkata,Petrol,SUV,First Owner,65000.0,Ti-VCT Petrol Engine
Manual,Hyundai Creta,2018.0,Kolkata,Petrol,SUV,First Owner,51000.0,VTVT Petrol Engine
Automatic,Honda City,2020.0,Kolkata,Petrol,Sedan,First Owner,32000.0,i VTEC Engine
Manual,Toyota Corolla Altis,2014.0,Kolkata,Petrol,Sedan,First Owner,34000.0,2ZR-FE Petrol Engine
Manual,Maruti Ciaz,2017.0,Kolkata,Diesel,Sedan,First Owner,65000.0,DDIS 200 Engine
Manual,Maruti Ciaz,2015.0,Kolkata,Petrol,Sedan,First Owner,51000.0,K15 Smart Hybrid Petrol Engine
Manual,Toyota Urban cruiser,2022.0,Kolkata,Petrol,SUV,First Owner,17000.0,k-series1.5l
Manual,Renault KWID,2019.0,Kolkata,Petrol,Hatchback,First Owner,6971.0,Petrol Engine
Manual,Toyota Glanza,2023.0,Kolkata,Petrol,Hatchback,First Owner,3000.0,1.2 L Petrol Engine
Manual,Maruti Alto 800,2018.0,Kolkata,Petrol,Hatchback,First Owner,27447.0,F8D Petrol Engine
Manual,Maruti Swift Dzire,2018.0,Kolkata,Petrol,Sedan,First Owner,22008.0,K Series VVT Engine
Manual,Hyundai Alcazar,2021.0,Kolkata,Petrol,SUV,First Owner,9000.0,2.0 l petrol MPi engine
Manual,Hyundai Verna,2015.0,Kolkata,Petrol,Sedan,First Owner,44000.0,VTVT Petrol Engine
Automatic,Hyundai Creta,2016.0,Kolkata,Petrol,SUV,First Owner,46000.0,VTVT Petrol Engine
Manual,Ford Ecosport,2018.0,Kolkata,Diesel,SUV,First Owner,60000.0,TDCi Diesel Engine
Automatic,Toyota Yaris,2018.0,Kolkata,Petrol,Sedan,First Owner,37000.0,1.5 Dual VVT-i Engine
Automatic,Audi Q5,2017.0,Kolkata,Diesel,SUV,First Owner,40000.0,TDI Quattro Engine 
Manual,Maruti Baleno,2020.0,Kolkata,Petrol,Hatchback,First Owner,9000.0,VVT Petrol Engine
Manual,Hyundai Creta,2016.0,Kolkata,Petrol,SUV,First Owner,52000.0,VTVT Petrol Engine
Manual,Maruti Baleno,2017.0,Kolkata,Petrol,Hatchback,First Owner,30400.0,VVT Petrol Engine
Automatic,Hyundai Venue,2021.0,Kolkata,Petrol,SUV,First Owner,29000.0,Kappa 1.0 L Turbo GDi Petrol
Automatic,Mercedes-Benz E-Class,2020.0,Kolkata,Diesel,Sedan,First Owner,20000.0,CDI In-line Engine
Automatic,Honda City,2020.0,Kolkata,Petrol,Sedan,First Owner,32000.0,Water Cooled Inline i-VTEC DOHC with VTC
Manual,Hyundai Grand i10,2014.0,Kolkata,Petrol,Hatchback,First Owner,45000.0,Kappa VTVT Petrol Engine
Automatic,Ford Endeavour,2018.0,Kolkata,Diesel,SUV,First Owner,84000.0,Diesel Engine
Manual,Honda City,2014.0,Kolkata,Diesel,Sedan,First Owner,48000.0,i DTEC Diesel Engine 
Manual,Honda Amaze,2016.0,Kolkata,Petrol,Sedan,First Owner,49000.0,i-VTEC Petrol Engine
Manual,Toyota Corolla Altis,2010.0,Kolkata,Petrol,Sedan,First Owner,70000.0,DOHC Dual VVT-i Petrol En
Manual,Hyundai Verna,2012.0,Kolkata,Diesel,Sedan,First Owner,65000.0,Diesel Engine
Automatic,Tata Nexon,2019.0,Kolkata,Diesel,SUV,First Owner,58000.0,"Revotorq, 1.5L Turbocharged engine"
Manual,Maruti Baleno,2018.0,Kolkata,Diesel,Hatchback,First Owner,64000.0,DDiS Diesel Engine
Automatic,Mercedes-Benz GLA Class,2016.0,Kolkata,Petrol,SUV,First Owner,35000.0, Petrol Engine
Manual,Honda Amaze,2016.0,Kolkata,Petrol,Sedan,First Owner,50000.0,i-VTEC Petrol Engine
Manual,Hyundai Grand i10,2018.0,Kolkata,Petrol,Hatchback,First Owner,12000.0,Kappa VTVT Petrol Engine
Manual,Maruti Swift Dzire,2016.0,Kolkata,Petrol,Sedan,First Owner,50000.0,K Series VVT Engine
Manual,Renault Duster,2016.0,Kolkata,Diesel,SUV,First Owner,58000.0,dCi THP Diesel Engine
Automatic,Audi A4,2012.0,Kolkata,Diesel,Sedan,Second Owner,50000.0,In Line Engine
Manual,Maruti Alto 800,2020.0,Kolkata,Petrol,Hatchback,First Owner,16000.0,F8D Petrol Engine
Manual,Volkswagen Polo,2010.0,Kolkata,Petrol,Hatchback,Second Owner,75000.0,In-Line Petrol Engine
Manual,Ford Fiesta,2010.0,Kolkata,Petrol,Sedan,First Owner,28000.0,
Manual,Hyundai Creta,2018.0,Kolkata,Petrol,SUV,First Owner,55000.0,VTVT Petrol Engine
Manual,Maruti Baleno,2018.0,Kolkata,Diesel,Hatchback,First Owner,54000.0,DDiS Diesel Engine
Manual,Honda Jazz,2016.0,Kolkata,Petrol,Hatchback,First Owner,55000.0,i-VTEC Petrol Engine
Automatic,Hyundai Venue,2021.0,Kolkata,Petrol,SUV,First Owner,29000.0,Kappa 1.0 L Turbo GDi Petrol
Manual,Hyundai Verna,2015.0,Kolkata,Petrol,Sedan,First Owner,48000.0,VTVT Petrol Engine
Manual,Honda Mobilio,2014.0,Kolkata,Petrol,MUV,First Owner,45000.0,i-VTEC Engine
Manual,Tata Nexon,2021.0,Kolkata,Petrol,SUV,First Owner,21000.0,1.2l Turbocharged Revotron Engine
Manual,Hyundai Verna,2013.0,Kolkata,Petrol,Sedan,First Owner,52000.0,VTVT Petrol Engine
Manual,Hyundai Xcent,2019.0,Kolkata,Petrol,Sedan,First Owner,39000.0,1.2L Kappa Dual VTVT Petrol
Manual,Honda Mobilio,2014.0,Kolkata,Petrol,MUV,First Owner,55000.0,i-VTEC Engine
Manual,Toyota Innova Crysta,2017.0,Kolkata,Diesel,MUV,First Owner,53000.0,2-GD FTV Engine
Manual,Hyundai Venue,2022.0,Kolkata,Petrol,SUV,First Owner,9000.0,1.2 Kappa Petrol
Manual,Kia Seltos,2020.0,Kolkata,Petrol,SUV,First Owner,23000.0,Smartstream G1.4
Manual,Volkswagen Polo,2010.0,Kolkata,Petrol,Hatchback,First Owner,65000.0,In-Line Petrol Engine
Manual,Hyundai i10,2016.0,Kolkata,Petrol,Hatchback,First Owner,45000.0,IRDE2 Engine
Automatic,Maruti Ciaz,2017.0,Kolkata,Diesel,Sedan,First Owner,55000.0,DDIS 200 Engine
Manual,Hyundai Grand i10,2019.0,Kolkata,Petrol,Hatchback,First Owner,26000.0,Kappa VTVT Petrol Engine
Automatic,Skoda Rapid,2016.0,Kolkata,Petrol,Sedan,First Owner,54000.0,Petrol Engine
Manual,Hyundai Verna,2015.0,Kolkata,Petrol,Sedan,First Owner,41000.0,VTVT Petrol Engine
Automatic,Jeep Compass,2021.0,Kolkata,Diesel,SUV,First Owner,29000.0,2.0L Multijet Diesel
Automatic,BMW 3 Series,2018.0,Kolkata,Diesel,Sedan,First Owner,23000.0,Diesel Engine 
Manual,Honda Jazz,2012.0,Kolkata,Petrol,Hatchback,First Owner,39000.0,SOHC i-VTEC
Manual,Hyundai Verna,2019.0,Kolkata,Petrol,Sedan,First Owner,34000.0,VTVT Petrol Engine
Automatic,Toyota Camry,2015.0,Kolkata,Petrol,Sedan,First Owner,75000.0,2AR-FE Petrol Engine
Manual,Hyundai Grand i10 Nios,2020.0,Kolkata,Petrol,Hatchback,First Owner,12000.0,1.2 Kappa petrol
Manual,Mahindra XUV500,2018.0,Kolkata,Diesel,SUV,First Owner,51000.0,mHawk Diesel Engine
Manual,Honda Brio,2018.0,Kolkata,Petrol,Hatchback,First Owner,46000.0,i-VTEC Engine
Automatic,BMW 3 Series,2013.0,Kolkata,Diesel,Sedan,First Owner,39000.0,Diesel Engine
Manual,Hyundai Verna,2015.0,Kolkata,Petrol,Sedan,First Owner,45000.0,VTVT Petrol Engine
Automatic,Mahindra Scorpio N,2023.0,Kolkata,Diesel,SUV,First Owner,2000.0,mHawk
Manual,Honda City,2017.0,Kolkata,Petrol,Sedan,First Owner,47000.0,i VTEC Engine
Automatic,Hyundai Creta,2020.0,Kolkata,Petrol,SUV,First Owner,55000.0,1.5 L MPi Petrol
Manual,Renault KWID,2022.0,Kolkata,Petrol,Hatchback,First Owner,5000.0,Petrol Engine
Manual,Maruti Alto 800,2021.0,Kolkata,Petrol,Hatchback,First Owner,5000.0,F8D Petrol Engine
Automatic,Audi Q3,2018.0,Kolkata,Petrol,SUV,First Owner,32000.0,TFSI Petrol Engine
Manual,Kia Carens,2022.0,Kolkata,Petrol,MUV,First Owner,20000.0,Smartstream G1.5
Manual,Kia Carens,2022.0,Kolkata,Petrol,MUV,First Owner,20000.0,Smartstream G1.5
Manual,Renault Scala,2013.0,Kolkata,Petrol,Sedan,First Owner,61000.0,XH2 Petrol Engine
Manual,Jeep Compass,2019.0,Kolkata,Petrol,SUV,Second Owner,14000.0,1.4-Litre 4-Cyl Multiair Engine
Automatic,Audi Q3,2015.0,Kolkata,Diesel,SUV,First Owner,45000.0,TDI Diesel Engine
Manual,Hyundai Verna,2016.0,Kolkata,Petrol,Sedan,First Owner,38247.0,VTVT Petrol Engine
Manual,Honda Amaze,2015.0,Kolkata,Petrol,Sedan,Second Owner,41754.0,i-VTEC Petrol Engine
Manual,Mahindra Scorpio,2003.0,Kolkata,Diesel,SUV,First Owner,52000.0,In-Line Engine
Manual,Honda Jazz,2010.0,Kolkata,Petrol,Hatchback,Second Owner,58000.0,SOHC i-VTEC
Manual,Ford Figo,2015.0,Kolkata,Diesel,Hatchback,First Owner,75000.0,TDCi Diesel Engine
Manual,Ford Ecosport,2014.0,Kolkata,Diesel,SUV,First Owner,72561.0,TDCi Diesel Engine
Manual,Hyundai i10,2009.0,Kolkata,Petrol,Hatchback,Third Owner,53562.0,Kappa Petrol Engine
Manual,Hyundai Grand i10,2019.0,Kolkata,Petrol,Hatchback,First Owner,32190.0,Kappa VTVT Petrol Engine
Manual,Maruti Alto 800,2013.0,Kolkata,Petrol,Hatchback,First Owner,20000.0,F8D Petrol Engine
Manual,Maruti Ritz,2009.0,Kolkata,Petrol,Hatchback,First Owner,50000.0,K Series Petrol Engine 
Manual,Renault Kiger,2022.0,Kolkata,Petrol,SUV,First Owner,20000.0,1.0L energy
Manual,Maruti Wagon R,2007.0,Kolkata,Petrol,Hatchback,First Owner,20000.0,FC Petrol Engine
Manual,Renault Kiger,2022.0,Kolkata,Petrol,SUV,First Owner,30000.0,1.0L energy
Manual,Maruti Alto,2005.0,Kolkata,Petrol,Hatchback,Second Owner,40000.0,In-Line Engine
Manual,Renault KWID,2018.0,Kolkata,Petrol,Hatchback,First Owner,120000.0,Petrol Engine
Manual,Volkswagen Polo,2013.0,Kolkata,Petrol,Hatchback,First Owner,60000.0,In-Line Petrol Engine
Manual,Ford Figo,2013.0,Kolkata,Petrol,Hatchback,Second Owner,60000.0,Duratec Petrol Engine
Manual,Fiat Grande Punto,2010.0,Kolkata,Petrol,Hatchback,First Owner,30000.0,Petrol
Manual,Fiat Grande Punto,2011.0,Kolkata,Petrol,Hatchback,First Owner,24000.0,Petrol
Manual,Maruti Alto,2009.0,Kolkata,Petrol,Hatchback,First Owner,40000.0,In-Line Engine
Manual,Maruti Swift,2013.0,Kolkata,Petrol,Hatchback,First Owner,60000.0,K Series Petrol Engine
Manual,Hyundai Xcent Prime,2019.0,Kolkata,CNG,Sedan,First Owner,30000.0,1.2 Kapa dual VTVT bi-fuel
Manual,Honda City,2008.0,Kolkata,Petrol,Sedan,Second Owner,84000.0,In-Line Engine
Manual,Maruti Alto 800,2018.0,Kolkata,Petrol,Hatchback,First Owner,151000.0,F8D Petrol Engine
Manual,Maruti Wagon R,2021.0,Kolkata,Petrol,Hatchback,First Owner,7000.0,K10B Petrol Engine
Manual,Hyundai i20,2010.0,Kolkata,Petrol,Hatchback,First Owner,20000.0,In-Line Engine
Manual,Maruti Swift,2014.0,Kolkata,Petrol,Hatchback,First Owner,20000.0,VTVT Engine
Manual,Tata Nexon,2018.0,Kolkata,Diesel,SUV,First Owner,50000.0,"Revotorq, 1.5L Turbocharged engine"
Manual,Hyundai Santro Xing,2009.0,Kolkata,Petrol,Hatchback,First Owner,50000.0,Petrol Engine 
Manual,Hyundai i20,2015.0,Kolkata,Diesel,Hatchback,First Owner,80000.0,U2 CRDI Diesel Engine 
Manual,Maruti Zen Estilo,2011.0,Kolkata,Petrol,Hatchback,First Owner,50000.0,K Series Petrol Engine
Automatic,Tata Nexon,2022.0,Kolkata,Petrol,SUV,First Owner,10000.0,1.2l Turbocharged Revotron Engine
Manual,Tata Nexon,2019.0,Kolkata,Petrol,SUV,First Owner,70000.0,Revotron 1.2L Turbocharged engine
Manual,Honda Amaze,2018.0,Kolkata,Petrol,Sedan,First Owner,30000.0,i-VTEC Petrol Engine
Manual,Maruti Ritz,2010.0,Kolkata,Petrol,Hatchback,Third Owner,80000.0,K Series Petrol Engine
Manual,Maruti Baleno,2019.0,Kolkata,Diesel,Hatchback,First Owner,80000.0,DDiS Diesel Engine
Automatic,Maruti Ciaz,2017.0,Kolkata,Petrol,Sedan,First Owner,40000.0,k14B VVT Engine
Manual,Maruti Swift,2021.0,Kolkata,Petrol,Hatchback,First Owner,10000.0,VTVT Engine
Manual,Maruti Swift,2021.0,Kolkata,Petrol,Hatchback,First Owner,10000.0,VTVT Engine
Manual,Maruti Alto 800,2014.0,Kolkata,Petrol,Hatchback,First Owner,30000.0,F8D Petrol Engine
Manual,Tata Tiago,2018.0,Kolkata,Petrol,Hatchback,First Owner,20000.0,Revotron Engine
Automatic,Kia Sonet,2023.0,Kolkata,Petrol,SUV,First Owner,10000.0,Smartstream G1.0 T - GDi
Automatic,Kia Seltos,2022.0,Kolkata,Petrol,SUV,First Owner,10000.0,Smartstream G1.4
Manual,Tata Tiago NRG,2019.0,Kolkata,Petrol,Hatchback,First Owner,20000.0,Revotron 1.2 l
Manual,Honda Amaze,2019.0,Kolkata,Petrol,Sedan,First Owner,30000.0,i-VTEC Petrol Engine
Manual,Hyundai i20,2010.0,Kolkata,Petrol,Hatchback,Second Owner,30000.0,In-Line Engine
Manual,Maruti Alto 800,2015.0,Kolkata,Petrol,Hatchback,First Owner,40000.0,F8D Petrol Engine
Manual,Hyundai Creta,2019.0,Kolkata,Petrol,SUV,First Owner,20000.0,VTVT Petrol Engine
Manual,Maruti Swift Dzire,2019.0,Kolkata,Petrol,Sedan,First Owner,40000.0,K Series VVT Engine
Manual,Maruti Swift Dzire,2019.0,Kolkata,Petrol,Sedan,First Owner,40000.0,K Series VVT Engine
Manual,Honda Amaze,2015.0,Kolkata,Petrol,Sedan,Second Owner,70000.0,i-VTEC Petrol Engine
Manual,Honda City,2023.0,Kolkata,Petrol,Sedan,First Owner,20000.0,i-VTEC
Manual,Hyundai i10,2010.0,Kolkata,Petrol,Hatchback,First Owner,120000.0,DOHC Engine
Manual,Volkswagen Polo,2011.0,Kolkata,Petrol,Hatchback,Second Owner,150000.0,In-Line Engine
Manual,Hyundai i10,2011.0,Kolkata,Petrol,Hatchback,First Owner,38000.0,DOHC Kappa2 Engine
Manual,Tata Nexon,2022.0,Kolkata,Petrol,SUV,First Owner,20000.0,1.2l Turbocharged Revotron Engine
Manual,Hyundai EON,2012.0,Kolkata,Petrol,Hatchback,First Owner,30000.0,Petrol Engine
Manual,Maruti Wagon R,2015.0,Kolkata,Petrol,Hatchback,First Owner,50000.0,K10B Petrol Engine
Manual,Maruti Swift Dzire,2010.0,Kolkata,Petrol,Sedan,First Owner,60000.0,In-Line Engine
Manual,Maruti 800,2002.0,Kolkata,Petrol,Hatchback,Third Owner,30000.0,Hi-Tech Petrol Engine
Manual,Honda City,2013.0,Kolkata,Petrol,Sedan,First Owner,60000.0,SOHC i-VTEC
Manual,Volkswagen Polo,2015.0,Kolkata,Petrol,Hatchback,First Owner,70000.0,MPI Petrol Engine
Manual,Hyundai Santro Xing,2009.0,Kolkata,Petrol,Hatchback,First Owner,30000.0,In-Line Engine
Manual,Maruti Celerio,2022.0,Kolkata,Petrol,Hatchback,First Owner,10000.0,K10C
Manual,Maruti Alto 800,2014.0,Kolkata,Petrol,Hatchback,First Owner,120000.0,F8D Petrol Engine
Automatic,Mercedes-Benz C-Class,2011.0,Kolkata,Petrol,Sedan,Third Owner,50000.0,Blue Efficiency Engine
Manual,Maruti Ritz,2012.0,Kolkata,Petrol,Hatchback,First Owner,40000.0,K Series Petrol Engine
Manual,Renault Duster,2017.0,Kolkata,Diesel,SUV,Second Owner,120000.0,dCi THP Diesel Engine
